station,doy,years,n_fl,fl_p10,fl_p25,fl_p50,fl_p75,fl_p90,n_pw,pw_p10,pw_p25,pw_p50,pw_p75,pw_p90,n_ivt,ivt_p10,ivt_p25,ivt_p50,ivt_p75,ivt_p90,ar_pct
KUIL,1,30,876,184,2550,3951,6327,8501,869,6.8,9.3,12.4,16.6,20.8,869,31,57,114,209,347,18.6
KUIL,2,30,878,321,2548,4094,6309,8409,870,6.9,9.4,12.7,16.8,20.9,870,32,58,118,219,346,19.8
KUIL,3,30,880,432,2541,4124,6302,8332,873,6.8,9.3,12.8,16.9,20.8,873,32,59,118,220,344,20.0
KUIL,4,30,884,184,2493,4148,6247,8328,878,6.7,9.1,12.9,16.9,21.0,878,30,57,118,222,342,19.8
KUIL,5,30,886,184,2474,4148,6304,8418,881,6.6,9.1,12.9,16.9,20.9,881,30,56,117,225,344,20.1
KUIL,6,30,888,184,2438,4168,6240,8407,884,6.6,9.0,12.9,17.2,21.0,884,30,55,117,229,342,20.8
KUIL,7,30,890,184,2402,4206,6305,8570,885,6.6,9.0,12.9,17.0,21.1,885,29,52,117,228,344,20.8
KUIL,8,30,892,184,2371,4204,6366,8693,887,6.6,9.0,12.9,17.0,21.2,887,28,54,117,231,347,21.4
KUIL,9,30,896,184,2381,4196,6355,8637,890,6.6,8.9,12.8,17.2,21.3,890,27,55,117,230,351,21.3
KUIL,10,30,896,184,2387,4168,6247,8589,890,6.6,8.9,12.8,17.2,21.5,890,27,55,117,229,357,21.6
KUIL,11,30,897,184,2431,4232,6364,8908,891,6.7,9.1,13.0,17.3,21.5,891,29,56,121,234,362,22.2
KUIL,12,30,896,184,2510,4327,6366,9049,891,6.7,9.2,13.2,17.3,21.4,891,30,58,123,234,360,22.4
KUIL,13,30,895,280,2580,4327,6490,9056,891,6.9,9.3,13.1,17.2,21.2,891,30,60,123,231,357,21.8
KUIL,14,30,892,472,2646,4357,6558,9040,887,6.9,9.3,13.1,17.1,21.0,887,29,58,122,227,357,21.5
KUIL,15,30,890,628,2658,4289,6559,8899,883,6.9,9.3,12.9,16.9,20.8,883,28,58,119,222,350,20.7
KUIL,16,30,888,509,2658,4277,6771,8908,881,6.8,9.2,12.7,16.9,21.0,881,27,56,116,223,359,21.3
KUIL,17,30,888,298,2661,4238,6800,9020,881,6.8,9.2,12.6,16.7,21.0,881,27,56,112,215,359,20.4
KUIL,18,30,888,359,2689,4263,6909,9167,881,6.9,9.2,12.6,16.7,21.0,881,27,55,111,211,356,19.9
KUIL,19,30,887,413,2676,4216,6968,9286,880,6.9,9.3,12.5,16.6,20.8,880,28,55,109,204,356,19.5
KUIL,20,30,883,560,2658,4180,6943,9296,876,7.0,9.3,12.5,16.4,20.6,876,28,55,107,203,351,19.1
KUIL,21,30,882,663,2676,4183,7047,9327,874,7.0,9.3,12.5,16.2,20.3,874,27,55,109,203,351,18.5
KUIL,22,30,881,518,2702,4219,7074,9291,873,7.0,9.4,12.6,16.3,20.4,873,28,58,111,204,358,19.5
KUIL,23,30,880,888,2772,4289,7133,9284,872,7.1,9.6,12.6,16.4,20.7,872,29,59,112,204,369,19.6
KUIL,24,30,880,939,2769,4289,7174,9284,873,7.3,9.7,12.7,16.4,20.7,873,30,62,114,204,369,19.2
KUIL,25,30,879,1306,2776,4274,7100,9206,872,7.3,9.8,12.7,16.3,20.5,872,30,62,114,203,364,18.9
KUIL,26,30,877,1330,2800,4211,6994,8960,870,7.3,9.8,12.6,16.1,20.3,870,29,62,113,202,351,18.3
KUIL,27,30,877,1387,2804,4199,7060,9000,870,7.2,9.6,12.6,16.0,20.2,870,27,58,109,195,332,17.2
KUIL,28,30,874,1321,2784,4283,7127,9012,867,7.1,9.6,12.6,16.6,20.4,867,28,58,109,200,337,17.8
KUIL,29,30,874,966,2766,4343,7121,9041,868,7.1,9.5,12.6,16.6,20.6,868,27,59,111,204,336,18.3
KUIL,30,30,871,828,2755,4418,7172,9047,867,7.1,9.5,12.7,16.7,20.6,867,28,58,114,207,352,18.8
KUIL,31,30,870,776,2756,4436,7189,9103,867,7.1,9.5,12.7,16.6,20.3,867,28,58,114,207,323,18.0
KUIL,32,30,867,521,2722,4418,7172,9109,865,7.1,9.4,12.6,16.6,20.4,865,28,57,115,205,318,18.0
KUIL,33,30,865,477,2729,4408,7137,9078,863,7.1,9.3,12.5,16.5,20.3,863,27,56,111,203,314,17.6
KUIL,34,30,865,444,2765,4478,7133,9040,863,7.1,9.2,12.5,16.5,20.3,863,28,57,112,203,313,17.4
KUIL,35,30,869,758,2791,4580,7152,9048,867,7.2,9.3,12.5,16.3,20.4,867,28,58,115,200,304,16.8
KUIL,36,30,870,794,2815,4539,7130,9051,869,7.2,9.4,12.5,16.4,20.4,869,28,57,113,201,312,17.1
KUIL,37,30,871,801,2802,4418,7017,9059,871,7.2,9.3,12.4,16.1,20.1,871,28,54,111,195,299,16.0
KUIL,38,30,872,556,2776,4317,6879,9043,872,7.2,9.2,12.3,15.9,20.1,872,28,53,111,200,297,15.8
KUIL,39,30,868,491,2769,4262,6879,9008,868,7.1,9.2,12.3,16.0,20.1,868,28,51,110,203,299,16.4
KUIL,40,30,869,463,2770,4222,6878,9057,869,7.0,9.2,12.1,15.9,20.0,869,28,50,108,201,298,16.1
KUIL,41,30,867,450,2762,4206,6859,9059,867,7.1,9.2,12.0,15.9,20.0,867,28,51,108,198,298,15.9
KUIL,42,30,864,359,2732,4070,6623,9050,864,7.0,9.2,11.9,15.7,19.9,864,28,50,108,199,300,15.7
KUIL,43,30,866,327,2649,3946,6414,8921,866,7.0,9.1,11.7,15.5,19.8,866,28,49,106,190,298,15.2
KUIL,44,30,868,275,2611,3797,6123,8644,868,6.9,9.0,11.5,15.1,19.1,868,27,47,103,186,295,14.2
KUIL,45,30,872,250,2572,3698,5912,8559,872,6.8,8.9,11.3,14.8,18.7,872,27,46,99,174,284,13.4
KUIL,46,30,873,207,2544,3658,5715,8463,872,6.6,8.8,11.2,14.7,18.6,872,27,46,96,169,284,13.0
KUIL,47,30,872,332,2536,3599,5656,8434,871,6.6,8.6,11.2,14.6,18.1,871,27,46,96,168,282,12.2
KUIL,48,30,873,412,2484,3529,5438,8435,872,6.4,8.6,11.1,14.6,17.9,872,27,45,96,168,282,12.3
KUIL,49,30,872,310,2457,3456,5332,8350,871,6.4,8.5,11.1,14.5,17.8,871,26,45,94,168,275,12.2
KUIL,50,30,870,184,2412,3440,5211,7980,868,6.1,8.4,10.9,14.5,17.8,868,26,43,90,160,274,12.0
KUIL,51,30,870,184,2336,3406,5233,7868,867,6.0,8.3,10.7,14.3,17.8,867,25,42,87,157,261,10.6
KUIL,52,30,870,184,2324,3412,5271,7819,866,5.9,8.3,10.7,14.2,17.7,866,25,42,86,154,253,10.0
KUIL,53,30,823,184,2303,3406,5262,7774,819,5.6,8.2,10.7,14.1,17.5,819,25,41,84,152,247,9.5
KUIL,54,30,827,184,2293,3405,5267,7586,823,5.6,8.2,10.7,14.0,17.4,823,25,42,84,152,246,9.2
KUIL,55,30,829,184,2301,3373,5217,7327,825,5.7,8.2,10.8,14.2,17.6,825,25,43,86,157,260,10.2
KUIL,56,30,833,184,2297,3360,5217,7305,829,5.7,8.3,10.9,14.3,17.7,829,25,43,85,158,261,10.1
KUIL,57,30,835,184,2280,3364,5200,7234,831,6.1,8.3,10.8,14.2,17.7,831,25,44,85,157,261,10.1
KUIL,58,30,836,184,2288,3374,5226,7146,832,6.3,8.3,10.9,14.3,17.8,832,25,44,85,158,264,10.3
KUIL,59,30,837,184,2265,3367,5306,7247,833,6.3,8.3,10.8,14.3,17.8,833,25,44,84,157,263,10.3
KUIL,60,30,838,184,2264,3370,5317,7330,834,6.3,8.3,10.9,14.5,17.8,834,25,43,83,157,251,10.0
KUIL,61,30,840,184,2264,3393,5436,7662,836,6.4,8.4,10.9,14.5,17.8,836,25,42,83,156,247,9.6
KUIL,62,30,844,184,2264,3455,5537,7922,840,6.5,8.4,11.0,14.7,18.0,840,24,42,83,159,266,10.6
KUIL,63,30,844,184,2301,3596,5604,7922,840,6.6,8.4,11.1,14.7,18.1,840,23,43,85,166,269,11.1
KUIL,64,30,844,184,2360,3647,5687,7922,840,6.7,8.5,11.2,14.8,18.1,840,23,44,88,167,279,11.4
KUIL,65,30,844,184,2422,3666,5730,8020,841,6.9,8.7,11.3,15.0,18.5,841,24,45,90,175,288,12.6
KUIL,66,30,842,730,2464,3675,5833,8117,840,7.0,8.8,11.4,15.0,18.7,840,25,47,92,181,296,13.7
KUIL,67,30,842,1355,2518,3682,5962,8212,841,7.2,8.9,11.5,15.1,18.8,841,25,48,98,187,305,15.0
KUIL,68,30,888,1362,2537,3675,5938,8172,887,7.2,8.9,11.5,15.2,18.8,887,26,49,99,187,306,14.9
KUIL,69,30,888,1475,2542,3668,5889,8158,887,7.3,9.0,11.5,15.2,18.8,887,26,50,99,184,299,14.8
KUIL,70,30,888,1505,2542,3656,5874,8206,887,7.3,9.0,11.4,15.1,18.8,887,26,49,97,181,284,13.5
KUIL,71,30,887,1535,2562,3655,5919,8281,886,7.4,8.9,11.4,15.1,18.9,886,25,48,96,178,282,13.5
KUIL,72,30,887,1573,2577,3665,5989,8322,886,7.3,9.0,11.4,15.2,19.0,886,26,48,96,178,284,13.9
KUIL,73,30,885,1728,2645,3694,6086,8424,883,7.4,9.1,11.5,15.2,19.0,883,26,49,97,180,290,13.9
KUIL,74,30,883,1862,2703,3780,6165,8434,880,7.6,9.2,11.6,15.3,19.0,880,27,51,100,181,296,14.2
KUIL,75,30,880,1962,2762,3870,6268,8405,877,7.6,9.3,11.7,15.4,19.2,877,28,53,102,184,294,14.9
KUIL,76,30,879,1982,2781,3904,6097,8268,877,7.7,9.3,11.7,15.2,19.0,877,29,54,101,184,297,15.2
KUIL,77,30,878,2066,2815,3919,6014,8091,876,7.8,9.4,11.7,15.2,18.9,876,30,54,100,181,288,14.7
KUIL,78,30,880,2092,2815,3862,5953,8005,878,7.8,9.4,11.7,15.0,18.8,878,29,53,97,179,286,14.0
KUIL,79,30,881,2110,2806,3839,5828,7990,879,7.8,9.4,11.7,15.0,18.8,879,29,52,94,176,281,13.8
KUIL,80,30,883,2096,2817,3770,5735,7909,881,7.9,9.5,11.7,14.9,18.5,881,29,52,93,168,276,12.7
KUIL,81,30,884,2106,2826,3764,5479,7662,882,7.8,9.4,11.7,14.9,18.4,882,28,52,92,166,274,12.4
KUIL,82,30,884,2112,2830,3770,5388,7550,881,7.8,9.3,11.7,14.9,18.2,881,28,52,92,168,268,11.8
KUIL,83,30,885,2133,2841,3839,5471,7671,882,7.8,9.3,11.8,14.9,18.2,882,27,52,92,167,267,12.2
KUIL,84,30,883,2170,2858,3886,5569,7871,880,7.8,9.3,11.8,14.9,18.2,880,26,50,91,165,266,11.9
KUIL,85,30,882,2175,2902,3947,5605,7974,879,7.8,9.4,11.9,15.0,18.3,879,25,50,90,166,268,12.5
KUIL,86,30,882,2161,2887,3926,5539,8004,879,7.9,9.4,11.9,15.0,17.8,879,26,51,90,163,264,11.8
KUIL,87,30,884,2166,2860,3924,5500,8003,881,7.9,9.5,11.9,15.0,17.8,881,27,50,91,160,263,11.5
KUIL,88,30,887,2149,2854,3914,5462,7983,885,7.9,9.4,11.9,14.9,17.7,885,27,50,90,155,259,10.8
KUIL,89,30,889,2201,2872,3862,5441,7920,888,8.0,9.5,11.8,14.9,17.8,888,27,50,89,154,261,11.0
KUIL,90,30,892,2216,2858,3875,5404,7919,891,8.1,9.5,11.8,15.1,17.8,891,26,50,89,154,263,11.2
KUIL,91,30,891,2271,2911,3892,5479,8231,890,8.1,9.6,11.9,15.2,18.2,890,26,50,90,156,264,11.9
KUIL,92,30,892,2263,2913,3916,5538,8427,891,8.1,9.6,11.9,15.3,18.2,891,27,50,90,156,264,12.0
KUIL,93,30,891,2271,2956,3984,5610,8639,890,8.1,9.6,11.9,15.5,18.3,890,26,51,91,154,264,12.0
KUIL,94,30,892,2296,2977,4025,5797,8716,890,8.1,9.6,12.0,15.5,18.3,890,27,51,90,154,264,11.8
KUIL,95,30,892,2343,3034,4123,5867,8737,889,8.1,9.6,12.1,15.5,18.3,889,26,50,91,157,264,11.9
KUIL,96,30,892,2377,3035,4155,6013,8806,888,8.2,9.7,12.1,15.6,18.4,888,27,50,91,153,262,11.4
KUIL,97,30,889,2395,3051,4160,6012,8720,886,8.2,9.7,12.1,15.6,18.5,886,28,50,91,152,262,11.4
KUIL,98,30,887,2394,3057,4147,5840,8693,884,8.2,9.7,12.0,15.5,18.4,884,29,50,89,148,258,10.9
KUIL,99,30,889,2397,3053,4114,5768,8619,886,8.2,9.7,12.0,15.5,18.3,886,29,50,89,149,256,10.6
KUIL,100,30,889,2464,3113,4170,5802,8527,885,8.2,9.7,12.0,15.4,18.3,885,29,52,89,147,255,10.5
KUIL,101,30,890,2514,3153,4198,5810,8527,886,8.2,9.8,12.1,15.5,18.5,886,29,52,91,149,258,10.8
KUIL,102,30,889,2618,3213,4250,5840,8612,884,8.4,9.9,12.2,15.6,18.9,884,29,51,89,150,257,10.9
KUIL,103,30,888,2657,3250,4306,5965,8803,883,8.4,9.9,12.2,15.6,18.9,883,28,50,89,150,258,11.0
KUIL,104,30,888,2696,3310,4373,6100,8885,883,8.4,10.0,12.4,15.7,18.9,883,28,50,88,152,256,10.6
KUIL,105,30,888,2739,3340,4411,6140,9107,883,8.4,10.1,12.4,15.6,18.9,883,28,49,87,148,246,9.6
KUIL,106,30,889,2743,3358,4439,6210,8986,884,8.4,10.0,12.3,15.6,18.8,884,28,49,85,145,237,8.9
KUIL,107,30,889,2789,3404,4506,6490,9088,883,8.4,10.0,12.3,15.7,18.9,883,28,49,87,146,235,8.9
KUIL,108,30,889,2792,3466,4524,6576,9108,883,8.3,10.0,12.4,15.9,19.0,883,28,49,88,150,234,8.7
KUIL,109,30,887,2795,3511,4575,6713,9151,882,8.3,10.0,12.5,16.1,19.2,882,28,50,89,151,240,9.2
KUIL,110,30,886,2839,3518,4640,6849,9318,882,8.4,10.0,12.4,16.0,19.4,882,28,49,88,150,240,9.3
KUIL,111,30,887,2886,3533,4708,7057,9360,884,8.4,10.2,12.6,16.1,19.7,884,28,50,88,158,248,9.8
KUIL,112,30,889,2934,3597,4767,7152,9472,886,8.5,10.3,12.6,16.2,19.8,886,27,49,86,153,240,9.1
KUIL,113,30,891,2984,3642,4905,7254,9511,888,8.5,10.3,12.8,16.4,20.0,888,27,49,84,152,242,9.2
KUIL,114,30,891,3076,3704,5036,7369,9595,888,8.5,10.3,12.9,16.6,20.1,888,27,49,84,152,244,9.5
KUIL,115,30,892,3063,3690,5090,7414,9664,890,8.5,10.3,12.8,16.6,19.9,890,29,48,83,151,236,8.8
KUIL,116,30,892,3124,3706,5212,7531,9772,890,8.5,10.3,12.8,16.6,20.0,890,29,48,82,147,233,8.5
KUIL,117,30,893,3138,3727,5299,7593,9907,892,8.7,10.4,13.0,16.6,20.0,892,29,49,83,148,235,8.7
KUIL,118,30,894,3135,3739,5364,7709,10013,893,8.8,10.5,13.0,16.6,20.1,893,28,49,84,147,231,8.3
KUIL,119,30,894,3126,3734,5395,7877,10138,892,8.8,10.5,13.0,16.8,20.1,892,29,50,84,143,233,8.7
KUIL,120,30,894,3132,3739,5448,7943,10302,891,8.9,10.5,13.0,16.8,20.1,891,29,50,84,142,236,9.0
KUIL,121,30,895,3160,3796,5499,8130,10430,891,9.0,10.6,13.1,16.8,20.0,891,29,49,83,142,230,8.4
KUIL,122,30,894,3138,3794,5542,8420,10682,891,9.0,10.6,13.0,16.7,19.9,891,29,49,82,139,225,7.4
KUIL,123,30,894,3132,3798,5563,8420,10740,891,9.1,10.5,13.0,16.6,20.0,891,29,47,79,134,222,7.5
KUIL,124,30,896,3139,3844,5683,8465,10851,893,9.2,10.6,13.0,16.6,20.1,893,29,46,77,134,218,7.3
KUIL,125,30,896,3183,3911,5844,8544,10917,892,9.3,10.7,13.3,16.8,20.3,892,29,47,78,132,220,7.3
KUIL,126,30,896,3183,3921,5919,8725,11083,891,9.2,10.6,13.2,16.8,20.1,891,28,46,76,127,212,6.7
KUIL,127,30,897,3198,3942,6125,8903,11211,890,9.3,10.7,13.2,16.9,20.5,890,28,46,76,128,212,6.6
KUIL,128,30,897,3211,4020,6273,8988,11433,888,9.3,10.8,13.4,17.1,20.7,888,27,45,77,128,216,6.5
KUIL,129,30,897,3229,4135,6491,9180,11563,888,9.5,10.9,13.5,17.4,20.8,888,27,45,77,125,212,6.4
KUIL,130,30,897,3280,4306,6674,9258,11569,887,9.5,11.0,13.7,17.7,21.1,887,27,45,78,125,216,6.5
KUIL,131,30,897,3312,4378,6745,9340,11641,887,9.6,11.2,13.8,18.1,21.1,887,26,45,78,128,213,6.4
KUIL,132,30,897,3381,4472,6818,9387,11776,887,9.6,11.2,14.0,18.2,21.1,887,26,44,78,127,206,6.3
KUIL,133,30,897,3428,4676,6867,9387,11776,886,9.6,11.3,14.2,18.3,21.3,886,26,44,76,128,219,6.9
KUIL,134,30,897,3542,4787,7005,9469,11759,887,9.6,11.5,14.4,18.4,21.4,887,27,45,76,128,217,6.3
KUIL,135,30,897,3656,4900,7032,9508,11698,888,9.8,11.7,14.6,18.5,21.5,888,27,45,77,128,219,6.6
KUIL,136,30,897,3728,5060,7064,9508,11641,889,10.0,12.0,14.8,18.8,21.9,889,27,45,78,127,221,7.2
KUIL,137,30,898,3845,5092,7075,9487,11632,890,10.1,12.2,15.2,19.0,22.0,890,28,46,78,128,225,7.8
KUIL,138,30,899,3970,5335,7238,9642,11614,891,10.3,12.5,15.5,19.3,22.2,891,29,47,79,130,228,8.0
KUIL,139,30,899,4089,5367,7470,9772,11631,891,10.4,12.8,15.8,19.3,22.3,891,29,48,80,131,229,7.6
KUIL,140,30,900,4101,5466,7540,9745,11613,893,10.5,12.8,15.9,19.4,22.7,893,30,49,82,131,225,7.4
KUIL,141,30,899,4308,5502,7543,9780,11539,893,10.6,12.9,16.0,19.5,22.7,893,30,50,84,136,227,7.2
KUIL,142,30,898,4329,5553,7549,9818,11557,894,10.6,13.1,16.2,19.6,22.9,894,30,50,84,137,227,7.2
KUIL,143,30,898,4378,5577,7664,9872,11633,896,10.7,13.1,16.2,19.5,22.9,896,30,50,83,136,222,6.8
KUIL,144,30,897,4425,5581,7678,9919,11661,895,10.8,13.2,16.2,19.7,22.9,895,31,50,84,137,222,6.6
KUIL,145,30,896,4554,5654,7820,10020,11638,894,10.9,13.3,16.1,19.8,23.1,894,32,50,83,137,222,6.9
KUIL,146,30,896,4654,5709,7934,10074,11651,893,11.1,13.4,16.2,20.0,23.4,893,33,51,84,141,226,7.2
KUIL,147,30,896,4656,5790,8004,10064,11632,893,11.2,13.5,16.3,20.0,23.5,893,33,50,85,141,227,6.9
KUIL,148,30,895,4604,5879,8143,10151,11638,892,11.3,13.5,16.3,20.0,23.6,892,33,51,86,141,223,6.4
KUIL,149,30,895,4658,5922,8225,10312,11738,890,11.3,13.5,16.3,20.2,23.8,890,33,52,86,140,223,6.5
KUIL,150,30,895,4720,5958,8311,10391,11771,890,11.3,13.6,16.5,20.3,23.8,890,34,54,87,140,222,6.2
KUIL,151,30,895,4760,5958,8361,10468,11819,890,11.4,13.6,16.5,20.3,23.7,890,34,55,87,140,220,5.8
KUIL,152,30,895,4835,5997,8439,10539,11844,889,11.5,13.7,16.6,20.3,23.6,889,35,56,88,141,216,5.7
KUIL,153,30,895,4815,5997,8428,10543,11922,889,11.5,13.8,16.6,20.3,23.6,889,35,57,88,142,216,5.7
KUIL,154,30,893,4811,5990,8439,10564,11931,887,11.7,13.8,16.6,20.3,23.7,887,34,57,89,142,213,5.7
KUIL,155,30,893,4787,5953,8461,10606,11941,887,11.8,14.0,16.7,20.2,23.6,887,34,58,89,143,216,5.7
KUIL,156,30,894,4789,5904,8457,10594,11950,888,11.9,14.1,16.7,20.3,23.8,888,35,57,89,143,216,6.3
KUIL,157,30,894,4811,5960,8571,10538,11931,888,11.9,14.1,16.7,20.3,24.0,888,36,58,89,141,219,6.6
KUIL,158,30,894,4902,5997,8575,10538,11931,888,12.1,14.2,17.0,20.4,24.1,888,37,60,92,142,226,7.3
KUIL,159,30,895,4954,5973,8487,10454,11908,889,12.2,14.2,17.1,20.4,24.2,889,37,61,93,144,226,7.4
KUIL,160,30,896,4942,5951,8357,10377,11950,891,12.2,14.2,17.1,20.3,24.1,891,37,61,93,144,225,7.0
KUIL,161,30,895,4958,5960,8402,10365,11978,891,12.2,14.2,17.1,20.3,24.0,891,37,60,92,143,223,7.2
KUIL,162,30,895,4980,5976,8461,10498,12026,891,12.2,14.2,17.1,20.3,24.0,891,37,60,93,143,221,7.3
KUIL,163,30,896,5010,5993,8386,10546,12121,893,12.3,14.3,17.1,20.3,24.0,893,38,60,94,145,223,7.6
KUIL,164,30,894,5052,6023,8368,10498,12116,893,12.5,14.5,17.2,20.3,24.0,893,37,61,94,144,217,7.1
KUIL,165,30,892,5069,6091,8566,10498,12141,890,12.7,14.5,17.2,20.4,24.2,890,37,60,93,146,221,7.2
KUIL,166,30,892,5107,6198,8667,10562,12094,890,12.8,14.7,17.4,20.7,24.3,890,37,60,95,147,221,7.1
KUIL,167,30,892,5166,6395,8786,10594,12108,891,12.7,14.7,17.4,20.8,24.7,891,36,59,95,147,218,6.8
KUIL,168,30,892,5220,6529,8957,10654,12108,891,12.8,14.8,17.6,21.1,25.1,891,37,60,97,147,218,6.8
KUIL,169,30,893,5316,6603,9022,10793,12226,892,12.8,14.9,17.8,21.5,25.2,892,38,62,98,148,221,7.4
KUIL,170,30,893,5403,6691,9108,10928,12315,892,12.9,15.1,17.8,21.6,25.2,892,37,60,96,148,226,7.6
KUIL,171,30,893,5519,6816,9190,11013,12569,892,13.0,15.1,17.9,21.6,25.2,892,37,61,96,148,226,7.5
KUIL,172,30,894,5594,6980,9331,11165,12723,893,13.0,15.2,18.1,21.8,25.6,893,37,61,97,149,234,8.2
KUIL,173,30,893,5663,7189,9528,11307,12827,892,13.0,15.3,18.2,21.9,26.0,892,37,61,96,150,236,8.4
KUIL,174,30,893,5870,7525,9690,11522,12858,892,13.1,15.6,18.3,22.2,26.7,892,36,60,96,152,238,8.7
KUIL,175,30,893,5983,7741,9839,11652,12929,892,13.4,15.7,18.5,22.7,27.3,892,36,61,98,156,241,9.2
KUIL,176,30,893,6034,7843,9990,11838,13122,892,13.5,15.8,18.5,22.8,27.5,892,36,61,98,156,238,8.9
KUIL,177,30,892,6041,7900,10043,12008,13295,891,13.7,15.9,18.6,22.9,27.7,891,35,62,98,156,238,8.6
KUIL,178,30,891,6171,8087,10098,12098,13355,889,13.7,16.0,18.7,23.0,27.7,889,34,62,98,156,238,8.7
KUIL,179,30,891,6240,8283,10272,12165,13389,889,13.7,16.0,18.8,23.0,27.6,889,33,62,98,156,237,8.7
KUIL,180,30,891,6273,8376,10377,12234,13461,890,13.7,16.0,18.9,23.0,27.5,890,34,63,99,159,237,8.7
KUIL,181,30,887,6371,8582,10527,12283,13480,886,13.8,16.2,19.0,23.1,27.7,886,35,62,100,159,242,9.1
KUIL,182,30,884,6523,8686,10601,12415,13634,882,14.0,16.3,19.2,23.3,27.8,882,35,63,102,160,243,9.2
KUIL,183,30,883,6639,8796,10735,12497,13751,881,14.1,16.5,19.4,23.1,27.9,881,35,63,102,162,244,9.3
KUIL,184,30,883,6851,8960,10878,12627,13834,881,14.1,16.4,19.5,23.3,27.9,881,35,61,101,161,243,9.1
KUIL,185,30,882,7149,9055,10965,12728,13850,880,14.0,16.4,19.7,23.4,28.1,880,36,63,102,160,243,9.0
KUIL,186,30,882,7439,9231,11086,12741,13910,880,14.0,16.5,19.9,23.8,28.3,880,37,64,105,161,241,8.8
KUIL,187,30,882,7543,9302,11156,12832,14029,880,13.8,16.5,20.0,23.8,28.2,880,36,64,104,159,237,8.2
KUIL,188,30,883,7638,9370,11207,12860,14111,881,14.1,16.5,20.2,23.8,28.0,881,37,64,105,159,237,7.8
KUIL,189,30,882,7778,9398,11263,12894,14179,880,14.2,16.7,20.1,23.6,27.6,880,37,67,106,159,234,7.6
KUIL,190,30,882,7925,9621,11327,12951,14225,880,14.2,16.7,20.0,23.4,27.6,880,38,67,105,159,237,8.0
KUIL,191,30,883,8079,9694,11361,12966,14223,881,14.2,16.8,20.3,23.7,27.8,881,39,69,107,161,237,7.9
KUIL,192,30,884,8241,9790,11499,13018,14247,881,14.2,17.0,20.4,23.9,27.9,881,38,68,107,162,237,8.1
KUIL,193,30,884,8501,9956,11593,13122,14381,882,14.3,17.1,20.4,24.0,28.1,882,37,67,107,163,237,8.3
KUIL,194,30,886,8632,10006,11670,13229,14446,884,14.6,17.1,20.5,24.3,28.4,884,37,67,108,163,242,8.6
KUIL,195,30,888,8652,10063,11831,13377,14597,886,14.7,17.3,20.7,24.6,28.4,886,36,67,107,162,241,8.6
KUIL,196,30,892,8656,10191,11920,13488,14777,889,14.7,17.4,20.9,24.7,28.3,889,36,67,108,161,237,8.3
KUIL,197,30,895,8688,10302,11998,13573,14852,893,14.7,17.6,21.0,24.8,28.5,893,36,67,107,160,240,8.7
KUIL,198,30,895,8728,10374,12064,13606,14937,893,14.7,17.7,21.0,24.7,28.2,893,36,65,105,158,237,8.5
KUIL,199,30,896,8887,10442,12136,13766,14946,894,14.8,17.6,20.9,24.7,28.1,894,36,65,105,157,233,7.9
KUIL,200,30,896,9023,10500,12272,13846,14938,894,14.8,17.6,20.9,24.7,28.1,894,35,63,105,154,222,7.6
KUIL,201,30,895,9104,10597,12388,13955,14938,893,14.8,17.6,21.0,24.7,28.3,893,35,63,104,152,223,7.6
KUIL,202,30,895,9248,10771,12481,13986,14967,893,14.9,17.6,20.9,24.7,28.4,893,35,63,104,150,222,7.5
KUIL,203,30,895,9400,11001,12631,14069,14971,893,14.9,17.7,20.9,24.8,28.5,893,35,62,101,149,220,7.2
KUIL,204,30,896,9565,11080,12759,14086,14970,894,14.9,17.7,20.9,24.8,28.6,894,35,60,101,149,220,7.0
KUIL,205,30,896,9517,11153,12856,14137,14981,893,14.8,17.7,20.9,24.8,28.4,893,34,59,100,148,217,6.3
KUIL,206,30,896,9603,11257,12898,14219,14970,893,14.8,17.6,20.8,24.7,28.5,893,34,59,98,144,215,6.0
KUIL,207,30,894,9787,11338,12927,14237,14966,891,14.8,17.4,20.6,24.7,28.1,891,34,58,97,142,211,6.2
KUIL,208,30,894,9819,11367,12950,14237,14967,891,14.7,17.3,20.6,24.6,28.1,891,34,58,97,141,209,6.2
KUIL,209,30,894,9843,11417,12928,14221,14993,891,14.4,17.3,20.7,24.6,28.3,891,34,58,96,141,207,6.1
KUIL,210,30,894,9907,11517,12960,14228,14993,891,14.2,17.2,20.6,24.5,28.3,891,33,57,93,141,197,5.7
KUIL,211,30,894,9891,11554,12960,14219,14966,892,14.0,17.1,20.4,24.4,28.3,892,32,56,91,141,197,5.6
KUIL,212,30,892,9884,11575,12956,14191,14956,890,13.8,16.9,20.4,24.3,28.1,890,31,54,89,141,199,5.6
KUIL,213,30,893,9853,11571,12961,14091,14885,891,13.9,16.9,20.5,24.5,28.3,891,31,55,91,144,203,5.7
KUIL,214,30,892,9821,11544,12953,14072,14874,888,14.0,17.0,20.6,24.6,28.6,888,32,55,92,144,212,6.3
KUIL,215,30,891,9757,11488,12929,14049,14885,887,14.1,17.2,20.6,24.7,28.5,887,31,55,92,145,220,6.8
KUIL,216,30,890,9550,11450,12867,14016,14888,886,14.2,17.2,20.6,24.8,28.7,886,30,54,90,145,221,7.0
KUIL,217,30,890,9489,11363,12807,13977,14875,886,14.0,17.0,20.6,24.7,28.7,886,30,55,89,143,219,6.5
KUIL,218,30,890,9358,11254,12756,13940,14869,886,13.9,16.9,20.7,24.8,28.8,886,30,54,89,144,206,6.2
KUIL,219,30,888,9331,11202,12721,14009,14886,884,13.9,17.0,20.7,24.8,29.0,884,30,55,89,140,203,6.1
KUIL,220,30,886,9372,11203,12722,14045,14927,883,13.9,17.1,20.7,24.9,29.1,883,30,55,89,141,202,6.2
KUIL,221,30,885,9353,11201,12769,14055,15037,882,13.9,17.2,20.8,24.9,29.2,882,30,55,89,143,203,6.1
KUIL,222,30,884,9323,11176,12767,13999,15051,882,14.0,17.3,21.0,25.1,29.5,882,30,56,91,143,203,6.1
KUIL,223,30,885,9303,11206,12803,14072,15050,883,14.1,17.6,21.2,25.2,29.5,883,30,55,92,143,204,5.9
KUIL,224,30,885,9175,11239,12817,14142,15065,883,14.3,17.6,21.2,25.1,29.5,883,30,56,92,143,207,5.9
KUIL,225,30,884,9106,11138,12805,14110,15076,882,14.4,17.8,21.3,25.0,29.5,882,30,58,95,144,215,6.0
KUIL,226,30,884,9106,11126,12805,14094,15076,881,14.3,17.8,21.3,25.0,29.5,881,32,60,98,145,215,6.1
KUIL,227,30,885,9061,11074,12792,14090,15060,882,14.3,17.8,21.4,25.0,30.0,882,33,62,101,148,216,6.2
KUIL,228,30,885,9107,11074,12741,14072,15069,882,14.3,17.8,21.3,25.0,30.0,882,32,61,101,149,217,6.5
KUIL,229,30,886,9082,10941,12705,14055,15081,885,14.3,17.6,21.2,24.9,29.8,885,33,62,101,149,219,6.6
KUIL,230,30,888,9014,10830,12626,13995,15059,887,14.2,17.4,21.1,24.8,29.9,887,34,62,103,150,221,6.5
KUIL,231,30,888,8960,10846,12522,13903,15046,887,14.2,17.3,21.0,24.6,29.3,887,35,63,103,152,221,6.3
KUIL,232,30,886,8851,10800,12478,13898,15022,885,14.4,17.4,21.0,24.6,29.2,885,37,64,105,155,223,6.7
KUIL,233,30,886,8778,10806,12463,13871,14972,884,14.5,17.4,20.9,24.7,29.1,884,39,66,107,158,232,7.9
KUIL,234,30,887,8617,10728,12448,13842,14939,885,14.5,17.4,21.0,24.7,29.1,885,40,67,110,164,244,9.0
KUIL,235,30,888,8564,10673,12319,13805,14844,886,14.5,17.4,21.1,24.8,29.4,886,40,67,111,169,251,10.2
KUIL,236,30,889,8367,10428,12257,13755,14738,887,14.6,17.4,21.1,24.8,29.4,887,41,68,113,171,265,11.0
KUIL,237,30,892,8245,10237,12203,13655,14656,890,14.5,17.3,21.0,24.8,29.2,890,41,68,114,174,267,11.5
KUIL,238,30,890,8082,10109,12086,13556,14613,888,14.5,17.2,20.8,24.8,29.6,888,42,70,116,179,287,12.2
KUIL,239,30,890,8011,9947,11936,13490,14597,888,14.5,17.2,20.8,24.9,29.4,888,45,73,121,184,292,12.8
KUIL,240,30,891,7928,9865,11813,13464,14580,889,14.5,17.3,20.8,24.9,29.3,889,45,74,121,187,296,13.4
KUIL,241,30,888,7761,9782,11767,13415,14571,887,14.6,17.1,20.6,24.9,29.3,887,44,72,120,189,290,13.2
KUIL,242,30,889,7671,9648,11716,13365,14590,888,14.5,17.0,20.4,24.7,29.1,888,43,71,116,186,285,13.0
KUIL,243,30,888,7595,9481,11729,13452,14655,886,14.4,17.0,20.3,24.7,29.1,886,42,71,117,186,280,12.6
KUIL,244,30,888,7515,9447,11691,13480,14627,884,14.2,16.9,20.5,24.9,29.1,884,41,69,119,187,287,13.0
KUIL,245,30,888,7515,9441,11713,13480,14640,883,14.1,17.0,20.7,25.1,29.1,883,41,68,119,189,295,13.5
KUIL,246,30,890,7497,9406,11746,13508,14682,885,14.0,16.9,20.6,25.2,29.2,885,40,71,121,188,297,14.0
KUIL,247,30,890,7497,9406,11764,13508,14717,884,13.9,16.7,20.7,25.2,29.1,884,37,71,121,188,297,14.1
KUIL,248,30,890,7494,9416,11818,13512,14812,884,13.8,16.7,20.5,25.0,29.1,884,36,67,119,184,291,13.2
KUIL,249,30,891,7469,9404,11873,13520,14915,885,13.8,16.5,20.3,24.8,29.0,885,36,67,117,182,272,12.3
KUIL,250,30,889,7408,9384,11890,13581,14919,883,13.5,16.2,19.9,24.4,28.1,883,35,65,115,178,261,11.1
KUIL,251,30,886,7393,9399,11922,13643,14954,880,13.2,16.1,19.8,24.1,27.9,880,32,64,113,178,259,10.8
KUIL,252,30,883,7326,9370,11939,13680,14957,877,13.1,16.0,19.7,24.0,27.8,877,31,62,112,178,261,11.1
KUIL,253,30,881,7198,9213,11939,13637,14882,875,12.9,15.9,19.5,23.9,27.7,875,30,61,110,173,254,10.4
KUIL,254,30,881,7108,8997,11917,13592,14811,875,12.8,15.8,19.4,23.9,27.8,875,30,61,107,172,255,10.4
KUIL,255,30,880,7061,8932,11800,13537,14781,874,12.8,15.7,19.4,24.0,28.2,874,30,61,109,175,261,10.9
KUIL,256,30,882,7041,8865,11655,13505,14759,876,12.9,15.8,19.5,24.2,28.7,876,31,61,110,178,267,11.6
KUIL,257,30,882,6950,8770,11612,13438,14679,876,12.9,15.9,19.7,24.2,28.7,876,31,62,113,182,275,12.2
KUIL,258,30,882,6933,8703,11552,13404,14618,876,12.8,15.8,19.5,24.1,28.7,876,31,62,114,182,283,12.8
KUIL,259,30,881,6873,8601,11505,13398,14640,877,12.7,15.6,19.3,24.0,28.8,877,32,63,113,182,283,13.0
KUIL,260,30,881,6810,8493,11483,13413,14640,878,12.6,15.3,19.1,23.8,28.7,878,31,63,113,184,288,13.7
KUIL,261,30,881,6796,8518,11463,13395,14640,876,12.5,15.3,19.2,23.9,28.7,876,32,62,113,186,299,14.6
KUIL,262,30,883,6760,8492,11447,13333,14562,879,12.5,15.4,19.2,24.1,28.9,879,33,64,116,197,314,16.5
KUIL,263,30,883,6716,8383,11329,13309,14559,880,12.6,15.4,19.1,24.2,29.5,880,34,65,117,206,322,17.7
KUIL,264,30,881,6651,8330,11126,13288,14556,877,12.5,15.3,19.2,24.2,29.5,877,34,65,119,208,323,18.4
KUIL,265,30,882,6604,8270,11128,13300,14516,879,12.6,15.4,19.0,24.1,29.6,879,35,65,119,210,332,18.9
KUIL,266,30,884,6522,8300,11288,13257,14550,881,12.5,15.3,19.0,24.1,29.5,881,36,65,119,214,341,19.3
KUIL,267,30,886,6455,8191,11336,13251,14540,883,12.5,15.3,18.9,24.1,29.5,883,37,67,122,216,353,19.5
KUIL,268,30,889,6404,8147,11286,13278,14524,885,12.5,15.2,18.9,23.9,29.1,885,38,71,125,219,360,20.0
KUIL,269,30,888,6308,8092,11235,13257,14536,884,12.2,15.0,18.8,23.6,29.0,884,37,71,125,216,360,19.7
KUIL,270,30,886,6081,7943,11288,13217,14565,881,12.0,14.7,18.4,23.1,28.7,881,36,67,123,214,361,19.2
KUIL,271,30,885,5988,7880,11257,13218,14558,880,11.7,14.3,17.9,22.7,28.3,880,34,66,121,206,362,19.1
KUIL,272,30,885,5892,7843,11121,13173,14556,880,11.4,14.0,17.8,22.5,28.0,880,34,65,118,204,354,18.5
KUIL,273,30,886,5878,7871,11090,13172,14437,881,11.3,14.0,17.8,22.1,27.9,881,34,65,118,204,335,18.4
KUIL,274,30,886,5856,7790,10974,13086,14342,881,11.4,14.1,17.8,22.2,27.8,881,35,69,122,207,360,19.1
KUIL,275,30,883,5799,7668,10892,12962,14259,876,11.6,14.2,17.9,22.5,27.8,876,37,71,126,208,360,19.4
KUIL,276,30,879,5653,7274,10702,12910,14213,873,11.6,14.1,17.8,22.3,27.4,873,37,71,125,208,358,19.0
KUIL,277,30,877,5481,6963,10486,12789,14193,870,11.4,13.9,17.6,22.0,27.1,870,37,69,122,205,351,18.2
KUIL,278,30,877,5318,6652,10272,12568,14016,870,11.2,13.6,17.3,21.6,26.5,870,37,66,119,200,333,17.2
KUIL,279,30,877,5209,6455,10098,12419,13832,870,11.2,13.6,17.2,21.5,26.5,870,36,68,120,204,351,17.8
KUIL,280,30,877,5196,6355,9734,12201,13567,869,11.2,13.6,17.2,21.7,26.6,869,38,72,123,215,360,19.4
KUIL,281,30,874,5186,6301,9278,11999,13398,865,11.0,13.6,17.2,21.7,26.5,865,40,74,127,215,362,19.9
KUIL,282,30,870,5143,6223,8950,11883,13371,861,10.9,13.5,17.1,21.5,26.3,861,40,74,125,215,358,19.5
KUIL,283,30,869,5109,6219,8819,11801,13245,861,10.8,13.5,17.2,21.6,26.4,861,39,74,127,222,373,20.7
KUIL,284,30,866,5061,6216,8739,11605,13116,858,10.7,13.3,17.3,21.9,26.7,858,40,74,129,234,384,22.5
KUIL,285,30,865,5030,6199,8715,11424,13093,858,10.7,13.3,17.3,22.1,26.9,858,40,77,132,241,389,23.5
KUIL,286,30,864,5030,6208,8725,11315,12999,856,10.7,13.5,17.6,22.5,27.0,856,43,77,135,247,392,24.3
KUIL,287,30,861,5004,6201,8566,11225,12925,853,10.9,13.5,17.6,22.6,27.2,853,44,79,138,252,410,25.2
KUIL,288,30,857,4879,6072,8297,11129,12803,849,11.0,13.4,17.6,22.5,27.0,849,44,79,139,253,413,25.3
KUIL,289,30,857,4845,5959,8215,11091,12796,849,11.0,13.3,17.4,22.3,26.9,849,41,77,134,252,413,25.2
KUIL,290,30,860,4789,5876,8133,10941,12776,854,10.9,13.2,17.1,22.1,26.7,854,42,77,132,247,407,24.5
KUIL,291,30,864,4725,5814,8031,10833,12705,858,10.8,13.2,16.9,21.9,26.7,858,43,77,130,248,407,24.7
KUIL,292,30,866,4633,5750,7940,10664,12650,859,10.8,13.1,16.7,21.6,26.5,859,42,77,133,250,399,25.0
KUIL,293,30,864,4595,5793,8033,10657,12669,855,10.8,13.1,16.8,21.9,26.5,855,44,79,134,255,414,25.7
KUIL,294,30,866,4553,5693,7932,10634,12727,858,10.6,12.9,16.6,21.7,26.1,858,42,77,131,250,408,24.9
KUIL,295,30,866,4505,5571,7868,10588,12744,858,10.4,12.8,16.6,21.4,26.1,858,42,79,134,248,415,24.7
KUIL,296,30,870,4413,5391,7706,10550,12732,863,10.4,12.7,16.4,21.0,26.0,863,43,79,134,244,412,24.2
KUIL,297,30,873,4347,5364,7613,10453,12614,866,10.2,12.7,16.3,21.0,26.0,866,44,78,135,247,412,24.5
KUIL,298,30,872,4261,5276,7404,10232,12475,865,10.1,12.7,16.1,20.9,25.9,865,44,78,135,247,404,24.4
KUIL,299,30,870,4239,5188,7184,9931,12330,863,10.0,12.6,15.9,20.4,25.2,863,44,78,135,240,388,23.5
KUIL,300,30,870,4193,5165,7160,9845,12233,863,9.8,12.5,15.7,20.2,24.9,863,44,77,132,236,382,22.7
KUIL,301,30,869,4111,5053,6966,9578,12185,862,9.3,12.2,15.6,19.9,24.8,862,44,77,132,238,385,22.7
KUIL,302,30,870,3975,4925,6880,9477,11972,863,9.2,12.0,15.5,19.9,24.9,863,44,77,135,240,385,23.3
KUIL,303,30,872,3753,4823,6758,9378,11724,866,9.0,11.8,15.5,19.8,24.9,866,44,77,135,244,388,23.7
KUIL,304,30,870,3622,4700,6635,9247,11555,864,8.8,11.7,15.5,19.8,24.9,864,44,78,135,238,389,23.3
KUIL,305,30,867,3536,4594,6558,9078,11379,861,8.7,11.6,15.4,19.9,25.2,861,43,77,133,246,400,24.0
KUIL,306,30,864,3514,4548,6467,8945,11286,859,8.6,11.6,15.3,20.1,25.4,859,42,77,134,245,403,23.9
KUIL,307,30,862,3456,4492,6365,8792,11235,859,8.5,11.5,15.2,19.8,25.3,859,43,75,133,239,411,23.4
KUIL,308,30,861,3389,4400,6230,8660,11051,859,8.4,11.3,15.1,19.2,24.9,859,42,74,132,233,397,22.7
KUIL,309,30,859,3323,4311,6122,8501,10764,857,8.5,11.3,15.0,19.3,25.0,857,43,75,132,238,398,23.2
KUIL,310,30,859,3284,4187,6001,8396,10551,857,8.4,11.3,15.0,19.3,24.9,857,42,74,130,237,397,23.3
KUIL,311,30,857,3267,4138,5991,8260,10367,855,8.4,11.3,15.0,19.4,24.9,855,41,74,130,248,401,24.6
KUIL,312,30,859,3251,4072,5892,8268,10285,857,8.6,11.3,14.9,19.4,25.3,857,41,76,132,252,413,25.2
KUIL,313,30,861,3251,4048,5843,8260,10295,858,8.7,11.4,15.0,19.3,24.9,858,40,76,132,255,421,25.5
KUIL,314,30,865,3245,3992,5722,8164,10233,862,8.8,11.5,14.9,19.7,24.9,862,41,78,133,255,429,25.6
KUIL,315,30,865,3236,3914,5538,8087,10185,861,8.7,11.4,14.8,19.4,25.2,861,40,77,134,259,437,26.0
KUIL,316,30,869,3202,3858,5297,7981,10194,865,8.7,11.3,14.6,18.9,25.0,865,40,77,133,252,431,25.2
KUIL,317,30,871,3170,3822,5203,7795,10125,866,8.6,11.3,14.6,18.8,24.6,866,40,76,132,254,438,25.4
KUIL,318,30,873,3088,3821,5168,7674,10036,867,8.5,11.2,14.5,18.5,24.2,867,38,76,129,256,423,25.5
KUIL,319,30,876,2946,3751,5110,7553,10016,869,8.4,11.1,14.4,18.4,23.5,869,36,73,129,254,407,25.4
KUIL,320,30,878,2728,3706,5015,7419,10015,871,8.2,10.9,14.3,18.1,23.0,871,34,72,127,243,398,24.3
KUIL,321,30,880,2665,3656,4985,7420,9926,873,8.0,10.7,14.2,17.9,23.0,873,33,70,127,239,398,24.2
KUIL,322,30,882,2503,3609,4951,7385,9830,874,8.0,10.6,13.9,17.8,22.9,874,33,70,127,238,394,23.9
KUIL,323,30,885,2427,3589,4910,7411,9624,878,7.9,10.6,13.9,17.9,23.0,878,33,70,128,247,397,24.6
KUIL,324,30,886,2401,3523,4795,7410,9622,879,7.8,10.4,13.6,17.8,23.2,879,33,69,127,245,407,24.3
KUIL,325,30,887,2265,3486,4708,7418,9613,880,7.6,10.2,13.5,17.7,23.0,880,33,68,125,234,391,23.4
KUIL,326,30,888,2155,3417,4604,7353,9690,881,7.4,10.0,13.3,17.6,22.7,881,32,65,123,229,391,22.8
KUIL,327,30,887,2010,3320,4560,7291,9618,878,7.4,9.9,13.3,17.5,22.3,878,32,63,119,222,386,22.3
KUIL,328,30,888,1945,3270,4437,7103,9495,879,7.2,9.8,13.2,17.3,21.9,879,32,62,118,219,377,21.6
KUIL,329,30,890,1687,3247,4365,7030,9498,881,7.1,9.8,13.0,17.1,21.5,881,32,59,115,218,372,20.9
KUIL,330,30,893,1671,3196,4360,6927,9442,884,7.2,9.7,12.9,16.8,21.4,884,32,59,113,217,357,20.4
KUIL,331,30,890,1488,3126,4327,6872,9280,882,7.1,9.6,12.8,16.8,21.5,882,31,57,110,217,357,20.1
KUIL,332,30,888,1433,3079,4308,6822,9221,881,7.0,9.3,12.7,16.6,21.1,881,30,56,108,210,352,19.1
KUIL,333,30,886,1115,3064,4273,6845,9217,879,6.9,9.3,12.6,16.4,21.1,879,29,55,107,204,347,18.3
KUIL,334,30,886,1115,3043,4272,6907,9217,879,6.9,9.4,12.5,16.4,21.0,879,29,55,106,200,346,17.9
KUIL,335,30,886,1286,3036,4272,6907,9160,879,6.8,9.5,12.6,16.4,21.0,879,29,56,108,201,343,17.7
KUIL,336,30,887,984,2955,4238,6837,8968,880,6.7,9.4,12.6,16.4,21.0,880,28,55,108,204,344,17.7
KUIL,337,30,887,825,2909,4134,6798,8898,881,6.7,9.3,12.6,16.3,21.0,881,28,53,108,202,344,17.6
KUIL,338,30,887,825,2904,4125,6670,9064,880,6.7,9.4,12.6,16.3,21.0,880,28,53,108,200,343,17.7
KUIL,339,30,888,801,2900,4063,6491,8855,881,6.8,9.5,12.6,16.2,20.9,881,28,53,110,202,335,17.3
KUIL,340,30,887,797,2897,4078,6440,8774,879,6.8,9.6,12.6,16.2,20.5,879,28,53,112,202,338,17.2
KUIL,341,30,886,822,2896,4078,6363,8621,878,6.8,9.6,12.6,16.1,19.9,878,27,53,111,202,337,17.1
KUIL,342,30,884,830,2900,4019,6233,8512,877,6.8,9.5,12.5,15.9,19.6,877,27,52,110,202,335,16.9
KUIL,343,30,883,826,2894,3953,6187,8414,877,6.8,9.5,12.4,15.7,19.6,877,27,52,109,198,328,16.4
KUIL,344,30,881,808,2880,3925,6201,8392,875,6.8,9.6,12.5,15.8,19.6,875,27,53,111,200,345,17.3
KUIL,345,30,879,741,2861,3937,6234,8510,874,6.7,9.6,12.5,15.9,19.7,874,27,53,114,203,343,18.0
KUIL,346,30,879,744,2861,3970,6234,8510,874,6.7,9.6,12.6,16.1,19.8,874,27,57,118,210,347,19.2
KUIL,347,30,879,830,2864,3957,6189,8570,874,6.8,9.8,12.8,16.1,19.8,874,28,58,122,213,351,19.3
KUIL,348,30,879,955,2904,3989,6163,8442,875,7.0,9.9,12.9,16.3,20.1,875,30,59,128,219,359,20.6
KUIL,349,30,877,1000,2923,3984,6006,8247,873,7.1,9.9,12.8,16.3,20.1,873,31,61,129,224,366,21.1
KUIL,350,30,876,1025,2911,3968,5890,8129,872,7.3,9.9,12.8,16.2,20.1,872,32,61,129,223,362,21.1
KUIL,351,30,874,1334,2908,3961,5854,8088,870,7.3,9.9,12.8,15.9,20.1,870,32,61,129,218,355,20.5
KUIL,352,30,871,1365,2897,3957,5863,8088,867,7.3,9.9,12.7,15.9,20.0,867,33,60,125,219,355,20.6
KUIL,353,30,869,1352,2864,3921,5940,8213,866,7.1,9.7,12.6,15.8,19.9,866,32,59,122,216,355,20.0
KUIL,354,30,866,1030,2813,3896,5960,8271,862,7.1,9.7,12.6,16.0,19.9,862,31,59,122,218,355,20.5
KUIL,355,30,864,1027,2779,3886,5941,8225,860,7.3,9.8,12.6,16.1,19.9,860,32,60,121,219,354,20.6
KUIL,356,30,864,891,2779,3898,5934,8201,859,7.3,9.8,12.6,16.2,19.9,859,33,60,123,216,347,20.1
KUIL,357,30,865,816,2735,3901,6042,8223,860,7.4,9.8,12.6,16.3,20.1,860,33,62,122,214,346,19.9
KUIL,358,30,864,891,2717,3909,6099,8201,859,7.3,9.8,12.6,16.4,20.1,859,35,61,122,214,341,19.8
KUIL,359,30,864,835,2688,3898,6045,8180,859,7.1,9.7,12.5,16.3,20.1,859,35,60,118,205,330,18.3
KUIL,360,30,863,796,2651,3901,6040,8186,858,7.1,9.6,12.4,16.3,20.0,858,35,59,116,203,330,17.9
KUIL,361,30,864,757,2690,3932,6228,8344,859,7.0,9.5,12.4,16.3,20.0,859,33,57,114,203,333,17.2
KUIL,362,30,865,448,2630,3927,6207,8359,860,7.0,9.4,12.2,16.2,20.0,860,32,55,111,202,334,17.2
KUIL,363,30,867,184,2580,3817,6237,8412,861,6.8,9.3,12.1,16.2,19.9,861,31,54,108,197,328,16.8
KUIL,364,30,869,184,2551,3833,6261,8466,863,6.7,9.2,12.2,16.2,19.9,863,30,53,109,198,331,16.9
KUIL,365,30,871,184,2548,3872,6302,8562,865,6.7,9.2,12.1,16.3,20.0,865,30,53,109,200,333,17.3
KUIL,366,30,873,184,2543,3888,6339,8598,867,6.8,9.2,12.2,16.4,20.6,867,31,55,111,205,347,18.5
KSLE,1,30,895,200,2316,4429,7602,9457,890,7.7,10.2,13.1,17.2,22.0,890,31,59,116,225,369,21.5
KSLE,2,30,894,200,2438,4549,7641,9482,890,7.9,10.3,13.3,17.3,22.1,890,31,60,118,226,368,21.6
KSLE,3,30,894,200,2624,4672,7664,9460,889,8.0,10.4,13.5,17.4,22.1,889,32,63,121,230,369,21.6
KSLE,4,30,894,200,2648,4768,7774,9491,889,7.8,10.4,13.5,17.4,22.2,889,31,62,119,232,367,21.8
KSLE,5,30,893,200,2472,4778,7784,9537,887,7.7,10.3,13.5,17.5,22.2,887,31,59,118,231,367,21.5
KSLE,6,30,893,200,2451,4807,7781,9591,889,7.6,10.1,13.5,17.6,22.2,889,30,59,121,231,367,21.6
KSLE,7,30,893,200,2450,4883,7847,9716,889,7.4,10.1,13.4,17.4,22.0,889,29,58,118,230,356,21.1
KSLE,8,30,894,200,2430,4884,7931,9791,890,7.4,9.9,13.4,17.3,22.0,890,29,59,117,228,358,20.8
KSLE,9,30,893,200,2397,4879,7847,9821,890,7.2,9.9,13.5,17.3,22.0,890,29,58,118,227,355,20.3
KSLE,10,30,893,200,2374,4857,7774,9813,890,7.2,9.9,13.4,17.4,22.1,890,29,59,118,229,354,20.6
KSLE,11,30,892,200,2435,4874,7779,9870,888,7.3,9.9,13.7,17.7,22.2,888,28,59,121,234,360,21.5
KSLE,12,30,890,200,2465,4968,7733,9892,886,7.4,10.1,13.7,17.6,22.2,886,28,60,121,234,359,21.7
KSLE,13,30,891,200,2555,4956,7730,9929,887,7.4,10.1,13.7,17.4,21.9,887,28,60,120,233,356,21.3
KSLE,14,30,892,200,2712,4968,7727,9834,888,7.4,10.3,13.6,17.4,21.4,888,28,61,122,233,356,21.4
KSLE,15,30,892,200,2740,4929,7693,9826,888,7.4,10.1,13.4,17.3,20.9,888,28,59,120,230,352,20.7
KSLE,16,30,892,271,2790,5050,7740,9826,888,7.2,9.9,13.3,17.2,21.0,888,27,59,118,230,346,20.6
KSLE,17,30,892,294,2839,5073,7745,9944,888,7.1,9.9,13.3,17.1,21.0,888,27,58,117,230,346,20.6
KSLE,18,30,892,257,2790,5008,7779,9955,889,7.2,9.8,13.2,17.0,21.0,889,27,58,116,227,343,20.5
KSLE,19,30,892,294,2790,4990,7745,9991,889,7.2,9.8,13.1,16.8,20.8,889,27,56,115,220,341,19.6
KSLE,20,30,893,296,2739,4866,7710,10059,890,7.2,9.8,12.9,16.6,20.7,890,27,55,111,212,327,19.0
KSLE,21,30,893,450,2767,4890,7723,9995,890,7.4,9.8,12.9,16.6,20.7,890,27,55,111,210,329,18.9
KSLE,22,30,894,503,2836,4908,7729,9930,891,7.5,9.8,13.1,16.8,20.9,891,27,56,115,216,341,19.6
KSLE,23,30,894,529,2862,5010,7757,9908,891,7.6,10.0,13.2,16.9,21.0,891,27,57,116,223,358,20.7
KSLE,24,30,894,710,2955,5042,7962,9893,889,7.8,10.0,13.1,16.9,21.0,889,28,57,115,222,362,20.8
KSLE,25,30,894,807,3016,5042,7909,9852,888,7.8,10.0,13.1,16.9,21.2,888,28,55,115,219,362,20.6
KSLE,26,30,895,838,3050,5009,7796,9666,890,7.8,10.0,13.0,16.8,21.0,890,28,56,111,212,345,19.7
KSLE,27,30,897,871,3050,5038,7921,9768,893,7.8,10.0,12.9,16.5,20.9,893,28,54,109,203,342,18.6
KSLE,28,30,896,1017,3066,5159,8050,9786,892,7.8,10.0,13.0,16.8,21.1,892,27,54,108,204,343,19.1
KSLE,29,30,896,983,3020,5217,8083,9833,892,7.8,9.8,13.0,17.0,21.3,892,27,54,105,202,345,19.2
KSLE,30,30,895,870,3016,5313,8132,9826,891,7.7,9.8,13.1,17.2,21.3,891,27,53,107,207,352,19.8
KSLE,31,30,896,845,3036,5276,8146,9867,892,7.7,9.8,13.1,17.2,21.2,892,27,52,106,203,351,19.2
KSLE,32,30,897,559,2986,5228,8105,9840,891,7.7,9.7,13.0,17.0,21.1,891,27,52,107,202,346,18.7
KSLE,33,30,897,474,2960,5226,8073,9832,891,7.7,9.7,13.0,17.0,21.1,891,27,52,106,194,346,18.2
KSLE,34,30,897,410,2965,5272,8076,9869,891,7.6,9.6,12.9,16.8,21.0,891,27,52,103,191,344,17.8
KSLE,35,30,897,490,3014,5361,8161,9871,892,7.7,9.7,12.9,16.7,21.1,892,27,54,104,194,341,17.7
KSLE,36,30,897,609,3084,5356,8225,9911,891,7.7,9.8,12.9,16.6,21.0,891,26,52,103,192,333,17.8
KSLE,37,30,897,550,3064,5276,8181,9909,891,7.7,9.8,12.7,16.5,20.6,891,25,52,102,185,325,16.6
KSLE,38,30,896,746,3088,5267,8024,9909,890,7.7,9.8,12.7,16.4,20.4,890,26,51,102,184,309,15.6
KSLE,39,30,897,757,3089,5226,7982,10023,892,7.8,9.8,12.7,16.4,20.3,892,26,51,102,185,305,15.5
KSLE,40,30,897,902,3189,5292,8013,10063,893,7.7,9.8,12.7,16.4,20.0,893,27,52,102,185,301,15.2
KSLE,41,30,897,940,3183,5272,8013,10067,893,7.7,9.8,12.7,16.3,19.9,893,26,52,102,184,298,15.3
KSLE,42,30,897,991,3156,5119,7858,9964,892,7.6,9.8,12.6,16.2,19.9,892,26,52,102,189,300,15.7
KSLE,43,30,897,953,3052,4975,7738,9825,892,7.6,9.8,12.5,16.1,19.7,892,26,52,102,189,306,15.5
KSLE,44,30,897,1133,3086,4873,7475,9773,891,7.5,9.8,12.4,15.9,19.4,891,25,50,99,188,302,14.9
KSLE,45,30,898,1363,3066,4788,7348,9664,892,7.5,9.8,12.3,15.8,19.4,892,25,50,97,185,299,14.8
KSLE,46,30,897,1406,3046,4701,7160,9528,891,7.5,9.8,12.2,15.8,19.3,891,25,50,97,184,298,14.6
KSLE,47,30,897,1625,3063,4675,7085,9373,893,7.5,9.7,12.1,15.6,19.2,893,25,50,94,179,295,14.2
KSLE,48,30,897,1762,3076,4653,7067,9412,892,7.4,9.6,12.1,15.6,19.1,892,25,49,96,181,296,14.3
KSLE,49,30,897,1873,3063,4598,6993,9343,891,7.3,9.6,12.1,15.6,19.2,891,25,49,96,184,295,14.4
KSLE,50,30,897,1735,3010,4533,6955,9334,891,7.0,9.5,12.0,15.6,19.1,891,24,47,92,182,295,13.9
KSLE,51,30,896,1554,2920,4518,6927,9273,891,6.8,9.3,11.9,15.5,19.2,891,24,46,90,178,287,13.2
KSLE,52,30,894,1595,2898,4496,6931,9223,889,6.8,9.2,11.9,15.5,19.2,889,24,45,89,176,287,13.2
KSLE,53,30,851,1499,2891,4449,6930,9202,846,6.7,9.2,11.8,15.4,19.0,846,24,45,90,175,288,13.2
KSLE,54,30,851,1591,2897,4449,6820,9097,846,6.6,9.2,11.8,15.4,19.0,846,24,46,90,175,288,13.0
KSLE,55,30,851,1591,2889,4442,6672,8990,845,6.7,9.2,11.8,15.3,18.9,845,24,47,90,173,288,12.7
KSLE,56,30,851,1684,2903,4478,6647,8925,845,6.8,9.2,11.8,15.4,19.1,845,24,48,92,172,289,12.4
KSLE,57,30,851,1765,2903,4493,6647,8845,845,6.8,9.2,11.8,15.4,18.7,845,24,49,92,169,283,12.0
KSLE,58,30,852,1765,2963,4478,6587,8728,846,7.0,9.2,11.8,15.4,18.5,846,25,49,91,168,268,11.1
KSLE,59,30,852,1849,2943,4485,6659,8911,847,7.2,9.2,11.8,15.3,18.4,847,25,49,91,168,268,11.2
KSLE,60,30,852,1823,2934,4483,6719,8989,847,7.2,9.1,11.8,15.2,18.1,847,25,49,90,166,262,10.7
KSLE,61,30,852,1823,2969,4507,6802,9164,847,7.2,9.0,11.9,15.3,18.0,847,25,49,90,165,260,10.4
KSLE,62,30,850,1841,3051,4541,7057,9333,845,7.3,9.2,12.0,15.5,18.6,845,25,49,91,166,270,11.2
KSLE,63,30,848,1881,3131,4626,7153,9327,844,7.4,9.3,12.2,15.6,19.0,844,25,49,91,167,280,11.7
KSLE,64,30,847,1990,3167,4734,7223,9326,843,7.5,9.4,12.3,15.8,19.1,843,26,49,92,168,286,12.8
KSLE,65,30,847,2103,3248,4770,7271,9338,843,7.5,9.5,12.4,16.0,19.3,843,26,50,94,170,297,13.9
KSLE,66,30,848,2198,3321,4835,7370,9453,843,7.7,9.7,12.4,16.1,19.4,843,27,52,95,170,299,14.2
KSLE,67,30,850,2384,3363,4876,7448,9587,845,7.8,9.8,12.5,16.3,19.5,845,28,53,101,178,305,15.0
KSLE,68,30,894,2392,3371,4953,7455,9450,889,7.8,9.8,12.5,16.4,19.6,889,29,53,101,179,308,15.6
KSLE,69,30,894,2454,3394,4969,7495,9539,890,7.8,9.8,12.6,16.4,19.6,890,29,53,101,179,309,15.5
KSLE,70,30,894,2454,3394,4993,7617,9560,890,7.8,9.8,12.5,16.4,19.5,890,29,54,100,180,306,14.9
KSLE,71,30,894,2454,3420,5011,7761,9652,890,7.8,9.8,12.5,16.4,19.5,890,28,54,99,184,307,15.2
KSLE,72,30,894,2493,3458,5079,7871,9734,891,7.8,9.8,12.5,16.3,19.6,891,28,54,98,184,308,15.4
KSLE,73,30,894,2582,3545,5138,8011,9836,891,7.8,9.9,12.6,16.4,19.8,891,29,54,99,184,314,15.8
KSLE,74,30,893,2637,3561,5171,8033,9809,890,7.9,10.0,12.6,16.4,20.0,890,30,56,101,184,316,15.7
KSLE,75,30,893,2692,3602,5282,8046,9779,890,7.9,10.0,12.6,16.5,20.3,890,31,57,104,186,317,15.6
KSLE,76,30,893,2694,3614,5282,8004,9685,890,8.0,10.1,12.5,16.4,20.2,890,30,56,105,186,318,15.4
KSLE,77,30,895,2705,3623,5213,7873,9581,892,8.1,10.1,12.5,16.2,19.6,892,30,57,102,185,314,14.8
KSLE,78,30,897,2746,3616,5171,7672,9548,894,8.1,10.1,12.5,16.2,19.4,894,29,56,101,180,306,14.0
KSLE,79,30,898,2766,3597,5110,7613,9432,895,8.1,10.0,12.5,16.0,19.1,895,29,56,99,179,298,13.0
KSLE,80,30,898,2793,3570,4979,7425,9304,894,8.2,10.1,12.5,16.0,19.0,894,30,58,99,176,287,12.4
KSLE,81,30,896,2798,3560,4894,7283,9145,893,8.2,10.1,12.5,16.0,18.9,893,30,58,99,175,283,12.3
KSLE,82,30,895,2801,3579,4891,7142,9093,892,8.2,10.1,12.5,16.0,18.9,892,30,58,98,169,278,12.0
KSLE,83,30,895,2805,3606,4937,7244,9255,892,8.2,10.1,12.5,16.0,18.9,892,29,57,96,167,266,11.2
KSLE,84,30,895,2787,3610,4954,7395,9334,891,8.3,10.2,12.5,16.0,19.0,891,29,56,95,165,263,11.0
KSLE,85,30,894,2803,3589,5000,7405,9469,890,8.3,10.2,12.6,16.1,19.2,890,29,55,94,161,266,11.3
KSLE,86,30,894,2803,3575,4944,7435,9469,890,8.3,10.1,12.5,16.0,19.0,890,29,54,94,157,253,10.3
KSLE,87,30,894,2802,3571,4938,7435,9571,889,8.4,10.1,12.6,16.1,19.1,889,29,55,94,157,248,9.7
KSLE,88,30,892,2754,3550,4864,7419,9516,887,8.4,10.1,12.5,16.0,19.0,887,29,55,94,153,237,9.0
KSLE,89,30,893,2755,3550,4790,7382,9635,886,8.4,10.1,12.6,16.1,19.2,886,29,54,94,151,239,9.1
KSLE,90,30,893,2801,3550,4747,7200,9673,886,8.6,10.2,12.6,16.1,19.2,886,29,54,95,152,246,9.6
KSLE,91,30,892,2858,3572,4848,7376,9760,885,8.6,10.3,12.8,16.3,19.4,885,29,55,95,151,248,9.8
KSLE,92,30,892,2863,3571,4894,7419,9889,885,8.7,10.4,12.8,16.4,19.5,885,30,55,95,151,249,9.9
KSLE,93,30,892,2874,3582,4900,7595,9974,885,8.8,10.5,12.9,16.4,19.6,885,31,55,95,153,251,10.1
KSLE,94,30,892,2881,3619,4958,7644,10029,885,8.9,10.6,13.1,16.5,19.6,885,32,57,94,153,252,10.3
KSLE,95,30,892,2929,3668,5065,7693,10062,886,9.0,10.7,13.1,16.5,19.7,886,32,56,94,153,251,10.0
KSLE,96,30,894,2987,3752,5177,7740,10163,887,9.0,10.7,13.2,16.6,19.6,887,32,56,94,154,246,9.7
KSLE,97,30,895,3017,3757,5174,7707,10198,888,9.1,10.7,13.1,16.6,19.8,888,33,57,95,153,240,9.2
KSLE,98,30,894,2994,3732,5098,7616,10109,886,9.1,10.7,13.1,16.6,19.7,886,33,57,95,156,244,9.4
KSLE,99,30,893,3045,3720,5023,7425,10035,886,9.1,10.7,13.1,16.4,19.6,886,34,57,95,159,240,9.0
KSLE,100,30,894,3060,3793,5025,7436,9926,888,9.2,10.8,13.1,16.4,19.6,888,34,59,96,158,242,9.1
KSLE,101,30,894,3102,3875,5089,7421,9931,888,9.3,11.0,13.2,16.6,19.9,888,34,60,96,163,244,9.2
KSLE,102,30,894,3120,3923,5089,7394,9964,889,9.4,11.1,13.3,16.6,20.0,889,34,60,97,164,242,9.1
KSLE,103,30,896,3161,3989,5158,7448,10045,890,9.5,11.2,13.5,16.7,20.3,890,34,60,95,165,243,9.2
KSLE,104,30,896,3234,4008,5257,7609,10148,890,9.5,11.2,13.6,16.8,20.2,890,34,60,95,165,238,8.7
KSLE,105,30,896,3268,4053,5356,7690,10231,889,9.5,11.2,13.8,16.8,20.1,889,34,58,91,159,231,7.9
KSLE,106,30,898,3270,4082,5420,7699,10223,891,9.4,11.2,13.8,16.8,20.1,891,34,58,90,159,230,7.4
KSLE,107,30,898,3297,4124,5470,7852,10266,890,9.2,11.2,13.8,16.8,20.4,890,34,57,91,159,226,7.2
KSLE,108,30,898,3365,4165,5592,7963,10296,890,9.1,11.2,13.8,16.8,20.4,890,33,57,92,158,227,7.3
KSLE,109,30,898,3385,4208,5664,8043,10407,891,9.1,11.1,13.8,16.9,20.4,891,32,56,92,157,229,7.5
KSLE,110,30,897,3419,4214,5758,8119,10432,890,9.1,11.1,13.8,16.9,20.5,890,31,55,91,156,230,7.6
KSLE,111,30,897,3419,4231,5769,8371,10543,891,9.2,11.2,13.8,17.0,20.9,891,31,55,91,156,231,7.9
KSLE,112,30,896,3436,4257,5791,8444,10657,890,9.2,11.2,13.9,17.0,20.9,890,31,55,90,151,230,7.6
KSLE,113,30,897,3507,4365,5965,8638,10706,892,9.3,11.3,14.0,17.2,21.0,892,31,54,87,148,226,7.3
KSLE,114,30,898,3586,4444,6165,8659,10755,893,9.3,11.3,14.0,17.3,21.1,893,30,54,87,147,227,7.7
KSLE,115,30,898,3609,4482,6312,8752,10761,893,9.3,11.3,14.0,17.3,21.0,893,30,52,86,147,222,7.1
KSLE,116,30,897,3621,4527,6494,8881,10792,891,9.3,11.4,14.1,17.3,21.1,891,30,52,86,146,221,7.3
KSLE,117,30,897,3663,4618,6575,8983,10855,891,9.3,11.4,14.1,17.4,21.3,891,30,52,86,147,227,7.7
KSLE,118,30,896,3690,4653,6611,9052,10902,891,9.4,11.4,14.1,17.5,21.1,891,30,52,87,147,227,7.5
KSLE,119,30,896,3675,4674,6640,9121,11024,892,9.4,11.4,14.2,17.6,21.3,892,31,53,89,148,227,7.5
KSLE,120,30,895,3689,4704,6717,9308,11032,892,9.5,11.4,14.2,17.9,21.6,892,32,53,90,149,231,8.0
KSLE,121,30,892,3727,4754,6698,9402,11116,889,9.6,11.4,14.3,17.9,21.9,889,31,53,89,151,231,8.1
KSLE,122,30,889,3681,4710,6779,9522,11362,887,9.8,11.4,14.2,17.9,21.6,887,31,52,87,147,227,7.6
KSLE,123,30,886,3720,4731,6794,9558,11415,884,9.8,11.4,14.2,17.8,21.5,884,30,51,84,142,219,7.1
KSLE,124,30,885,3765,4807,6910,9683,11608,883,9.9,11.5,14.3,17.8,21.5,883,30,51,84,142,217,6.7
KSLE,125,30,885,3809,4867,6961,9864,11630,882,9.9,11.6,14.4,17.9,21.6,882,30,51,84,140,216,6.6
KSLE,126,30,883,3828,4936,7033,9988,11703,879,9.8,11.6,14.5,18.0,21.5,879,30,50,83,139,214,6.4
KSLE,127,30,882,3841,5063,7236,10215,11775,878,9.9,11.6,14.5,18.1,21.6,878,29,49,83,137,216,6.5
KSLE,128,30,881,3934,5125,7369,10263,11849,877,9.9,11.7,14.6,18.4,22.0,877,29,50,84,141,224,7.0
KSLE,129,30,881,3995,5195,7507,10376,12007,877,10.0,11.8,14.8,18.7,22.3,877,29,49,84,140,224,6.6
KSLE,130,30,880,4047,5314,7699,10539,12145,876,10.0,12.0,15.3,19.0,22.7,876,29,50,85,141,226,6.8
KSLE,131,30,881,4067,5384,7707,10629,12306,878,10.2,12.1,15.5,19.0,22.9,878,28,49,84,138,222,6.6
KSLE,132,30,880,4131,5445,7651,10710,12393,877,10.3,12.2,15.7,19.2,23.0,877,28,49,84,138,223,6.7
KSLE,133,30,881,4265,5590,7713,10720,12422,877,10.5,12.5,16.0,19.4,23.0,877,28,50,85,138,222,6.8
KSLE,134,30,881,4339,5655,7831,10699,12422,877,10.6,12.7,16.1,19.5,23.4,877,29,51,85,139,223,7.2
KSLE,135,30,880,4388,5700,7848,10700,12431,875,10.6,12.8,16.2,19.5,23.4,875,29,50,87,138,223,7.0
KSLE,136,30,883,4425,5768,7964,10728,12459,878,10.8,13.0,16.3,19.7,23.7,878,30,51,87,138,223,7.1
KSLE,137,30,886,4536,5766,8113,10697,12510,881,11.0,13.4,16.5,19.9,24.1,881,31,51,87,140,225,7.4
KSLE,138,30,889,4724,5874,8215,10787,12605,882,11.3,13.7,16.7,20.5,24.2,882,33,53,89,140,225,7.6
KSLE,139,30,890,4841,5931,8364,10886,12693,883,11.6,14.0,17.1,20.9,24.4,883,34,54,90,140,226,7.5
KSLE,140,30,889,4859,6081,8432,10861,12653,883,11.7,14.3,17.2,21.1,24.6,883,35,56,91,141,225,7.6
KSLE,141,30,890,4915,6153,8484,10899,12623,885,12.0,14.5,17.3,21.2,24.8,885,35,56,91,141,227,7.6
KSLE,142,30,892,4936,6143,8498,10898,12638,887,12.2,14.6,17.4,21.3,24.8,887,35,56,91,141,228,7.3
KSLE,143,30,893,4978,6086,8503,11008,12666,888,12.2,14.6,17.5,21.3,24.9,888,36,55,90,139,221,7.1
KSLE,144,30,893,4963,6092,8599,11104,12714,887,12.4,14.7,17.5,21.3,25.0,887,36,55,90,140,219,7.2
KSLE,145,30,893,5028,6117,8852,11166,12690,887,12.5,14.8,17.6,21.6,25.3,887,36,56,90,140,225,7.7
KSLE,146,30,892,5053,6206,8990,11345,12692,886,12.5,14.8,17.8,21.8,25.6,886,36,56,91,141,232,8.2
KSLE,147,30,891,5094,6385,9252,11437,12695,885,12.7,14.7,17.8,21.8,26.0,885,36,57,91,141,229,8.1
KSLE,148,30,890,5127,6437,9400,11573,12803,885,12.8,14.8,17.9,22.0,26.3,885,36,58,91,142,232,8.4
KSLE,149,30,889,5180,6532,9567,11690,12936,885,12.8,14.8,18.0,22.2,26.4,885,36,59,92,142,233,8.5
KSLE,150,30,891,5230,6661,9649,11753,13044,888,12.9,14.9,18.1,22.3,26.5,888,36,59,92,146,233,8.7
KSLE,151,30,891,5284,6783,9701,11797,13129,888,13.1,15.0,18.2,22.4,26.5,888,36,61,94,148,235,8.8
KSLE,152,30,891,5366,6821,9724,11814,13162,888,13.2,15.1,18.2,22.5,26.4,888,39,63,94,148,236,8.9
KSLE,153,30,890,5343,6709,9714,11815,13164,889,13.3,15.1,18.2,22.6,26.4,889,39,63,94,149,236,8.8
KSLE,154,30,890,5352,6769,9677,11821,13169,889,13.3,15.2,18.2,22.6,26.3,889,39,63,96,151,244,9.1
KSLE,155,30,890,5365,6756,9699,11870,13196,887,13.4,15.2,18.3,22.5,26.1,887,39,63,98,154,244,9.2
KSLE,156,30,891,5366,6661,9685,11870,13231,888,13.5,15.2,18.3,22.5,26.1,888,40,64,98,154,243,9.1
KSLE,157,30,891,5436,6741,9728,11870,13228,888,13.5,15.2,18.3,22.6,26.3,888,40,64,99,154,244,9.5
KSLE,158,30,891,5512,6821,9826,11907,13228,888,13.5,15.3,18.4,22.5,26.3,888,41,65,100,158,252,10.1
KSLE,159,30,891,5558,6760,9793,11901,13296,889,13.5,15.3,18.4,22.5,26.1,889,43,66,102,160,245,9.6
KSLE,160,30,892,5559,6760,9704,11865,13342,890,13.5,15.3,18.4,22.5,26.1,890,43,66,102,160,244,9.2
KSLE,161,30,892,5499,6717,9704,11870,13427,890,13.5,15.3,18.3,22.3,26.0,890,43,67,102,160,235,8.7
KSLE,162,30,894,5548,6738,9688,11951,13558,892,13.5,15.3,18.3,22.4,25.9,892,44,68,103,160,241,9.0
KSLE,163,30,895,5569,6755,9698,11955,13614,893,13.5,15.3,18.3,22.3,25.8,893,45,69,103,161,244,9.1
KSLE,164,30,896,5598,6773,9704,11891,13635,894,13.6,15.4,18.3,22.0,25.7,894,44,66,101,158,231,8.3
KSLE,165,30,896,5631,6831,9814,11954,13662,894,13.7,15.4,18.3,21.8,25.6,894,43,65,99,153,227,7.7
KSLE,166,30,894,5718,6978,9946,12037,13622,892,13.7,15.6,18.4,22.1,25.8,892,43,64,99,151,225,7.4
KSLE,167,30,892,5803,7150,10123,12171,13647,890,13.6,15.6,18.5,22.1,25.9,890,42,63,99,151,224,7.2
KSLE,168,30,891,5887,7325,10415,12287,13671,889,13.6,15.6,18.6,22.1,25.8,889,43,64,99,151,224,7.2
KSLE,169,30,889,5955,7420,10540,12409,13805,887,13.7,15.7,18.6,22.2,25.9,887,43,64,98,151,223,7.0
KSLE,170,30,889,6069,7621,10725,12568,14039,889,13.7,15.8,18.8,22.4,25.8,889,42,64,97,147,215,6.5
KSLE,171,30,887,6194,8038,10817,12690,14203,887,13.7,15.9,18.9,22.4,26.0,887,43,63,96,146,211,6.3
KSLE,172,30,885,6290,8214,10951,12968,14261,885,13.8,16.1,19.0,22.7,26.3,885,42,64,97,147,213,6.3
KSLE,173,30,883,6385,8381,11066,13117,14428,882,14.0,16.2,19.1,23.0,26.5,882,42,63,97,146,209,5.8
KSLE,174,30,881,6554,8635,11174,13219,14440,879,14.0,16.3,19.3,23.2,26.9,879,40,63,96,146,211,6.4
KSLE,175,30,879,6655,8829,11448,13317,14447,877,14.1,16.5,19.5,23.3,27.4,877,40,63,96,146,210,6.5
KSLE,176,30,878,6864,9194,11602,13398,14590,876,14.2,16.7,19.8,23.6,27.5,876,39,63,96,145,208,6.4
KSLE,177,30,877,6982,9430,11683,13520,14736,875,14.4,16.8,19.9,23.8,27.7,875,39,63,95,144,205,5.6
KSLE,178,30,877,7068,9554,11755,13565,14860,875,14.4,16.8,20.0,24.0,27.8,875,37,62,94,141,203,5.1
KSLE,179,30,877,7134,9761,11957,13702,14972,874,14.4,16.8,20.1,24.1,28.1,874,37,61,93,141,202,5.4
KSLE,180,30,877,7348,9898,12208,13821,15004,874,14.5,16.9,20.3,24.2,28.3,874,38,62,94,143,204,5.7
KSLE,181,30,879,7515,10075,12351,13867,15007,876,14.6,16.9,20.4,24.3,28.3,876,39,62,94,145,204,5.7
KSLE,182,30,879,7788,10233,12536,13923,15049,876,14.8,16.9,20.4,24.5,28.6,876,39,62,93,145,203,5.6
KSLE,183,30,881,8082,10370,12687,14009,15069,878,14.8,17.0,20.4,24.5,28.7,878,38,59,91,145,204,5.7
KSLE,184,30,882,8356,10552,12836,14092,15087,879,14.9,17.1,20.4,24.5,28.7,879,37,58,90,142,204,5.8
KSLE,185,30,884,8547,10734,12942,14127,15123,881,15.0,17.3,20.5,24.9,29.2,881,39,61,91,142,205,6.0
KSLE,186,30,886,8688,10905,12968,14180,15164,883,15.0,17.3,20.7,25.0,29.2,883,38,61,90,142,208,6.1
KSLE,187,30,888,8782,11112,13023,14246,15284,885,14.8,17.3,20.9,24.9,29.0,885,39,59,90,141,205,5.6
KSLE,188,30,889,8960,11219,13146,14272,15319,887,14.9,17.3,20.9,25.0,28.9,887,40,60,90,140,204,5.1
KSLE,189,30,891,9111,11395,13176,14329,15415,890,15.0,17.4,20.9,24.8,28.9,890,40,60,90,139,202,4.8
KSLE,190,30,893,9411,11547,13255,14424,15485,891,15.0,17.4,20.8,24.8,28.9,891,41,61,90,138,201,4.7
KSLE,191,30,895,9453,11608,13363,14478,15511,893,15.0,17.4,20.8,24.6,28.9,893,41,62,91,138,200,4.8
KSLE,192,30,896,9583,11735,13416,14566,15517,894,15.1,17.6,20.9,24.7,28.9,894,42,61,93,140,204,5.0
KSLE,193,30,896,9788,11788,13492,14631,15546,894,15.1,17.8,21.2,24.8,29.2,894,42,62,93,140,207,5.0
KSLE,194,30,896,10063,11874,13552,14687,15587,895,15.2,17.9,21.3,24.9,29.3,895,43,62,94,141,211,5.0
KSLE,195,30,896,10132,11918,13592,14766,15625,893,15.1,18.1,21.4,24.9,29.4,893,43,62,93,140,211,4.9
KSLE,196,30,896,10135,12018,13616,14813,15803,893,15.1,18.1,21.4,25.0,29.3,893,42,60,90,137,209,4.9
KSLE,197,30,896,10217,12064,13634,14891,15843,893,15.1,18.2,21.6,25.4,29.6,893,41,60,91,137,212,5.4
KSLE,198,30,896,10337,12141,13701,14949,15903,893,15.4,18.4,21.7,25.7,29.9,893,42,61,92,137,210,5.4
KSLE,199,30,897,10570,12242,13786,14999,15911,894,15.1,18.3,21.7,25.6,29.9,894,42,61,93,136,204,4.9
KSLE,200,30,896,10779,12358,13903,15025,15911,893,15.1,18.2,21.6,25.6,29.7,893,41,59,91,135,203,4.7
KSLE,201,30,896,10870,12483,13948,15037,15911,893,15.0,18.2,21.5,25.5,29.6,893,40,57,91,133,199,4.5
KSLE,202,30,896,11028,12600,14030,15057,15874,893,15.0,18.0,21.4,25.4,29.7,893,39,57,89,131,194,4.6
KSLE,203,30,896,11177,12724,14110,15097,15864,892,15.0,18.2,21.4,25.4,29.8,892,38,56,88,127,191,4.7
KSLE,204,30,896,11177,12822,14216,15108,15846,892,15.0,18.3,21.3,25.4,29.9,892,36,55,88,125,191,4.6
KSLE,205,30,895,11109,12835,14221,15105,15836,892,15.1,18.3,21.3,25.4,29.9,892,36,54,87,124,181,4.1
KSLE,206,30,891,11183,12867,14242,15108,15838,888,15.1,18.3,21.3,25.4,29.8,888,36,54,85,120,179,3.8
KSLE,207,30,888,11351,12958,14244,15135,15862,885,15.0,18.2,21.2,25.4,29.9,885,35,53,82,117,171,3.6
KSLE,208,30,885,11613,13042,14229,15120,15818,882,15.0,18.2,21.3,25.4,29.5,882,34,53,80,118,170,3.9
KSLE,209,30,883,11749,13081,14229,15092,15781,880,14.9,18.2,21.3,25.5,29.6,880,33,52,79,117,170,3.9
KSLE,210,30,883,11813,13136,14221,15077,15776,880,15.0,18.2,21.3,25.5,29.6,880,32,51,78,116,167,3.6
KSLE,211,30,882,11851,13135,14210,15048,15702,878,15.1,18.2,21.4,25.5,29.8,878,32,51,78,115,168,3.5
KSLE,212,30,884,11872,13126,14184,14997,15688,880,15.1,18.0,21.3,25.6,29.7,880,31,49,76,114,167,3.4
KSLE,213,30,883,11805,13043,14160,14967,15603,879,15.3,18.1,21.4,25.7,29.6,879,31,49,76,114,168,3.4
KSLE,214,30,881,11639,12959,14098,14908,15597,877,15.4,18.3,21.5,25.8,29.6,877,31,49,76,115,168,3.8
KSLE,215,30,880,11500,12914,14049,14897,15603,876,15.6,18.5,21.5,25.8,29.8,876,31,49,77,115,168,4.0
KSLE,216,30,880,11431,12763,13981,14871,15603,874,15.8,18.7,21.7,26.1,29.9,874,32,50,78,116,174,3.9
KSLE,217,30,879,11224,12654,13902,14800,15600,872,15.8,18.8,21.9,26.2,29.8,872,32,51,79,117,175,3.7
KSLE,218,30,880,11145,12547,13806,14747,15573,874,15.8,18.8,21.9,26.2,29.8,874,32,52,80,117,174,3.4
KSLE,219,30,878,11144,12514,13735,14698,15601,872,15.8,18.8,21.9,26.2,29.7,872,32,52,80,118,172,3.3
KSLE,220,30,878,11144,12505,13735,14738,15659,872,15.7,18.8,22.0,26.1,29.7,872,32,52,80,116,171,3.2
KSLE,221,30,879,11102,12473,13743,14738,15662,873,15.7,18.8,22.0,26.3,30.0,873,32,52,81,119,174,3.7
KSLE,222,30,879,10955,12466,13711,14682,15679,873,16.1,18.8,22.1,26.5,30.0,873,32,53,82,122,175,3.8
KSLE,223,30,880,10916,12462,13699,14699,15674,874,16.0,19.0,22.2,26.8,30.2,874,33,53,84,122,176,3.7
KSLE,224,30,882,10854,12458,13726,14761,15730,876,16.2,19.0,22.2,26.9,30.0,876,34,55,84,119,177,3.4
KSLE,225,30,882,10847,12425,13718,14767,15706,877,16.3,19.0,22.1,26.9,30.0,877,34,54,84,120,180,3.3
KSLE,226,30,883,10844,12401,13671,14767,15740,877,16.2,19.0,22.0,26.8,30.1,877,34,55,85,124,180,3.6
KSLE,227,30,883,10783,12397,13668,14774,15751,877,16.2,19.0,21.9,26.5,30.0,877,36,57,87,126,181,3.9
KSLE,228,30,884,10851,12385,13699,14772,15748,877,16.1,18.9,21.9,26.3,30.0,877,37,57,87,126,181,4.0
KSLE,229,30,886,10907,12348,13731,14780,15761,879,15.7,18.7,21.9,26.2,30.0,879,37,57,87,125,186,4.2
KSLE,230,30,887,10806,12231,13725,14778,15695,880,15.6,18.6,21.9,26.2,30.0,880,37,58,88,125,186,4.2
KSLE,231,30,887,10785,12224,13730,14777,15660,882,15.3,18.3,21.8,26.0,30.0,882,38,58,88,126,186,4.8
KSLE,232,30,888,10784,12265,13761,14788,15690,884,15.2,18.1,21.5,26.0,30.0,884,38,58,88,126,193,5.1
KSLE,233,30,887,10603,12264,13764,14835,15695,883,15.0,17.9,21.5,25.8,30.0,883,38,58,88,126,199,5.8
KSLE,234,30,888,10471,12227,13780,14827,15631,884,15.0,17.8,21.5,25.9,30.0,884,39,59,90,129,212,6.2
KSLE,235,30,888,10323,12199,13752,14759,15566,884,15.1,17.8,21.5,26.2,30.2,884,40,61,92,137,223,7.2
KSLE,236,30,890,10248,12178,13669,14702,15522,885,15.2,17.8,21.5,25.9,30.1,885,41,63,93,143,227,7.7
KSLE,237,30,893,10211,12109,13640,14656,15459,888,15.1,17.8,21.6,25.7,29.9,888,41,63,95,149,228,7.8
KSLE,238,30,894,10074,12003,13615,14625,15463,889,15.1,17.8,21.4,25.6,29.9,889,40,64,96,150,241,8.7
KSLE,239,30,894,10029,11936,13590,14606,15459,889,14.9,17.7,21.3,25.4,29.7,889,40,64,99,155,242,8.9
KSLE,240,30,893,9736,11824,13530,14600,15449,889,14.8,17.6,21.3,25.3,29.6,889,43,67,101,159,245,9.2
KSLE,241,30,893,9324,11737,13481,14600,15417,891,14.9,17.6,21.3,25.2,29.5,891,43,66,101,159,245,9.2
KSLE,242,30,892,8983,11652,13438,14580,15418,890,14.8,17.4,21.1,25.2,29.4,890,41,66,100,158,242,8.7
KSLE,243,30,892,8741,11572,13328,14569,15432,890,14.7,17.2,20.9,25.0,29.5,890,41,66,100,159,241,8.3
KSLE,244,30,891,8650,11558,13258,14518,15405,889,14.6,17.2,20.9,25.0,29.4,889,40,66,101,157,231,8.1
KSLE,245,30,892,8594,11556,13276,14475,15390,890,14.6,17.2,20.9,25.1,29.4,890,39,65,101,159,232,8.2
KSLE,246,30,892,8373,11533,13261,14442,15390,890,14.5,17.4,20.9,25.1,29.3,890,40,67,105,161,232,8.1
KSLE,247,30,892,8292,11508,13258,14438,15390,890,14.6,17.4,20.9,25.0,29.0,890,40,67,103,160,232,8.1
KSLE,248,30,891,8151,11506,13281,14396,15422,889,14.3,17.3,20.8,25.0,29.2,889,37,65,102,158,228,7.6
KSLE,249,30,892,8031,11378,13277,14427,15482,890,13.9,17.2,20.8,24.9,28.9,890,34,61,98,153,225,7.2
KSLE,250,30,891,7948,11347,13264,14429,15485,889,13.6,17.0,20.6,24.5,28.6,889,34,61,98,149,220,6.4
KSLE,251,30,892,7930,11321,13261,14429,15475,891,13.4,16.9,20.5,24.5,28.3,891,33,59,96,146,218,6.1
KSLE,252,30,892,7869,11267,13183,14426,15475,890,13.3,16.9,20.4,24.5,28.5,890,32,58,95,148,225,7.0
KSLE,253,30,893,7674,10988,13060,14300,15436,890,13.2,16.8,20.4,24.3,28.1,890,32,58,93,148,224,6.6
KSLE,254,30,892,7616,10582,12992,14173,15342,889,13.3,17.1,20.6,24.4,28.3,889,32,59,94,151,228,7.8
KSLE,255,30,892,7573,10351,12862,14126,15247,889,13.3,17.0,20.6,24.5,28.8,889,31,59,95,156,241,8.8
KSLE,256,30,890,7523,10225,12782,14086,15172,887,13.4,17.1,20.5,24.5,29.1,887,32,59,97,157,244,9.2
KSLE,257,30,891,7530,10226,12783,14086,15141,888,13.5,17.1,20.5,24.4,28.8,888,33,60,100,159,245,9.6
KSLE,258,30,891,7523,10200,12783,14118,15108,889,13.5,17.1,20.6,24.4,28.5,889,34,61,103,159,245,9.7
KSLE,259,30,892,7372,10114,12752,14126,15137,890,13.3,16.9,20.3,24.1,28.1,890,36,60,101,157,245,9.8
KSLE,260,30,892,7324,9911,12618,14136,15140,890,13.1,16.6,20.1,23.9,28.0,890,34,60,99,159,259,10.6
KSLE,261,30,892,7324,9950,12597,14129,15140,889,13.1,16.3,20.1,23.7,28.2,889,32,59,98,161,263,11.2
KSLE,262,30,892,7324,9886,12587,14111,15114,889,13.0,16.3,20.2,23.7,28.2,889,33,60,101,168,268,12.1
KSLE,263,30,892,7323,9812,12538,14084,15114,889,13.2,16.5,20.1,23.8,28.0,889,34,62,106,175,273,12.7
KSLE,264,30,890,7307,9764,12492,14050,15153,887,13.1,16.4,20.1,23.9,28.3,887,38,63,106,177,284,13.6
KSLE,265,30,890,7307,9764,12494,14048,15168,887,13.0,16.4,20.0,23.9,28.3,887,36,62,105,177,284,13.6
KSLE,266,30,889,7235,9634,12542,14042,15165,886,13.0,16.4,20.0,23.9,28.3,886,37,62,105,174,284,13.5
KSLE,267,30,888,7127,9623,12547,14049,15166,885,13.1,16.3,20.0,23.9,28.1,885,38,63,106,174,283,13.7
KSLE,268,30,888,7056,9586,12570,14101,15211,886,13.0,16.2,19.9,23.8,28.2,886,38,63,106,172,285,14.0
KSLE,269,30,889,6922,9573,12510,14134,15247,887,12.9,16.1,19.5,23.4,27.8,887,38,63,106,170,278,13.3
KSLE,270,30,890,6687,9446,12486,14131,15259,888,12.8,15.8,19.1,23.3,27.3,888,37,63,104,166,274,12.7
KSLE,271,30,891,6546,9203,12421,14118,15223,889,12.7,15.6,18.8,23.0,27.2,889,38,63,104,166,272,12.7
KSLE,272,30,891,6486,9081,12339,14061,15180,889,12.5,15.2,18.7,22.8,27.1,889,35,60,102,163,273,12.8
KSLE,273,30,888,6470,8996,12320,13961,15165,886,12.1,15.1,18.6,22.7,27.1,886,35,61,101,163,273,13.0
KSLE,274,30,885,6454,8993,12274,13878,15152,883,12.2,15.1,18.7,22.8,27.2,883,36,63,104,170,280,13.5
KSLE,275,30,885,6343,8853,12202,13787,15111,883,12.5,15.3,18.8,22.8,27.3,883,37,64,106,176,286,13.6
KSLE,276,30,884,6095,8503,11965,13702,15087,883,12.4,15.3,18.7,22.8,27.2,883,38,64,108,176,290,14.0
KSLE,277,30,882,5984,8176,11739,13591,15039,880,12.3,15.2,18.5,22.6,27.2,880,38,64,107,173,291,14.4
KSLE,278,30,882,5902,7945,11458,13351,14782,880,12.2,15.0,18.3,22.5,26.9,880,38,64,105,172,297,14.7
KSLE,279,30,884,5738,7766,11263,13157,14659,882,11.8,14.9,18.1,22.2,26.7,882,38,64,107,177,299,14.7
KSLE,280,30,886,5743,7530,11019,12993,14484,884,11.8,14.9,18.1,22.3,26.8,884,40,68,111,188,306,15.7
KSLE,281,30,886,5811,7394,10847,12814,14436,884,11.7,14.8,18.0,22.1,26.8,884,40,69,114,196,315,16.6
KSLE,282,30,887,5778,7333,10675,12738,14318,886,11.4,14.4,17.9,21.9,26.5,886,41,69,114,196,321,16.8
KSLE,283,30,886,5754,7328,10556,12694,14082,885,11.3,14.2,17.8,21.9,26.3,885,41,69,117,198,329,17.2
KSLE,284,30,886,5723,7311,10556,12687,13924,885,11.2,14.2,17.8,21.9,26.5,885,40,69,120,205,339,18.3
KSLE,285,30,884,5732,7371,10585,12682,13829,883,11.2,14.2,17.8,22.0,26.7,883,41,70,123,209,344,18.9
KSLE,286,30,884,5779,7494,10602,12680,13767,883,11.2,14.2,18.0,22.3,26.8,883,40,72,125,214,353,19.6
KSLE,287,30,884,5745,7544,10601,12642,13655,883,11.2,14.3,18.0,22.5,26.9,883,42,73,130,225,363,21.0
KSLE,288,30,887,5683,7448,10463,12604,13626,885,11.2,14.4,18.1,22.4,26.8,885,42,74,135,233,370,21.7
KSLE,289,30,890,5634,7349,10353,12515,13585,888,11.2,14.3,18.0,22.4,26.9,888,40,73,134,233,370,22.2
KSLE,290,30,890,5538,7326,10318,12500,13556,888,11.1,14.1,17.8,22.4,26.9,888,40,72,131,233,371,21.8
KSLE,291,30,890,5488,7329,10303,12490,13543,887,11.1,14.0,17.7,22.2,26.7,887,40,72,130,228,369,21.2
KSLE,292,30,892,5424,7181,10232,12433,13545,889,11.1,13.8,17.6,22.0,26.4,889,40,72,132,224,357,20.7
KSLE,293,30,894,5359,7204,10245,12445,13551,891,11.1,13.9,17.7,22.0,26.7,891,39,72,135,230,365,21.1
KSLE,294,30,894,5294,7161,10226,12439,13620,891,11.1,13.8,17.6,22.0,26.7,891,40,71,135,224,371,20.9
KSLE,295,30,893,5131,6977,10071,12394,13572,889,11.0,13.7,17.3,21.9,26.4,889,39,69,133,230,380,21.1
KSLE,296,30,894,5022,6668,9828,12232,13533,888,11.1,13.8,17.3,21.9,26.3,888,39,69,135,230,383,21.6
KSLE,297,30,894,4955,6529,9730,12051,13419,888,10.9,13.8,17.1,21.8,26.3,888,39,69,132,231,381,21.8
KSLE,298,30,895,4842,6434,9482,11779,13335,889,10.6,13.6,17.1,21.8,26.9,889,39,69,132,235,385,22.6
KSLE,299,30,895,4760,6329,9261,11611,13262,889,10.4,13.5,17.0,21.6,26.7,889,40,68,129,238,386,22.8
KSLE,300,30,897,4674,6251,9097,11423,13203,891,10.2,13.3,16.8,21.6,26.4,891,40,67,127,234,388,22.8
KSLE,301,30,898,4560,5955,8953,11367,13151,891,10.0,13.1,16.4,21.3,26.1,891,39,67,126,232,383,22.0
KSLE,302,30,898,4432,5738,8671,11214,13077,891,9.9,12.9,16.1,21.1,26.1,891,40,68,127,231,383,21.7
KSLE,303,30,898,4289,5566,8574,11125,12894,892,9.9,12.8,15.9,21.0,26.2,892,40,68,128,231,387,21.5
KSLE,304,30,898,4205,5451,8423,11014,12794,892,9.9,12.7,16.0,20.9,26.2,892,40,68,130,233,403,22.2
KSLE,305,30,898,4170,5343,8201,10847,12677,892,9.8,12.6,16.0,21.0,26.2,892,41,68,130,238,403,22.8
KSLE,306,30,899,4117,5201,8084,10757,12641,893,9.5,12.4,16.0,21.0,26.2,893,40,67,130,239,405,23.2
KSLE,307,30,898,3929,5132,7967,10641,12554,892,9.4,12.2,15.8,20.9,26.2,892,39,65,130,237,410,23.0
KSLE,308,30,898,3858,4990,7846,10511,12445,892,9.4,12.1,15.6,20.5,26.1,892,37,63,127,231,401,21.9
KSLE,309,30,896,3800,4958,7714,10385,12269,890,9.4,12.0,15.6,20.6,26.1,890,37,64,128,233,401,22.2
KSLE,310,30,897,3777,4870,7526,10256,12172,891,9.2,11.9,15.6,20.6,26.2,891,38,64,128,237,401,23.0
KSLE,311,30,897,3722,4818,7521,10226,12068,893,9.2,11.9,15.6,20.6,26.1,893,38,64,129,239,419,23.5
KSLE,312,30,896,3715,4732,7366,10143,12051,892,9.4,11.8,15.6,20.5,26.1,892,38,66,131,239,418,23.4
KSLE,313,30,896,3704,4697,7242,10164,12116,891,9.7,11.8,15.7,20.5,25.6,891,37,66,129,239,416,23.3
KSLE,314,30,895,3671,4599,7084,10102,12032,890,9.8,12.0,15.6,20.4,25.4,890,37,67,131,238,406,22.9
KSLE,315,30,893,3668,4524,6768,10025,11992,888,9.9,12.1,15.7,20.2,25.2,888,37,68,133,240,416,23.5
KSLE,316,30,893,3653,4495,6576,9943,11930,889,9.9,12.1,15.6,19.9,25.1,889,37,67,133,241,417,24.0
KSLE,317,30,890,3649,4484,6517,9738,11774,886,9.9,12.1,15.7,19.8,24.9,886,37,68,134,246,419,24.7
KSLE,318,30,888,3564,4453,6412,9538,11683,883,9.8,12.0,15.7,19.7,24.5,883,36,68,135,259,421,25.6
KSLE,319,30,886,3458,4414,6288,9345,11530,880,9.6,11.6,15.4,19.4,23.9,880,35,68,133,245,412,24.3
KSLE,320,30,884,3320,4321,6182,9173,11373,878,9.3,11.4,15.2,19.2,23.7,878,33,68,133,245,418,24.5
KSLE,321,30,881,3185,4232,6138,9164,11142,876,9.1,11.3,15.0,19.1,23.6,876,31,67,133,245,418,24.3
KSLE,322,30,880,3029,4216,6050,9056,11024,876,8.9,11.3,15.0,19.3,23.8,876,31,68,134,248,421,24.8
KSLE,323,30,878,2870,4173,6065,8984,10938,874,8.7,11.3,15.0,19.4,24.3,874,32,70,134,264,434,26.2
KSLE,324,30,878,2691,4058,5930,8925,10920,873,8.5,11.3,14.9,19.3,24.1,873,32,70,134,263,434,26.2
KSLE,325,30,876,2643,4039,5837,8905,10844,871,8.5,11.2,14.5,18.9,23.9,871,32,70,131,251,423,25.5
KSLE,326,30,873,2365,3967,5705,8842,10813,868,8.3,11.0,14.4,18.6,23.3,868,33,68,128,245,407,24.5
KSLE,327,30,872,2203,3906,5583,8578,10585,867,8.1,11.0,14.3,18.4,23.2,867,32,66,127,245,406,24.3
KSLE,328,30,872,2073,3792,5356,8440,10406,868,7.9,10.8,14.1,18.2,22.9,868,30,66,127,238,392,23.3
KSLE,329,30,872,2017,3759,5286,8374,10386,868,7.9,10.8,13.9,18.0,22.7,868,30,66,124,237,405,23.0
KSLE,330,30,873,1919,3710,5233,8315,10182,869,8.0,10.8,13.8,17.9,22.5,869,30,63,123,234,390,22.8
KSLE,331,30,873,1858,3597,5161,8344,10081,865,8.1,10.7,13.7,17.8,22.5,865,31,63,120,231,390,22.5
KSLE,332,30,876,1368,3470,5134,8253,10017,868,7.7,10.5,13.5,17.5,22.3,868,30,60,116,225,382,21.2
KSLE,333,30,878,1164,3394,5050,8164,10013,871,7.5,10.4,13.4,17.3,22.3,871,30,58,110,212,380,20.1
KSLE,334,30,879,797,3317,4960,8053,9965,872,7.5,10.4,13.4,17.3,22.0,872,30,57,109,212,380,20.2
KSLE,335,30,880,536,3291,4899,7952,9934,873,7.4,10.4,13.4,17.1,21.7,873,29,57,107,205,375,19.0
KSLE,336,30,882,457,3203,4838,7740,9821,874,7.4,10.4,13.3,17.0,21.5,874,30,56,108,204,371,19.0
KSLE,337,30,884,289,3121,4752,7709,9819,876,7.4,10.4,13.3,16.9,21.1,876,30,56,107,204,368,19.1
KSLE,338,30,885,249,3112,4760,7695,9912,877,7.3,10.4,13.2,16.8,20.7,877,29,56,107,202,358,18.5
KSLE,339,30,887,267,3114,4677,7552,9813,879,7.4,10.4,13.2,16.8,20.8,879,29,55,108,204,359,18.7
KSLE,340,30,889,200,3078,4666,7514,9725,882,7.4,10.4,13.2,16.9,21.0,882,29,57,110,206,364,18.9
KSLE,341,30,891,200,3064,4666,7467,9704,884,7.4,10.5,13.3,16.9,20.8,884,28,56,114,209,369,19.0
KSLE,342,30,893,218,3046,4636,7396,9670,885,7.4,10.4,13.2,16.8,20.6,885,29,56,112,208,372,18.9
KSLE,343,30,893,200,3041,4529,7316,9650,885,7.6,10.4,13.1,16.6,20.6,885,29,57,112,207,359,18.6
KSLE,344,30,894,200,2985,4530,7329,9669,886,7.4,10.3,13.1,16.7,20.5,886,29,55,110,209,364,19.0
KSLE,345,30,895,200,2901,4528,7343,9717,887,7.2,10.2,13.0,16.6,20.4,887,27,55,108,207,372,18.8
KSLE,346,30,895,200,2801,4531,7326,9643,891,7.3,10.1,13.0,16.8,20.5,891,28,55,109,206,373,19.0
KSLE,347,30,895,200,2770,4449,7145,9608,891,7.4,10.2,13.0,16.7,20.6,891,29,57,112,209,373,19.0
KSLE,348,30,895,200,2868,4507,7108,9540,891,7.6,10.4,13.2,16.9,20.9,891,29,60,121,217,381,20.1
KSLE,349,30,895,200,2976,4525,7108,9506,892,7.6,10.4,13.2,17.0,21.3,892,29,63,125,222,387,20.9
KSLE,350,30,896,200,2971,4504,7047,9469,893,7.8,10.3,13.2,17.0,21.5,893,32,65,125,224,389,21.3
KSLE,351,30,897,200,2956,4476,7060,9443,895,7.9,10.3,13.1,17.0,21.6,895,33,67,124,222,386,20.8
KSLE,352,30,897,200,2926,4500,7083,9348,892,8.0,10.2,12.9,16.9,21.5,892,32,64,121,220,386,20.3
KSLE,353,30,898,200,2847,4402,7044,9194,892,7.8,10.1,12.8,16.8,21.5,892,32,62,120,220,383,20.2
KSLE,354,30,898,200,2748,4362,6986,9240,893,7.8,10.0,12.7,16.8,21.4,893,32,62,117,220,382,20.2
KSLE,355,30,898,200,2646,4331,6902,9115,893,7.8,10.0,12.7,16.8,21.3,893,33,62,118,218,381,19.7
KSLE,356,30,899,200,2720,4331,6946,9110,894,7.8,10.0,12.7,16.8,21.3,894,33,62,117,214,380,19.8
KSLE,357,30,899,200,2713,4331,6977,9183,893,7.9,10.1,12.7,16.9,21.4,893,34,62,116,213,381,19.7
KSLE,358,30,898,200,2644,4392,7076,9325,892,7.8,10.1,12.8,17.0,21.8,892,34,62,117,216,386,20.3
KSLE,359,30,897,200,2592,4362,7103,9326,891,7.8,10.0,12.8,16.9,21.8,891,34,62,115,213,382,19.8
KSLE,360,30,897,200,2536,4331,7135,9232,890,7.9,10.1,12.8,16.8,21.8,890,34,62,116,213,376,19.9
KSLE,361,30,897,200,2488,4406,7200,9352,890,7.8,10.1,12.8,16.9,21.7,890,31,61,116,218,382,20.3
KSLE,362,30,897,200,2473,4456,7366,9357,890,7.7,10.1,12.7,16.9,21.8,890,30,59,116,216,386,20.3
KSLE,363,30,897,200,2440,4410,7366,9371,889,7.6,9.8,12.7,16.8,21.6,889,29,56,112,214,382,19.9
KSLE,364,30,897,200,2335,4355,7412,9415,889,7.6,9.9,12.7,16.5,21.6,889,29,56,110,216,368,19.7
KSLE,365,30,896,200,2313,4332,7485,9454,888,7.6,9.8,12.7,16.6,21.6,888,28,56,110,219,367,19.8
KSLE,366,30,896,200,2292,4387,7573,9503,888,7.6,9.9,12.9,16.9,21.9,888,29,57,110,221,368,20.5
KMFR,1,30,899,1302,2316,5092,8068,10399,897,7.2,9.0,11.4,15.0,18.9,897,27,47,91,163,268,11.0
KMFR,2,30,899,1302,2457,5159,8301,10367,897,7.3,9.1,11.7,15.1,19.1,897,27,48,92,167,270,11.4
KMFR,3,30,899,1302,2644,5249,8301,10344,897,7.3,9.2,11.8,15.2,19.1,897,27,48,93,168,269,11.4
KMFR,4,30,898,1302,2701,5370,8440,10368,896,7.3,9.3,11.8,15.3,19.1,896,27,48,93,168,271,11.7
KMFR,5,30,897,1302,2736,5406,8468,10382,895,7.2,9.1,11.8,15.2,18.8,895,27,49,93,163,266,11.2
KMFR,6,30,897,1302,2803,5456,8489,10349,896,7.2,9.1,11.7,15.3,18.8,896,27,48,93,163,260,11.0
KMFR,7,30,896,1302,2849,5590,8633,10479,895,7.1,9.1,11.7,15.3,18.8,895,27,48,93,163,257,10.7
KMFR,8,30,897,1302,2846,5650,8719,10464,896,7.1,9.0,11.7,15.3,18.8,896,27,47,93,163,256,10.6
KMFR,9,30,897,1302,2846,5656,8641,10473,896,7.0,9.0,11.8,15.4,18.8,896,27,47,95,163,255,10.5
KMFR,10,30,897,1302,2846,5665,8606,10436,896,7.1,9.0,11.8,15.3,18.8,896,26,47,93,163,257,10.8
KMFR,11,30,897,1302,2831,5628,8563,10464,896,7.0,9.0,12.0,15.5,19.2,896,26,47,96,166,268,11.6
KMFR,12,30,897,1302,2965,5673,8550,10505,895,7.1,9.1,12.1,15.5,19.3,895,26,47,95,169,269,11.8
KMFR,13,30,895,1302,3081,5709,8518,10496,892,7.1,9.1,12.0,15.4,19.0,892,26,46,93,167,265,11.5
KMFR,14,30,893,1302,3201,5815,8481,10424,890,7.1,9.1,12.0,15.3,18.8,890,26,47,94,169,269,11.7
KMFR,15,30,890,1302,3224,5842,8497,10371,887,6.9,9.0,11.9,15.3,18.8,887,25,46,91,169,266,11.8
KMFR,16,30,889,1302,3142,5826,8512,10425,885,6.7,8.9,11.7,15.2,18.8,885,25,46,90,164,260,11.4
KMFR,17,30,889,1302,3081,5856,8489,10472,885,6.6,8.7,11.8,15.1,18.7,885,25,46,91,162,256,11.0
KMFR,18,30,889,1302,3079,5879,8609,10574,885,6.6,8.6,11.7,15.1,18.7,885,25,46,89,161,254,10.7
KMFR,19,30,890,1302,3141,5819,8545,10613,886,6.7,8.6,11.6,15.0,18.8,886,25,45,88,159,252,10.3
KMFR,20,30,891,1302,3153,5736,8529,10606,887,6.6,8.6,11.4,14.9,18.8,887,24,45,83,155,252,10.1
KMFR,21,30,891,1302,3153,5774,8517,10589,886,6.7,8.6,11.5,14.8,18.8,886,24,45,83,156,250,10.0
KMFR,22,30,892,1302,3223,5725,8475,10487,885,6.8,8.7,11.5,14.8,18.7,885,24,45,84,157,251,10.2
KMFR,23,30,890,1302,3266,5725,8474,10520,881,6.8,8.9,11.6,14.8,18.7,881,24,46,83,158,251,10.3
KMFR,24,30,888,1302,3371,5710,8565,10533,880,6.8,8.8,11.3,14.6,18.7,880,24,45,80,157,251,10.2
KMFR,25,30,888,1302,3479,5735,8547,10513,880,6.8,8.8,11.3,14.6,18.5,880,23,45,82,157,250,9.9
KMFR,26,30,888,1302,3610,5787,8499,10479,880,6.8,8.8,11.2,14.4,18.4,880,23,44,79,155,239,9.3
KMFR,27,30,888,1302,3630,5826,8535,10483,881,6.6,8.8,11.2,14.5,18.3,881,23,44,79,149,234,9.0
KMFR,28,30,890,1302,3648,5896,8646,10543,884,6.7,8.7,11.3,14.5,18.4,884,23,44,79,150,235,9.0
KMFR,29,30,892,1302,3648,6058,8707,10588,885,6.6,8.7,11.3,14.7,18.5,885,22,44,79,149,235,9.0
KMFR,30,30,895,1302,3705,6168,8785,10606,888,6.6,8.7,11.4,14.8,18.5,888,23,43,81,149,242,9.6
KMFR,31,30,896,1302,3766,6168,8823,10605,890,6.8,8.8,11.5,14.7,18.7,890,23,43,80,151,249,9.8
KMFR,32,30,896,1302,3729,6089,8789,10605,890,6.8,8.8,11.4,14.7,18.5,890,22,42,79,149,249,9.8
KMFR,33,30,896,1302,3706,6087,8684,10605,890,6.8,8.8,11.4,14.6,18.5,890,22,42,79,147,249,9.8
KMFR,34,30,896,1302,3754,6176,8784,10620,890,6.7,8.8,11.3,14.5,18.3,890,22,41,78,145,242,9.3
KMFR,35,30,896,1302,3828,6389,8895,10650,889,6.7,8.8,11.4,14.5,18.3,889,23,42,79,145,236,8.9
KMFR,36,30,896,1302,3906,6442,9052,10699,890,6.8,8.8,11.3,14.3,18.1,890,23,42,79,140,231,8.4
KMFR,37,30,896,1302,3998,6424,9071,10718,892,6.7,8.7,11.2,14.3,18.0,892,22,41,78,139,229,8.1
KMFR,38,30,897,1302,4147,6437,8960,10746,895,6.9,8.7,11.2,14.2,17.9,895,22,41,78,137,225,7.8
KMFR,39,30,898,1302,4157,6389,8892,10776,896,6.9,8.8,11.3,14.2,18.0,896,23,42,79,135,224,7.7
KMFR,40,30,896,1302,4188,6339,8894,10780,894,6.9,8.8,11.2,14.2,18.1,894,23,43,79,135,224,7.6
KMFR,41,30,894,1302,4253,6294,9015,10803,892,7.0,8.8,11.2,14.1,18.1,892,23,44,80,134,223,7.5
KMFR,42,30,892,1302,4193,6097,8802,10758,890,7.0,8.8,11.2,14.1,18.1,890,23,43,80,135,223,7.5
KMFR,43,30,890,1302,4143,6035,8551,10641,887,6.9,8.8,11.1,14.0,17.8,887,23,42,77,135,223,7.6
KMFR,44,30,888,1378,4141,5954,8488,10599,886,6.9,8.7,11.1,14.1,17.7,886,23,43,75,131,222,7.3
KMFR,45,30,888,1734,4088,5901,8394,10558,886,7.0,8.7,11.0,14.0,17.8,886,23,42,75,132,221,6.9
KMFR,46,30,888,1655,3988,5872,8148,10525,886,7.0,8.7,10.9,14.0,17.3,886,23,42,75,131,209,6.3
KMFR,47,30,888,2035,4003,5867,8048,10463,885,6.9,8.6,10.9,13.9,17.3,885,23,42,73,126,207,6.3
KMFR,48,30,888,2283,3995,5812,7979,10398,885,6.9,8.6,10.8,13.8,17.0,885,23,42,74,129,205,6.1
KMFR,49,30,888,2394,3960,5788,7930,10378,885,6.9,8.6,10.8,13.8,16.9,885,23,41,74,129,206,6.4
KMFR,50,30,888,2319,3905,5701,7893,10379,886,6.8,8.5,10.8,13.8,16.9,886,22,41,73,129,207,6.7
KMFR,51,30,887,2108,3821,5659,7800,10284,885,6.7,8.4,10.8,13.9,17.1,885,23,41,74,130,213,6.8
KMFR,52,30,885,2152,3776,5641,7798,10122,883,6.7,8.4,10.7,13.9,17.1,883,23,41,73,129,207,6.8
KMFR,53,30,840,2141,3752,5589,7748,10113,838,6.7,8.4,10.7,13.8,16.8,838,23,41,73,129,206,6.7
KMFR,54,30,839,2172,3782,5584,7690,10009,836,6.6,8.4,10.7,13.9,16.8,836,23,41,73,130,205,6.1
KMFR,55,30,839,2165,3773,5611,7609,9967,836,6.7,8.3,10.8,13.9,16.6,836,23,41,74,130,204,5.7
KMFR,56,30,841,2184,3781,5659,7639,9911,837,6.7,8.4,10.8,14.0,16.6,837,23,42,75,129,204,5.6
KMFR,57,30,843,2318,3773,5748,7652,9790,839,6.8,8.4,10.7,14.0,16.4,839,23,43,75,125,200,5.2
KMFR,58,30,845,2382,3826,5749,7667,9572,842,6.9,8.4,10.7,14.1,16.6,842,23,42,76,126,200,5.2
KMFR,59,30,847,2350,3810,5749,7753,9759,843,6.9,8.4,10.8,14.1,16.7,843,23,41,77,127,204,5.1
KMFR,60,30,845,2275,3782,5732,7811,9791,841,6.9,8.4,10.9,14.0,16.7,841,23,41,75,124,195,4.6
KMFR,61,30,843,2402,3944,5771,7871,9966,838,6.9,8.4,10.9,14.1,16.7,838,23,41,74,124,195,4.7
KMFR,62,30,841,2404,4027,5899,8049,10125,837,6.9,8.5,11.0,14.3,17.1,837,22,41,76,125,203,5.3
KMFR,63,30,839,2516,4101,5978,8200,10192,835,7.0,8.6,11.0,14.4,17.3,835,21,40,75,125,205,5.4
KMFR,64,30,837,2498,4180,6030,8227,10159,832,7.0,8.7,11.1,14.6,17.4,832,21,40,76,130,205,5.0
KMFR,65,30,835,2668,4311,6158,8397,10231,830,7.0,8.8,11.2,14.7,17.5,830,21,40,78,131,205,4.9
KMFR,66,30,834,2801,4366,6282,8632,10453,829,7.2,8.8,11.2,14.6,17.6,829,21,40,78,133,208,5.1
KMFR,67,30,834,2968,4392,6324,8652,10568,829,7.2,8.9,11.2,14.7,17.6,829,21,41,80,136,211,5.4
KMFR,68,30,878,2982,4392,6388,8673,10575,873,7.2,8.9,11.2,14.8,17.7,873,21,42,80,139,217,6.0
KMFR,69,30,879,3054,4472,6447,8713,10596,875,7.2,8.9,11.3,14.9,17.9,875,21,41,79,137,221,6.5
KMFR,70,30,881,3169,4469,6504,8795,10645,877,7.3,9.0,11.3,14.8,17.9,877,21,41,79,136,220,6.3
KMFR,71,30,881,3182,4482,6574,8945,10737,878,7.3,9.0,11.3,14.7,18.1,878,21,41,78,137,221,6.4
KMFR,72,30,880,3181,4553,6716,9043,10761,877,7.2,9.0,11.4,14.8,18.3,877,21,41,78,140,222,6.6
KMFR,73,30,880,3277,4635,6923,9158,10878,877,7.3,9.1,11.5,14.9,18.5,877,21,42,80,142,223,7.2
KMFR,74,30,880,3438,4785,7112,9236,10810,878,7.3,9.1,11.6,14.9,18.6,878,21,43,80,141,223,6.8
KMFR,75,30,882,3459,4822,7156,9251,10864,880,7.3,9.2,11.6,14.9,18.7,880,21,43,81,142,226,7.3
KMFR,76,30,884,3443,4812,7156,9207,10720,883,7.3,9.2,11.6,14.9,19.0,883,21,44,83,142,231,7.7
KMFR,77,30,886,3492,4822,6988,9131,10608,885,7.4,9.2,11.6,14.9,18.6,885,21,45,84,142,224,6.9
KMFR,78,30,888,3537,4812,6849,9021,10551,887,7.4,9.2,11.6,14.9,18.6,887,21,46,85,142,221,6.7
KMFR,79,30,890,3610,4685,6654,8980,10510,890,7.5,9.3,11.6,14.8,18.4,890,22,46,85,141,222,6.7
KMFR,80,30,892,3524,4674,6500,8785,10424,892,7.6,9.3,11.6,14.7,18.4,892,22,47,85,141,222,7.0
KMFR,81,30,894,3574,4665,6402,8636,10246,894,7.6,9.3,11.6,14.7,18.3,894,23,48,86,141,213,6.6
KMFR,82,30,896,3600,4685,6370,8599,10235,896,7.6,9.3,11.6,14.7,18.3,896,25,47,83,140,212,6.5
KMFR,83,30,898,3588,4697,6365,8618,10276,897,7.6,9.3,11.6,14.7,18.3,897,25,47,82,137,212,6.5
KMFR,84,30,899,3572,4760,6384,8773,10299,898,7.6,9.3,11.7,14.8,18.3,898,25,46,81,135,209,6.2
KMFR,85,30,899,3504,4760,6429,8769,10417,898,7.6,9.3,11.8,14.9,18.3,898,25,46,80,136,210,6.3
KMFR,86,30,899,3501,4692,6312,8661,10425,898,7.6,9.4,12.0,14.9,18.3,898,25,46,80,131,205,5.8
KMFR,87,30,900,3460,4680,6238,8618,10473,899,7.5,9.3,12.0,14.9,18.3,899,26,46,79,127,201,5.7
KMFR,88,30,900,3374,4625,6212,8534,10497,899,7.5,9.3,11.9,14.8,18.0,899,26,46,78,125,191,5.0
KMFR,89,30,900,3356,4600,6107,8522,10497,898,7.5,9.2,11.8,14.9,18.0,898,25,45,78,124,188,5.3
KMFR,90,30,900,3460,4587,6071,8433,10497,898,7.6,9.3,11.9,15.0,18.0,898,26,46,78,125,195,5.2
KMFR,91,30,900,3484,4677,6129,8472,10603,898,7.6,9.5,12.0,15.0,18.0,898,26,46,78,126,199,5.2
KMFR,92,30,900,3455,4670,6212,8583,10738,898,7.6,9.5,12.2,15.0,17.9,898,28,47,78,124,197,5.2
KMFR,93,30,900,3427,4670,6198,8653,10805,898,7.6,9.6,12.3,15.1,18.0,898,28,46,78,124,199,5.0
KMFR,94,30,900,3501,4700,6236,8751,10896,897,7.6,9.6,12.3,15.1,18.1,897,29,47,78,122,197,5.0
KMFR,95,30,900,3521,4793,6385,8768,10975,897,7.6,9.6,12.4,15.3,18.3,897,28,46,78,122,194,4.8
KMFR,96,30,900,3539,4806,6457,8778,11093,897,7.7,9.8,12.4,15.3,18.4,897,28,47,78,123,197,4.8
KMFR,97,30,900,3550,4819,6491,8808,11135,897,7.8,9.8,12.5,15.3,18.4,897,28,47,78,122,188,4.7
KMFR,98,30,900,3541,4774,6434,8729,11065,898,7.8,9.9,12.5,15.3,18.3,898,28,48,79,123,186,4.2
KMFR,99,30,900,3552,4694,6342,8615,10994,898,7.9,9.9,12.5,15.3,18.2,898,29,48,79,122,185,4.0
KMFR,100,30,900,3609,4699,6345,8624,10838,898,7.9,9.9,12.4,15.3,18.3,898,29,48,79,122,186,3.7
KMFR,101,30,900,3662,4770,6439,8689,10864,898,8.0,9.9,12.4,15.4,18.4,898,30,48,79,125,189,3.9
KMFR,102,30,900,3734,4781,6429,8662,10896,898,8.4,10.1,12.5,15.5,18.5,898,31,49,81,128,189,3.8
KMFR,103,30,900,3749,4826,6433,8729,10911,897,8.4,10.2,12.5,15.5,18.7,897,31,48,80,128,190,3.7
KMFR,104,30,900,3825,4880,6524,8843,11065,898,8.5,10.3,12.7,15.5,18.7,898,32,49,80,127,189,3.6
KMFR,105,30,900,3872,4988,6657,9008,11065,897,8.5,10.4,12.7,15.5,18.7,897,33,48,79,125,181,3.2
KMFR,106,30,900,3932,4992,6697,9106,10998,897,8.6,10.4,12.7,15.5,18.7,897,32,48,77,122,178,2.7
KMFR,107,30,898,4052,5033,6783,9185,10995,893,8.5,10.4,12.7,15.5,18.9,893,30,47,76,122,175,2.9
KMFR,108,30,896,4102,5108,6883,9375,11225,891,8.5,10.4,12.7,15.7,19.1,891,30,47,76,123,180,3.4
KMFR,109,30,894,4158,5183,6993,9521,11393,890,8.5,10.3,12.8,15.7,19.1,890,30,48,76,123,180,3.1
KMFR,110,30,892,4144,5192,7061,9649,11423,888,8.5,10.4,12.8,15.8,19.2,888,29,47,75,122,189,3.6
KMFR,111,30,890,4174,5212,7144,9784,11557,886,8.4,10.4,12.8,15.9,19.2,886,30,47,75,120,188,3.7
KMFR,112,30,890,4164,5247,7188,9886,11695,886,8.5,10.5,12.8,16.0,19.2,886,30,47,75,122,182,3.3
KMFR,113,30,890,4228,5372,7318,10001,11743,885,8.6,10.5,12.9,16.0,19.4,885,30,48,75,120,181,3.1
KMFR,114,30,890,4259,5534,7537,10187,11794,885,8.5,10.6,13.0,16.2,19.4,885,29,47,75,123,184,3.2
KMFR,115,30,890,4350,5656,7623,10281,11812,885,8.4,10.5,13.0,16.2,19.4,885,27,46,76,122,181,3.4
KMFR,116,30,890,4422,5773,7847,10349,11831,885,8.4,10.5,13.1,16.2,19.4,885,27,46,76,121,188,3.6
KMFR,117,30,889,4600,5865,8028,10414,11889,884,8.4,10.5,13.2,16.3,19.3,884,27,46,76,121,190,3.8
KMFR,118,30,889,4615,5928,8084,10467,12007,884,8.3,10.6,13.3,16.4,19.3,884,27,46,77,123,190,3.8
KMFR,119,30,889,4625,5937,8202,10467,12070,884,8.4,10.5,13.3,16.4,19.3,884,26,46,78,124,190,3.7
KMFR,120,30,889,4699,5991,8293,10510,12035,885,8.4,10.4,13.4,16.6,19.8,885,27,46,79,127,188,4.0
KMFR,121,30,888,4744,6062,8307,10621,12072,884,8.4,10.4,13.4,16.8,20.5,884,27,47,80,127,189,4.1
KMFR,122,30,890,4742,6215,8451,10758,12217,887,8.4,10.4,13.5,16.9,20.5,887,27,47,80,127,188,3.7
KMFR,123,30,892,4766,6297,8508,10858,12388,889,8.5,10.5,13.5,16.9,20.5,889,28,48,79,124,181,3.4
KMFR,124,30,894,4778,6233,8599,10940,12449,890,8.5,10.6,13.5,16.9,20.5,890,28,47,79,123,172,3.4
KMFR,125,30,896,4818,6289,8636,11061,12463,892,8.5,10.7,13.5,16.9,20.7,892,28,47,78,123,171,2.9
KMFR,126,30,896,4844,6311,8642,11061,12484,891,8.6,10.7,13.5,16.9,20.9,891,27,46,77,123,170,2.7
KMFR,127,30,895,4960,6440,8757,11138,12532,890,8.7,10.7,13.6,17.0,20.8,890,26,46,77,122,171,2.8
KMFR,128,30,895,5078,6568,8914,11185,12613,891,8.8,10.9,13.8,17.2,21.2,891,26,46,77,124,177,3.1
KMFR,129,30,895,5219,6657,9063,11291,12647,891,8.9,11.0,13.9,17.5,21.5,891,25,45,77,124,177,3.4
KMFR,130,30,895,5230,6676,9081,11345,12711,891,9.1,11.3,14.3,17.9,22.1,891,27,46,79,125,177,3.3
KMFR,131,30,895,5173,6642,9183,11436,12738,891,9.3,11.3,14.5,18.2,22.3,891,27,47,80,124,172,3.0
KMFR,132,30,896,5185,6638,9250,11461,12789,892,9.5,11.6,14.6,18.3,22.3,892,29,48,80,124,172,2.8
KMFR,133,30,896,5262,6677,9260,11492,12832,893,9.6,11.9,14.8,18.3,22.3,893,30,48,80,123,174,2.8
KMFR,134,30,896,5350,6724,9267,11500,12957,893,9.7,12.0,15.0,18.4,22.2,893,31,48,79,123,177,2.7
KMFR,135,30,896,5363,6801,9267,11551,12994,893,9.8,12.1,15.2,18.5,21.9,893,31,49,79,122,178,2.6
KMFR,136,30,897,5339,6814,9274,11635,13056,894,9.9,12.2,15.3,18.5,21.7,894,31,49,78,120,181,2.8
KMFR,137,30,896,5296,6818,9271,11647,13122,894,10.0,12.3,15.3,18.7,21.8,894,32,49,78,120,184,3.0
KMFR,138,30,896,5443,6834,9347,11646,13206,894,10.2,12.5,15.5,19.0,22.2,894,31,49,79,122,184,3.0
KMFR,139,30,896,5518,6914,9427,11694,13321,895,10.5,12.7,15.9,19.2,22.5,895,32,50,79,123,188,3.1
KMFR,140,30,896,5556,7080,9497,11708,13343,894,10.6,12.9,16.0,19.4,22.6,894,32,50,81,123,188,3.2
KMFR,141,30,898,5658,7266,9603,11757,13354,897,10.7,13.2,16.2,19.5,23.1,897,32,52,81,124,189,3.5
KMFR,142,30,899,5686,7320,9623,11863,13428,898,10.8,13.5,16.4,19.8,23.2,898,32,52,82,125,194,3.6
KMFR,143,30,898,5683,7288,9567,11940,13533,896,10.8,13.5,16.4,19.9,23.3,896,31,52,80,123,189,3.5
KMFR,144,30,898,5707,7372,9668,12046,13608,896,10.9,13.5,16.5,20.1,23.6,896,33,52,80,123,192,3.3
KMFR,145,30,898,5852,7546,9818,12164,13678,896,10.9,13.5,16.6,20.2,24.0,896,33,52,78,123,192,3.6
KMFR,146,30,898,5919,7691,10003,12279,13681,896,11.0,13.6,16.8,20.4,24.2,896,32,52,77,123,197,3.7
KMFR,147,30,898,6012,7920,10224,12374,13681,895,11.1,13.6,17.0,20.7,24.9,895,32,52,78,122,197,4.0
KMFR,148,30,898,6038,8111,10519,12540,13787,895,11.1,13.7,17.2,21.0,25.2,895,32,52,79,123,196,4.5
KMFR,149,30,898,6120,8285,10713,12651,13929,895,11.2,13.8,17.4,21.2,25.8,895,33,54,80,126,201,5.5
KMFR,150,30,898,6267,8373,10888,12800,13981,895,11.2,13.8,17.5,21.3,25.9,895,32,53,80,128,204,5.4
KMFR,151,30,898,6365,8453,10942,12844,14076,895,11.3,13.8,17.6,21.4,26.0,895,33,53,81,130,201,5.3
KMFR,152,30,899,6319,8596,10974,12858,14081,896,11.6,13.9,17.7,21.6,25.9,896,33,55,82,130,204,5.1
KMFR,153,30,899,6270,8621,11008,12867,14080,896,11.6,13.9,17.6,21.6,26.0,896,34,55,82,129,205,5.2
KMFR,154,30,899,6325,8684,11008,12870,14108,896,11.5,13.8,17.5,21.5,25.8,896,33,54,82,129,205,5.2
KMFR,155,30,899,6377,8696,11047,12936,14202,897,11.5,13.9,17.3,21.5,25.8,897,33,55,82,132,205,5.4
KMFR,156,30,899,6374,8675,10990,13009,14277,896,11.3,13.8,17.4,21.5,25.6,896,33,54,83,131,201,5.2
KMFR,157,30,898,6479,8796,11060,13024,14279,895,11.3,13.8,17.5,21.5,25.6,895,33,54,84,132,198,5.4
KMFR,158,30,899,6517,8995,11158,13087,14281,897,11.3,13.8,17.5,21.5,25.4,897,33,55,86,134,201,5.5
KMFR,159,30,899,6594,9035,11257,13186,14409,897,11.4,13.7,17.5,21.3,24.9,897,34,55,86,134,199,5.1
KMFR,160,30,899,6617,9108,11302,13250,14426,897,11.3,13.7,17.2,21.2,24.8,897,33,55,86,134,199,5.0
KMFR,161,30,899,6565,8967,11347,13338,14462,897,11.3,13.6,17.1,21.1,24.6,897,34,55,88,133,202,5.0
KMFR,162,30,899,6617,8948,11390,13399,14503,898,11.3,13.6,17.1,21.0,24.5,898,34,56,89,136,203,5.0
KMFR,163,30,897,6640,8970,11450,13466,14531,896,11.3,13.6,17.0,20.8,24.5,896,35,57,89,136,204,4.8
KMFR,164,30,897,6630,8975,11529,13459,14562,896,11.3,13.6,16.9,20.7,24.5,896,34,56,89,132,194,3.8
KMFR,165,30,896,6648,9028,11614,13505,14558,895,11.5,13.8,16.9,20.7,24.4,895,35,57,89,129,191,3.8
KMFR,166,30,896,6788,9239,11749,13537,14665,895,11.5,13.8,16.9,20.9,24.5,895,35,57,89,127,186,3.5
KMFR,167,30,896,7077,9495,11884,13590,14723,894,11.5,13.9,16.9,20.7,24.4,894,35,56,88,125,182,3.2
KMFR,168,30,896,7183,9816,12023,13675,14731,894,11.8,14.1,17.0,20.8,24.5,894,34,56,88,125,181,3.1
KMFR,169,30,896,7259,9885,12162,13792,14862,894,11.9,14.2,17.1,20.9,24.8,894,35,56,88,125,181,3.1
KMFR,170,30,896,7370,9963,12297,13825,14974,894,12.0,14.3,17.3,21.0,24.9,894,35,54,87,124,180,3.0
KMFR,171,30,896,7660,10125,12379,13916,15097,895,12.1,14.5,17.5,21.1,25.0,895,35,54,85,123,179,3.0
KMFR,172,30,897,7793,10323,12533,14134,15206,894,12.2,14.7,17.6,21.2,25.2,894,35,54,85,123,180,3.1
KMFR,173,30,897,7906,10538,12687,14257,15286,894,12.2,14.8,17.7,21.5,25.5,894,35,53,83,122,179,2.9
KMFR,174,30,897,7988,10643,12730,14325,15286,894,12.3,14.9,17.9,21.8,26.2,894,35,53,83,122,179,3.1
KMFR,175,30,897,8140,10789,12893,14441,15383,894,12.5,15.2,18.1,21.9,26.4,894,35,52,84,123,179,3.1
KMFR,176,30,897,8423,11024,12962,14557,15537,894,12.9,15.4,18.4,22.2,26.5,894,34,52,83,123,177,2.8
KMFR,177,30,897,8814,11130,13092,14631,15601,894,13.1,15.6,18.5,22.2,26.6,894,32,51,83,122,172,2.3
KMFR,178,30,899,8962,11399,13176,14693,15661,896,13.1,15.6,18.6,22.4,26.8,896,31,50,83,121,169,2.0
KMFR,179,30,899,9189,11623,13281,14751,15770,896,13.2,15.7,18.9,22.7,27.2,896,32,50,83,121,168,2.0
KMFR,180,30,900,9332,11733,13439,14839,15810,897,13.3,15.8,19.1,23.0,27.3,897,32,50,82,121,169,2.0
KMFR,181,30,900,9430,11876,13564,14924,15899,897,13.3,15.9,19.2,23.3,27.4,897,32,50,82,121,169,2.0
KMFR,182,30,900,9598,12017,13692,14947,15942,898,13.5,16.1,19.5,23.3,27.6,898,30,49,82,122,170,2.0
KMFR,183,30,900,9809,12154,13820,14989,15948,898,13.6,16.2,19.6,23.4,27.8,898,31,49,81,120,170,1.9
KMFR,184,30,900,10014,12274,13916,15023,15948,898,13.6,16.2,19.7,23.8,28.2,898,31,49,80,119,170,2.1
KMFR,185,30,900,10241,12384,14004,15059,15961,898,13.6,16.3,19.8,23.9,28.3,898,32,49,80,119,169,2.2
KMFR,186,30,900,10609,12540,14091,15134,15983,898,13.6,16.3,19.9,24.0,28.4,898,32,50,79,119,168,2.0
KMFR,187,30,900,10732,12585,14121,15182,16037,899,13.6,16.4,20.0,24.0,28.3,899,32,50,80,118,165,1.6
KMFR,188,30,900,11014,12641,14180,15226,16108,899,14.0,16.6,20.2,24.1,28.4,899,32,50,80,118,160,1.3
KMFR,189,30,900,11194,12808,14237,15299,16122,898,13.9,16.6,20.3,24.1,28.5,898,32,50,80,117,155,1.1
KMFR,190,30,900,11441,12927,14337,15317,16138,898,13.9,16.7,20.4,24.0,28.4,898,33,50,79,116,155,0.9
KMFR,191,30,900,11446,13108,14368,15318,16120,898,14.0,16.6,20.5,24.1,28.3,898,33,50,78,116,155,1.0
KMFR,192,30,899,11447,13140,14416,15325,16120,896,13.9,16.7,20.6,24.2,28.5,896,33,50,78,116,158,1.2
KMFR,193,30,899,11446,13155,14496,15364,16155,895,13.9,16.7,20.5,24.2,28.5,895,33,50,77,114,160,1.5
KMFR,194,30,899,11417,13182,14528,15427,16235,895,13.7,16.8,20.5,24.2,28.5,895,32,49,76,112,158,1.6
KMFR,195,30,899,11417,13192,14537,15466,16253,895,13.7,16.7,20.5,24.2,28.3,895,32,47,75,110,154,1.6
KMFR,196,30,899,11417,13209,14580,15532,16335,895,13.9,16.8,20.6,24.2,28.5,895,32,47,74,108,155,1.7
KMFR,197,30,899,11478,13216,14617,15600,16339,895,13.8,17.0,20.8,24.5,28.7,895,33,47,73,108,160,2.2
KMFR,198,30,899,11516,13251,14711,15639,16405,895,13.9,17.2,21.1,24.8,29.3,895,32,47,74,109,162,2.3
KMFR,199,30,899,11591,13274,14751,15702,16424,895,14.0,17.4,21.2,24.8,29.3,895,33,47,74,110,160,2.0
KMFR,200,30,898,11772,13382,14782,15683,16424,894,14.0,17.4,21.3,24.8,29.4,894,32,47,74,108,158,1.7
KMFR,201,30,898,11898,13493,14791,15642,16380,894,14.0,17.6,21.3,24.8,29.3,894,32,47,73,107,155,1.7
KMFR,202,30,898,12031,13638,14841,15630,16346,895,14.0,17.6,21.3,24.8,29.3,895,32,46,72,105,150,1.7
KMFR,203,30,898,12243,13731,14875,15634,16346,895,14.0,17.5,21.3,24.8,29.1,895,33,46,71,103,149,1.7
KMFR,204,30,897,12322,13773,14875,15657,16359,895,14.2,17.5,21.3,25.0,29.2,895,32,46,70,101,150,1.7
KMFR,205,30,897,12325,13775,14874,15672,16340,895,14.2,17.5,21.3,25.1,29.3,895,32,46,70,100,149,1.8
KMFR,206,30,897,12387,13799,14882,15679,16339,895,14.2,17.5,21.1,25.3,29.3,895,32,46,70,99,144,1.7
KMFR,207,30,897,12546,13873,14899,15684,16327,896,14.2,17.5,21.1,25.1,29.1,896,32,46,69,98,139,1.5
KMFR,208,30,897,12683,13879,14905,15673,16254,897,14.3,17.5,21.1,25.0,29.1,897,32,46,69,98,135,1.2
KMFR,209,30,897,12808,13912,14875,15651,16218,897,14.6,17.6,21.2,25.3,29.3,897,33,47,70,98,137,1.1
KMFR,210,30,896,12858,13911,14852,15609,16206,896,14.8,17.7,21.3,25.4,29.4,896,32,47,70,99,138,1.2
KMFR,211,30,896,12819,13880,14849,15560,16134,896,14.8,17.7,21.4,25.5,29.4,896,32,47,70,100,138,1.1
KMFR,212,30,896,12819,13875,14791,15531,16121,896,14.8,17.7,21.4,25.4,29.3,896,31,47,70,100,135,0.7
KMFR,213,30,896,12720,13832,14728,15490,16056,896,14.8,17.7,21.4,25.3,29.0,896,31,47,70,99,132,0.8
KMFR,214,30,896,12645,13762,14685,15464,16022,896,14.7,17.7,21.4,25.1,28.7,896,31,47,70,99,133,0.9
KMFR,215,30,897,12559,13676,14647,15463,16062,896,14.8,17.6,21.4,25.0,28.6,896,31,47,70,101,135,0.9
KMFR,216,30,896,12473,13579,14610,15464,16101,895,14.8,17.6,21.2,24.9,28.5,895,31,47,71,102,136,0.9
KMFR,217,30,896,12336,13481,14489,15408,16062,895,14.7,17.6,21.0,24.9,28.5,895,31,47,71,102,135,0.9
KMFR,218,30,896,12281,13379,14448,15369,16042,895,14.7,17.5,20.9,24.6,28.5,895,30,47,70,102,135,1.0
KMFR,219,30,897,12245,13316,14437,15362,16055,896,14.6,17.4,20.9,24.5,28.5,896,30,47,71,103,137,1.1
KMFR,220,30,896,12177,13292,14441,15372,16101,895,14.5,17.3,20.7,24.5,28.5,895,30,46,71,103,136,1.0
KMFR,221,30,896,12106,13273,14449,15359,16092,894,14.5,17.2,20.6,24.4,28.3,894,30,46,71,102,137,1.0
KMFR,222,30,897,12106,13274,14437,15344,16100,895,14.4,17.2,20.5,24.4,28.4,895,30,46,70,102,137,1.1
KMFR,223,30,897,12098,13283,14426,15353,16101,895,14.4,17.2,20.4,24.4,28.2,895,29,46,69,102,138,1.2
KMFR,224,30,896,12094,13264,14411,15364,16116,893,14.2,17.0,20.3,24.4,28.1,893,28,45,69,101,137,1.2
KMFR,225,30,897,12088,13266,14409,15370,16116,893,14.2,16.9,20.2,24.2,28.0,893,28,45,68,100,137,1.2
KMFR,226,30,896,12075,13273,14403,15367,16134,892,14.1,16.8,19.9,23.9,27.7,892,29,45,68,99,137,1.6
KMFR,227,30,894,12098,13264,14410,15368,16124,890,14.1,16.7,19.7,23.8,27.4,890,29,45,68,98,138,1.7
KMFR,228,30,894,12145,13267,14439,15374,16152,890,13.9,16.6,19.7,23.6,27.2,890,28,45,68,100,141,1.6
KMFR,229,30,892,12105,13279,14458,15404,16164,888,14.0,16.5,19.5,23.5,27.2,888,28,45,69,101,144,1.6
KMFR,230,30,890,12097,13282,14462,15402,16167,887,13.7,16.2,19.4,23.4,27.1,887,27,45,69,101,144,1.6
KMFR,231,30,890,12116,13282,14470,15393,16167,887,13.6,16.1,19.3,23.3,27.0,887,27,45,69,102,149,2.0
KMFR,232,30,890,12157,13291,14477,15430,16183,887,13.5,16.0,19.2,23.2,26.9,887,27,46,69,104,153,2.3
KMFR,233,30,890,12156,13295,14491,15436,16195,887,13.2,16.0,19.2,23.2,26.9,887,27,46,69,105,152,2.4
KMFR,234,30,889,12119,13297,14497,15420,16154,886,13.2,16.0,19.1,23.1,26.8,886,27,46,70,105,151,2.3
KMFR,235,30,890,12116,13263,14460,15382,16084,887,13.2,16.0,19.2,23.2,26.9,887,28,48,70,107,156,2.8
KMFR,236,30,890,12113,13256,14401,15341,16049,888,13.2,16.0,19.1,23.3,26.8,888,28,47,71,110,158,2.8
KMFR,237,30,890,12093,13209,14357,15327,16050,888,13.0,15.9,19.2,23.0,26.8,888,27,47,72,110,160,2.7
KMFR,238,30,890,12044,13189,14344,15292,16050,888,12.8,15.9,19.1,22.9,26.5,888,27,46,72,112,163,2.7
KMFR,239,30,891,11980,13172,14344,15282,16050,890,12.7,15.9,19.2,22.7,26.3,890,28,47,74,113,164,2.7
KMFR,240,30,891,11830,13093,14311,15267,16009,891,12.7,15.9,19.1,22.7,26.1,891,28,48,75,115,167,2.6
KMFR,241,30,892,11662,12967,14278,15215,15980,892,12.6,15.7,19.1,22.7,26.0,892,27,47,75,115,167,2.2
KMFR,242,30,894,11512,12939,14219,15184,15986,894,12.4,15.6,19.1,22.6,25.8,894,27,47,76,116,163,2.0
KMFR,243,30,894,11243,12838,14147,15160,15961,894,12.0,15.4,18.8,22.4,25.7,894,27,46,75,115,162,1.8
KMFR,244,30,895,11245,12839,14033,15121,15944,895,11.9,15.2,18.7,22.2,25.6,895,26,45,74,114,161,1.7
KMFR,245,30,897,11036,12832,14033,15091,15893,897,11.9,15.2,18.2,22.0,25.5,897,25,45,74,113,162,1.7
KMFR,246,30,898,10749,12818,14019,15076,15885,898,11.9,15.0,18.2,21.9,25.4,898,24,44,74,112,160,1.3
KMFR,247,30,898,10371,12789,13989,15038,15877,898,11.6,15.0,18.1,21.7,25.3,898,24,43,72,110,157,1.2
KMFR,248,30,897,10199,12752,13954,15019,15858,897,11.5,15.0,18.0,21.8,25.4,897,23,41,71,109,158,1.1
KMFR,249,30,897,10003,12712,13923,14978,15801,897,11.4,14.8,17.9,21.8,25.4,897,23,39,69,107,157,1.1
KMFR,250,30,896,9903,12661,13866,14925,15772,896,11.2,14.4,17.7,21.7,25.2,896,23,38,68,103,153,0.6
KMFR,251,30,896,9761,12450,13847,14909,15750,896,10.7,14.3,17.5,21.6,24.8,896,22,37,67,102,153,0.9
KMFR,252,30,896,9583,12315,13802,14867,15662,896,10.6,14.2,17.4,21.6,24.9,896,21,37,66,103,152,1.1
KMFR,253,30,896,9509,12121,13708,14809,15598,896,10.6,14.2,17.3,21.5,24.8,896,22,37,67,105,151,1.3
KMFR,254,30,896,9340,11959,13566,14707,15530,896,10.8,14.1,17.3,21.5,24.8,896,22,38,68,109,157,1.8
KMFR,255,30,896,9173,11843,13485,14643,15513,896,11.1,14.3,17.3,21.4,25.2,896,21,38,67,110,161,2.7
KMFR,256,30,896,8946,11719,13414,14628,15501,896,11.2,14.3,17.3,21.1,25.2,896,23,39,69,112,165,3.1
KMFR,257,30,896,8926,11616,13433,14636,15519,896,11.2,14.3,17.3,20.9,24.7,896,24,40,68,112,167,3.3
KMFR,258,30,896,8979,11616,13465,14650,15558,896,11.3,14.3,17.2,20.7,24.4,896,24,39,68,112,167,3.7
KMFR,259,30,897,8848,11374,13409,14670,15557,897,11.3,14.2,16.9,20.4,24.3,897,23,39,66,112,167,3.8
KMFR,260,30,897,8834,11251,13356,14662,15549,897,11.1,13.9,16.8,20.3,24.2,897,22,39,67,113,170,4.2
KMFR,261,30,897,8732,11250,13339,14641,15535,897,10.8,13.8,16.8,20.2,24.2,897,22,39,68,116,178,4.8
KMFR,262,30,897,8778,11246,13327,14631,15535,897,10.7,13.7,16.7,20.2,24.2,897,22,39,68,120,185,5.2
KMFR,263,30,898,8694,11198,13291,14544,15538,898,10.5,13.5,16.6,20.1,24.1,898,21,39,70,124,190,5.5
KMFR,264,30,899,8615,11200,13283,14551,15591,898,10.5,13.5,16.6,20.1,23.8,898,21,39,71,125,192,5.3
KMFR,265,30,900,8624,11201,13268,14590,15627,898,10.5,13.5,16.5,20.0,23.6,898,21,39,72,125,192,5.5
KMFR,266,30,900,8462,11190,13264,14536,15643,898,10.5,13.3,16.5,20.0,23.5,898,21,39,71,124,191,5.3
KMFR,267,30,900,8400,11183,13284,14543,15643,898,10.6,13.3,16.4,19.9,23.4,898,21,39,72,124,192,5.6
KMFR,268,30,900,8381,11183,13301,14615,15678,898,10.5,13.1,16.3,19.9,23.2,898,22,39,71,123,194,6.0
KMFR,269,30,900,8207,11076,13296,14633,15662,898,10.3,13.0,16.1,19.6,22.9,898,21,38,69,120,191,5.9
KMFR,270,30,900,8020,10957,13299,14633,15624,898,10.2,12.8,16.0,19.6,22.7,898,21,38,70,120,188,5.6
KMFR,271,30,900,7758,10760,13162,14615,15624,898,10.1,12.5,15.7,19.5,22.6,898,20,37,68,118,183,5.3
KMFR,272,30,900,7549,10509,13010,14542,15581,898,9.9,12.4,15.4,19.3,22.7,898,20,36,68,117,183,5.3
KMFR,273,30,900,7336,10382,12910,14507,15524,898,9.9,12.3,15.4,19.3,22.6,898,19,36,67,118,180,5.1
KMFR,274,30,899,7348,10388,12835,14476,15518,897,9.8,12.3,15.4,19.4,22.8,897,20,37,70,120,185,5.0
KMFR,275,30,898,7196,10266,12809,14428,15501,896,9.9,12.2,15.4,19.4,22.7,896,20,37,71,120,182,4.7
KMFR,276,30,898,7099,10142,12721,14365,15403,896,9.9,12.3,15.2,19.4,22.6,896,20,38,72,120,182,4.4
KMFR,277,30,898,6863,9902,12592,14205,15394,896,9.9,12.3,15.1,19.3,22.5,896,20,39,73,120,183,4.2
KMFR,278,30,898,6765,9646,12367,13980,15233,896,10.0,12.3,15.1,19.2,22.4,896,22,41,74,120,187,4.7
KMFR,279,30,898,6521,9448,12222,13816,15043,897,9.8,12.2,15.1,18.9,22.3,897,22,43,76,120,193,5.0
KMFR,280,30,898,6467,9286,12136,13692,14938,898,9.8,12.1,15.1,18.9,22.4,898,22,44,78,123,197,5.3
KMFR,281,30,898,6543,9186,12014,13593,14916,898,9.8,12.1,15.0,18.8,22.4,898,23,44,79,126,204,5.8
KMFR,282,30,898,6548,9084,11949,13539,14895,898,9.7,12.0,14.9,18.6,22.3,898,23,44,80,131,206,5.8
KMFR,283,30,897,6570,9051,11919,13462,14836,896,9.6,12.0,14.9,18.6,22.5,896,23,45,82,134,207,5.8
KMFR,284,30,897,6535,9167,11965,13465,14764,896,9.5,11.9,14.9,18.7,22.5,896,23,46,85,138,209,6.0
KMFR,285,30,897,6610,9306,11965,13459,14738,896,9.4,11.8,14.9,18.5,22.4,896,23,45,84,138,208,5.9
KMFR,286,30,897,6720,9633,12014,13465,14698,896,9.4,11.9,14.9,18.5,22.4,896,24,45,85,138,211,6.4
KMFR,287,30,897,6699,9706,12047,13474,14657,895,9.5,12.0,15.0,18.8,22.5,895,25,48,87,142,214,6.9
KMFR,288,30,897,6591,9584,11999,13449,14430,895,9.2,11.9,15.0,18.8,22.5,895,25,49,89,144,217,7.0
KMFR,289,30,898,6495,9292,11909,13381,14242,896,9.1,11.9,15.0,18.9,22.5,896,25,48,90,144,219,7.5
KMFR,290,30,899,6449,9171,11830,13350,14180,897,9.0,11.7,15.0,18.9,22.8,897,25,48,89,144,228,8.0
KMFR,291,30,899,6440,9160,11777,13310,14180,897,9.0,11.7,15.0,19.0,22.9,897,25,48,90,145,231,8.6
KMFR,292,30,898,6374,8995,11730,13292,14184,896,9.1,11.6,15.0,18.8,22.5,896,24,46,90,146,228,8.5
KMFR,293,30,898,6295,8952,11793,13307,14227,895,9.1,11.6,14.9,18.8,22.5,895,23,46,89,147,230,8.7
KMFR,294,30,898,6190,8800,11703,13320,14246,895,9.2,11.6,14.9,18.8,22.8,895,23,45,89,146,238,9.1
KMFR,295,30,897,5914,8624,11587,13226,14207,893,9.1,11.5,14.9,18.9,22.9,893,22,44,90,151,245,9.5
KMFR,296,30,897,5725,8129,11362,13112,14145,893,9.1,11.6,14.9,18.9,22.8,893,23,45,91,153,248,9.7
KMFR,297,30,897,5607,7867,11193,12969,14043,893,9.2,11.6,14.9,18.9,23.0,893,22,46,91,152,250,10.1
KMFR,298,30,898,5554,7671,11027,12899,13991,895,9.2,11.6,14.9,18.9,22.8,895,22,46,92,156,251,10.2
KMFR,299,30,896,5507,7566,10897,12713,13937,893,9.1,11.4,14.8,18.8,23.0,893,21,44,91,156,258,10.5
KMFR,300,30,896,5460,7294,10612,12637,13876,893,9.0,11.2,14.5,18.8,23.0,893,21,44,91,159,258,10.8
KMFR,301,30,896,5372,7160,10551,12525,13850,893,8.8,11.1,14.4,18.7,22.8,893,21,44,91,159,257,10.5
KMFR,302,30,896,5182,6991,10461,12441,13796,894,8.8,11.0,14.2,18.6,22.4,894,21,44,91,159,258,10.7
KMFR,303,30,896,5034,6918,10326,12367,13716,894,8.8,11.0,14.2,18.6,22.4,894,21,45,92,162,259,11.2
KMFR,304,30,896,4910,6675,10027,12314,13616,894,8.8,11.0,14.1,18.6,22.9,894,21,45,94,169,270,12.2
KMFR,305,30,896,4790,6417,9773,12264,13489,894,8.8,10.9,14.1,18.7,22.9,894,21,46,95,174,271,12.3
KMFR,306,30,895,4564,6121,9643,12215,13478,893,8.6,10.8,14.1,18.6,22.8,893,20,44,96,173,269,12.1
KMFR,307,30,894,4447,6016,9560,12079,13468,892,8.4,10.6,13.8,18.6,22.9,892,20,44,94,174,270,12.3
KMFR,308,30,892,4335,5887,9310,11869,13338,891,8.4,10.5,13.7,18.3,22.5,891,21,44,93,171,266,11.8
KMFR,309,30,892,4186,5788,9084,11781,13125,889,8.2,10.5,13.8,18.3,22.5,889,21,46,93,169,267,11.7
KMFR,310,30,893,4111,5678,8876,11680,13035,891,8.2,10.5,13.7,18.2,22.1,891,22,46,92,169,266,11.9
KMFR,311,30,893,4027,5667,8883,11670,13022,891,8.2,10.4,13.8,18.2,22.2,891,22,47,93,169,268,12.1
KMFR,312,30,893,4011,5568,8883,11702,13018,891,8.2,10.4,13.6,18.0,22.1,891,23,47,93,169,271,12.3
KMFR,313,30,892,3981,5539,8811,11690,13022,890,8.2,10.4,13.5,17.8,22.0,890,23,47,92,169,271,12.5
KMFR,314,30,894,3913,5422,8569,11625,13004,892,8.4,10.4,13.5,17.8,21.7,892,24,49,94,168,271,12.3
KMFR,315,30,894,3836,5341,8158,11567,12918,892,8.4,10.5,13.5,17.8,21.7,892,25,51,97,169,278,12.4
KMFR,316,30,894,3806,5247,7863,11315,12851,892,8.3,10.4,13.4,17.5,21.7,892,24,51,97,169,281,12.8
KMFR,317,30,894,3735,5228,7779,11141,12717,892,8.1,10.4,13.4,17.4,21.7,892,24,51,98,172,282,13.3
KMFR,318,30,894,3422,5106,7559,10861,12577,892,8.1,10.3,13.3,17.3,21.6,892,23,51,99,175,290,13.7
KMFR,319,30,894,3193,5054,7337,10719,12523,892,7.9,10.1,13.1,17.0,21.2,892,23,50,96,170,284,13.0
KMFR,320,30,893,3061,4984,7244,10404,12424,891,7.7,10.1,13.0,16.8,21.1,891,23,50,95,169,289,13.4
KMFR,321,30,894,2871,4884,7151,10300,12295,892,7.8,10.1,12.9,16.7,21.1,892,25,50,94,171,288,13.7
KMFR,322,30,896,2507,4843,7158,10164,12122,894,7.7,10.0,13.0,16.8,21.1,894,26,51,97,173,284,13.5
KMFR,323,30,898,2369,4835,7185,10054,11992,895,7.7,10.1,13.0,16.8,21.1,895,27,52,100,176,289,14.2
KMFR,324,30,898,2356,4776,7206,9997,11882,897,7.7,10.0,12.9,16.8,21.0,897,27,51,100,178,294,14.5
KMFR,325,30,898,2068,4652,7115,9951,11863,897,7.7,10.0,12.8,16.6,20.8,897,27,50,100,177,285,13.9
KMFR,326,30,897,1650,4545,6898,9826,11657,896,7.6,9.9,12.6,16.3,20.4,896,27,51,99,175,279,13.6
KMFR,327,30,897,1302,4320,6743,9525,11529,896,7.6,9.8,12.5,16.3,20.1,896,27,50,100,176,278,13.7
KMFR,328,30,897,1302,4189,6512,9395,11399,896,7.5,9.6,12.4,16.2,20.0,896,26,48,99,170,278,13.4
KMFR,329,30,897,1302,4108,6378,9273,11276,895,7.4,9.6,12.3,16.0,19.8,895,26,48,98,174,277,13.5
KMFR,330,30,897,1302,4018,6322,9218,11145,895,7.5,9.5,12.1,16.0,19.8,895,26,50,99,173,278,13.7
KMFR,331,30,897,1302,3901,6211,9113,11000,895,7.5,9.4,12.1,16.0,19.7,895,26,50,98,172,277,13.5
KMFR,332,30,897,1302,3799,6190,9006,10850,895,7.3,9.4,11.9,15.8,19.7,895,24,46,94,165,270,12.6
KMFR,333,30,897,1302,3707,6168,8937,10835,895,7.2,9.3,11.8,15.6,19.2,895,24,45,91,160,270,12.4
KMFR,334,30,897,1302,3596,6168,8916,10795,895,7.2,9.2,11.8,15.5,19.1,895,24,45,90,160,270,12.3
KMFR,335,30,898,1302,3510,6016,8798,10801,896,7.2,9.3,11.8,15.3,18.9,896,24,45,89,157,269,11.7
KMFR,336,30,898,1302,3440,5996,8683,10726,896,7.2,9.2,11.8,15.5,19.0,896,23,45,88,158,270,11.8
KMFR,337,30,898,1302,3325,5994,8649,10661,896,7.1,9.2,11.8,15.5,19.1,896,23,45,87,161,273,12.7
KMFR,338,30,898,1302,3270,5804,8579,10668,897,7.1,9.2,11.7,15.4,19.0,897,22,44,86,160,278,12.7
KMFR,339,30,898,1302,3229,5617,8390,10567,897,7.0,9.2,11.8,15.3,19.0,897,22,46,88,162,281,12.7
KMFR,340,30,898,1302,3225,5559,8334,10490,897,7.1,9.2,11.8,15.4,19.1,897,23,45,88,163,288,13.0
KMFR,341,30,899,1302,3219,5548,8170,10484,897,7.1,9.2,11.9,15.5,19.1,897,22,44,88,165,291,13.3
KMFR,342,30,899,1302,3130,5483,8047,10447,897,7.1,9.1,11.7,15.4,19.2,897,22,43,87,163,291,13.0
KMFR,343,30,900,1302,3024,5328,7944,10406,898,7.2,9.1,11.7,15.2,19.1,898,22,44,88,163,291,13.1
KMFR,344,30,900,1302,2788,5251,7926,10406,899,7.2,9.0,11.7,15.1,18.9,899,22,43,86,162,289,13.1
KMFR,345,30,900,1302,2598,5130,7926,10406,899,6.9,9.0,11.6,15.1,18.9,899,21,42,84,163,290,12.9
KMFR,346,30,900,1302,2372,5084,7712,10375,899,6.9,8.9,11.6,15.1,18.9,899,22,43,83,162,290,12.8
KMFR,347,30,900,1302,2363,5048,7636,10312,898,7.0,9.0,11.6,15.1,18.7,898,23,46,87,163,282,12.5
KMFR,348,30,900,1302,2452,5066,7594,10312,898,7.2,9.1,11.7,15.2,18.7,898,24,48,92,169,290,13.1
KMFR,349,30,900,1302,2634,4997,7640,10285,898,7.2,9.1,11.7,15.2,18.8,898,24,48,94,175,293,13.5
KMFR,350,30,899,1302,2546,4958,7631,10135,897,7.2,9.0,11.6,15.1,18.9,897,25,48,94,177,291,13.7
KMFR,351,30,899,1302,2530,4941,7643,10119,897,7.2,8.9,11.5,14.9,18.8,897,25,48,93,171,278,13.2
KMFR,352,30,899,1302,2365,4879,7618,10212,897,7.1,8.9,11.4,14.7,18.4,897,24,47,93,168,277,12.2
KMFR,353,30,899,1302,2312,4723,7543,10085,897,7.1,8.8,11.3,14.6,18.4,897,25,47,91,165,267,11.6
KMFR,354,30,899,1302,2216,4690,7411,9980,897,7.1,8.7,11.2,14.6,18.2,897,25,46,89,164,266,11.6
KMFR,355,30,899,1302,2181,4690,7409,9847,897,7.1,8.7,11.1,14.5,17.9,897,25,47,89,164,264,11.4
KMFR,356,30,899,1302,2172,4690,7359,9829,898,7.1,8.7,11.1,14.5,18.2,898,25,47,91,167,267,11.5
KMFR,357,30,899,1302,2175,4690,7392,10000,897,7.1,8.7,11.2,14.6,18.2,897,26,47,91,168,268,11.6
KMFR,358,30,899,1302,2154,4752,7631,10135,897,7.0,8.7,11.2,14.7,18.4,897,25,47,90,169,270,11.7
KMFR,359,30,898,1302,2207,4790,7728,10224,896,7.0,8.7,11.2,14.6,18.7,896,26,47,89,168,268,11.5
KMFR,360,30,898,1302,2222,4857,7898,10274,895,7.1,8.7,11.2,14.5,18.7,895,27,47,89,168,269,11.7
KMFR,361,30,898,1302,2258,4990,8008,10315,895,7.0,8.7,11.2,14.6,18.8,895,26,47,90,169,273,12.2
KMFR,362,30,898,1302,2293,5035,8037,10315,896,7.1,8.7,11.2,14.6,18.9,896,26,46,90,168,272,12.3
KMFR,363,30,898,1302,2171,5004,8013,10297,896,7.0,8.7,11.1,14.6,18.3,896,25,45,89,164,268,11.4
KMFR,364,30,898,1302,2136,4977,8048,10316,896,7.0,8.6,11.1,14.5,18.4,896,25,45,90,157,265,10.9
KMFR,365,30,899,1302,2172,4984,8146,10461,897,7.0,8.7,11.2,14.7,18.5,897,25,45,90,156,261,10.7
KMFR,366,30,899,1302,2172,4997,8068,10461,897,7.1,8.8,11.3,14.8,18.5,897,26,46,91,158,256,10.4
KOTX,1,30,841,2388,2388,2388,3044,6018,829,4.6,5.9,8.1,11.3,14.2,829,18,35,72,138,218,7.2
KOTX,2,30,841,2388,2388,2388,3217,6018,830,4.6,5.9,8.3,11.5,14.2,830,20,37,74,141,220,7.1
KOTX,3,30,841,2388,2388,2388,3417,6195,834,4.5,6.0,8.4,11.6,14.2,834,19,37,76,143,226,7.3
KOTX,4,30,841,2388,2388,2388,3609,6248,835,4.4,5.9,8.5,11.6,14.4,835,19,37,76,144,230,7.7
KOTX,5,30,841,2388,2388,2388,3694,6357,834,4.3,5.9,8.6,11.6,14.4,834,18,36,76,143,221,7.4
KOTX,6,30,840,2388,2388,2388,3873,6384,834,4.2,5.8,8.6,11.7,14.3,834,18,37,77,143,219,7.2
KOTX,7,30,839,2388,2388,2388,4179,6604,834,4.1,5.9,8.6,11.7,14.6,834,18,37,77,144,219,7.0
KOTX,8,30,839,2388,2388,2388,4397,6737,834,4.1,5.9,8.6,11.7,14.6,834,18,37,77,145,224,7.3
KOTX,9,30,838,2388,2388,2388,4422,6737,835,4.1,6.0,8.6,11.7,14.6,835,18,37,78,145,222,7.2
KOTX,10,30,838,2388,2388,2388,4416,6737,835,4.1,6.0,8.6,11.7,14.5,835,18,37,77,145,219,6.9
KOTX,11,30,838,2388,2388,2388,4319,6737,835,4.2,6.1,8.6,11.7,14.7,835,18,38,78,144,221,6.9
KOTX,12,30,839,2388,2388,2388,4415,6737,836,4.3,6.2,8.7,11.7,14.7,836,19,39,78,144,222,6.6
KOTX,13,30,839,2388,2388,2388,4404,6710,836,4.4,6.3,8.7,11.6,14.7,836,20,40,77,141,218,6.5
KOTX,14,30,839,2388,2388,2388,4404,6703,835,4.4,6.3,8.7,11.5,14.6,835,21,39,76,139,216,6.1
KOTX,15,30,840,2388,2388,2388,4273,6702,836,4.4,6.3,8.6,11.4,14.4,836,21,38,74,135,207,5.5
KOTX,16,30,841,2388,2388,2388,4029,6652,836,4.4,6.2,8.6,11.4,14.4,836,21,38,71,134,205,4.9
KOTX,17,30,839,2388,2388,2388,4138,6827,834,4.4,6.1,8.5,11.3,14.4,834,20,37,69,131,205,5.0
KOTX,18,30,840,2388,2388,2388,4210,6826,834,4.5,6.2,8.5,11.2,14.4,834,20,37,69,130,205,5.3
KOTX,19,30,838,2388,2388,2388,4160,6851,833,4.5,6.3,8.5,11.3,14.4,833,19,37,69,128,205,5.0
KOTX,20,30,839,2388,2388,2388,4170,6860,835,4.6,6.3,8.4,11.3,14.4,835,20,38,69,128,205,5.0
KOTX,21,30,838,2388,2388,2388,4143,6950,834,4.6,6.3,8.3,11.2,14.4,834,21,37,67,125,199,4.8
KOTX,22,30,836,2388,2388,2388,4030,6760,832,4.7,6.4,8.3,10.9,13.9,832,21,37,67,124,198,4.7
KOTX,23,30,835,2388,2388,2388,4052,6633,830,4.8,6.4,8.4,11.1,14.1,830,21,37,69,124,202,4.9
KOTX,24,30,834,2388,2388,2388,4149,6636,828,4.8,6.4,8.5,11.2,14.1,828,21,37,69,123,203,5.0
KOTX,25,30,833,2388,2388,2388,4152,6703,826,4.8,6.4,8.3,11.1,14.0,826,20,36,68,122,201,5.2
KOTX,26,30,831,2388,2388,2388,4196,6526,824,4.8,6.4,8.3,11.0,13.7,824,20,36,65,121,195,5.1
KOTX,27,30,830,2388,2388,2388,4160,6534,823,4.7,6.2,8.2,10.7,13.6,823,19,34,63,117,186,4.9
KOTX,28,30,830,2388,2388,2388,4207,6740,823,4.6,6.2,8.2,10.8,13.6,823,19,34,63,118,189,5.0
KOTX,29,30,830,2388,2388,2388,4358,6811,824,4.6,6.2,8.2,10.9,13.8,824,19,33,63,119,192,5.2
KOTX,30,30,830,2388,2388,2388,4611,6892,824,4.6,6.2,8.3,10.9,13.9,824,18,34,64,121,199,5.6
KOTX,31,30,829,2388,2388,2388,4677,6906,824,4.6,6.2,8.3,11.0,13.9,824,18,33,64,121,201,6.1
KOTX,32,30,831,2388,2388,2388,4678,6965,826,4.5,6.2,8.2,11.1,13.7,826,18,33,64,121,201,6.2
KOTX,33,30,830,2388,2388,2388,4676,6970,826,4.5,6.1,8.1,10.9,13.7,826,18,33,62,120,199,6.1
KOTX,34,30,831,2388,2388,2388,4639,6845,827,4.4,6.0,8.0,10.8,13.7,827,18,32,61,117,199,5.9
KOTX,35,30,832,2388,2388,2426,4587,6778,827,4.4,6.0,7.9,10.7,13.7,827,18,31,61,113,197,5.7
KOTX,36,30,833,2388,2388,2474,4646,6784,828,4.5,6.0,8.0,10.8,13.9,828,17,31,60,113,199,5.7
KOTX,37,30,835,2388,2388,2525,4639,6818,830,4.5,6.0,8.0,10.7,13.7,830,17,30,60,113,197,5.4
KOTX,38,30,836,2388,2388,2521,4610,6811,832,4.5,5.9,7.9,10.5,13.5,832,17,30,57,111,180,4.6
KOTX,39,30,837,2388,2388,2534,4603,6805,833,4.5,5.9,7.9,10.7,13.5,833,17,30,57,111,181,4.4
KOTX,40,30,838,2388,2388,2572,4679,6908,835,4.5,6.0,8.0,10.7,13.6,835,17,30,57,112,182,4.3
KOTX,41,30,840,2388,2388,2642,4805,7080,836,4.5,5.9,8.0,10.7,13.6,836,17,30,59,112,180,4.1
KOTX,42,30,841,2388,2388,2716,4862,7082,837,4.5,5.9,8.1,10.8,13.9,837,17,30,60,114,182,4.2
KOTX,43,30,841,2388,2388,2779,4893,6914,838,4.4,6.0,7.9,10.8,13.7,838,17,30,60,113,181,4.3
KOTX,44,30,840,2388,2388,2828,4838,6785,837,4.3,5.9,7.9,10.6,13.5,837,16,30,59,111,178,4.3
KOTX,45,30,839,2388,2388,2828,4711,6637,835,4.3,5.9,7.8,10.3,13.4,835,16,29,57,107,176,3.8
KOTX,46,30,839,2388,2388,2828,4678,6600,835,4.3,5.8,7.7,10.2,13.3,835,16,30,56,106,174,3.7
KOTX,47,30,838,2388,2388,2828,4621,6483,834,4.3,5.6,7.6,10.0,13.1,834,16,29,56,105,172,3.4
KOTX,48,30,838,2388,2388,2826,4571,6371,834,4.2,5.6,7.5,10.0,13.0,834,16,28,56,106,170,3.0
KOTX,49,30,838,2388,2388,2825,4611,6344,834,4.1,5.5,7.5,10.0,12.7,834,15,27,56,106,170,3.0
KOTX,50,30,837,2388,2388,2805,4613,6306,834,4.0,5.4,7.5,9.9,12.5,834,15,27,55,106,170,3.0
KOTX,51,30,837,2388,2388,2723,4569,6184,834,3.9,5.4,7.3,9.9,12.5,834,15,27,54,106,166,3.0
KOTX,52,30,837,2388,2388,2716,4611,6184,834,3.9,5.4,7.2,10.0,12.6,834,14,27,53,103,164,3.2
KOTX,53,30,795,2388,2388,2723,4619,6208,792,3.8,5.4,7.2,9.9,12.7,792,14,27,53,102,167,3.4
KOTX,54,30,795,2388,2388,2782,4616,6181,793,3.8,5.3,7.2,9.9,12.7,793,14,26,53,103,160,3.4
KOTX,55,30,793,2388,2388,2836,4629,6181,791,3.8,5.2,7.2,9.9,12.6,791,14,27,54,101,159,3.2
KOTX,56,30,793,2388,2388,2836,4590,6175,792,3.7,5.2,7.3,10.0,12.6,792,14,27,53,100,162,3.2
KOTX,57,30,793,2388,2388,2913,4629,6189,792,3.8,5.3,7.3,10.0,12.5,792,14,27,54,103,161,3.0
KOTX,58,30,793,2388,2388,2976,4700,6325,792,3.9,5.3,7.3,10.1,12.6,792,14,28,54,103,161,2.7
KOTX,59,30,794,2388,2388,3004,4784,6562,793,3.9,5.3,7.3,10.2,12.8,793,14,29,54,105,162,2.6
KOTX,60,30,794,2388,2388,3077,4912,6760,794,3.9,5.3,7.4,10.2,12.8,794,14,30,55,106,160,2.5
KOTX,61,30,794,2388,2388,3120,4940,6840,794,4.0,5.4,7.4,10.2,12.8,794,14,30,55,105,159,2.1
KOTX,62,30,795,2388,2388,3155,4974,7087,795,4.1,5.5,7.5,10.3,13.0,795,15,30,56,106,161,2.5
KOTX,63,30,794,2388,2388,3278,5207,7285,794,4.1,5.5,7.6,10.4,13.3,794,16,32,56,110,173,2.9
KOTX,64,30,794,2388,2388,3466,5454,7403,794,4.2,5.6,7.8,10.6,13.5,794,16,32,57,114,178,3.1
KOTX,65,30,794,2388,2388,3685,5589,7529,793,4.3,5.7,7.9,11.0,13.9,793,16,33,62,121,182,3.7
KOTX,66,30,794,2388,2388,3871,5758,7629,792,4.4,5.8,8.1,11.1,14.0,792,17,34,64,123,188,4.0
KOTX,67,30,794,2388,2388,4017,5971,7949,791,4.5,5.8,8.1,11.3,14.1,791,18,36,65,124,192,4.0
KOTX,68,30,836,2388,2388,4041,6073,8061,833,4.6,5.9,8.2,11.4,14.2,833,19,36,67,126,199,4.6
KOTX,69,30,836,2388,2388,4248,6262,8061,832,4.8,6.0,8.3,11.4,14.4,832,19,38,70,130,205,5.2
KOTX,70,30,838,2388,2388,4304,6225,8028,833,4.9,6.1,8.3,11.4,14.2,833,19,37,71,130,202,5.0
KOTX,71,30,838,2388,2388,4431,6282,8068,833,4.9,6.0,8.3,11.4,14.3,833,19,37,71,129,204,5.3
KOTX,72,30,838,2388,2388,4521,6361,8173,833,4.9,6.0,8.3,11.5,14.4,833,19,37,71,130,208,5.8
KOTX,73,30,839,2388,2388,4665,6407,8382,833,4.9,6.0,8.2,11.6,14.4,833,19,37,71,131,209,5.9
KOTX,74,30,839,2388,2388,4803,6427,8471,832,4.9,6.1,8.3,11.5,14.3,832,20,37,72,132,208,5.6
KOTX,75,30,840,2388,2419,4892,6460,8409,833,4.9,6.2,8.4,11.6,14.5,833,20,38,72,132,211,5.8
KOTX,76,30,840,2388,2598,5020,6526,8450,833,4.9,6.2,8.5,11.7,14.6,833,20,38,73,133,218,6.2
KOTX,77,30,839,2388,2855,5092,6532,8350,832,4.9,6.2,8.5,11.7,14.3,832,19,37,72,132,216,6.1
KOTX,78,30,840,2388,3022,5116,6526,8318,833,4.9,6.3,8.5,11.6,14.2,833,19,37,71,126,209,6.0
KOTX,79,30,840,2388,3102,5093,6475,8264,833,4.9,6.3,8.5,11.5,14.1,833,20,37,70,124,207,5.9
KOTX,80,30,840,2388,3246,5102,6408,8233,833,5.0,6.4,8.5,11.4,14.0,833,21,37,69,120,200,5.6
KOTX,81,30,840,2388,3260,5102,6358,8085,833,5.0,6.4,8.5,11.3,13.9,833,22,38,69,119,187,5.4
KOTX,82,30,840,2388,3298,5102,6305,7944,834,5.0,6.6,8.5,11.2,13.7,834,22,38,69,117,177,5.3
KOTX,83,30,840,2388,3464,5135,6324,7944,834,5.0,6.6,8.5,11.2,13.6,834,22,37,67,115,174,4.9
KOTX,84,30,840,2388,3554,5137,6344,8234,835,5.0,6.5,8.5,11.2,13.6,835,21,37,66,110,170,4.6
KOTX,85,30,840,2388,3764,5209,6424,8405,836,5.1,6.6,8.6,11.3,13.6,836,21,37,65,110,169,4.7
KOTX,86,30,839,2388,3694,5225,6444,8529,835,5.1,6.5,8.6,11.2,13.6,835,20,37,64,110,169,4.2
KOTX,87,30,839,2388,3762,5239,6463,8529,835,5.1,6.4,8.6,11.3,13.4,835,21,37,65,108,164,3.6
KOTX,88,30,838,2388,3798,5239,6507,8537,835,5.2,6.6,8.7,11.3,13.5,835,21,38,66,107,161,3.4
KOTX,89,30,838,2388,3828,5238,6491,8494,835,5.2,6.6,8.7,11.5,13.6,835,21,38,64,104,163,3.6
KOTX,90,30,838,2388,3888,5251,6538,8530,834,5.2,6.7,8.7,11.6,13.7,834,20,37,64,104,162,3.4
KOTX,91,30,838,2388,3888,5263,6565,8581,833,5.3,6.7,8.8,11.6,13.7,833,20,37,64,104,160,3.0
KOTX,92,30,839,2388,3936,5330,6681,8779,833,5.3,6.8,8.9,11.6,13.7,833,21,38,64,104,158,2.8
KOTX,93,30,838,2388,3964,5370,6760,8959,830,5.4,6.9,8.9,11.6,13.7,830,22,38,64,104,157,2.5
KOTX,94,30,837,2388,4052,5498,6812,9178,829,5.4,6.8,8.9,11.7,13.7,829,22,39,64,102,152,2.3
KOTX,95,30,839,2388,4160,5538,6906,9196,830,5.4,6.9,9.1,11.7,13.7,830,22,39,64,104,154,2.2
KOTX,96,30,839,2388,4276,5594,7021,9326,831,5.3,6.8,9.1,11.7,13.8,831,21,38,64,104,155,1.9
KOTX,97,30,839,2388,4361,5704,7102,9420,831,5.3,6.8,9.2,11.8,14.0,831,22,38,64,104,157,2.2
KOTX,98,30,839,2388,4409,5686,7041,9326,831,5.3,6.7,9.2,11.9,14.1,831,22,38,64,105,158,2.2
KOTX,99,30,838,2388,4460,5648,6919,9203,830,5.3,6.8,9.2,11.9,14.0,830,22,38,64,105,156,1.8
KOTX,100,30,836,2388,4472,5653,6902,9185,828,5.4,6.7,9.2,11.8,14.1,828,22,38,64,104,154,1.7
KOTX,101,30,837,2388,4532,5735,6983,9279,829,5.4,6.9,9.3,11.9,14.2,829,22,38,65,106,156,1.8
KOTX,102,30,837,2388,4633,5791,7026,9347,829,5.4,7.0,9.4,11.9,14.4,829,21,37,65,106,157,1.8
KOTX,103,30,836,2388,4749,5847,7081,9418,828,5.6,7.1,9.4,11.9,14.6,828,21,36,64,105,159,1.9
KOTX,104,30,836,2388,4840,5923,7240,9613,829,5.7,7.2,9.4,11.9,14.6,829,20,35,64,106,159,2.1
KOTX,105,30,834,2388,4931,6050,7454,9729,828,5.7,7.2,9.5,11.8,14.5,828,21,36,63,105,157,2.2
KOTX,106,30,834,2388,5035,6125,7598,9742,829,5.7,7.2,9.5,11.9,14.8,829,21,36,64,105,156,2.1
KOTX,107,30,834,2388,5095,6170,7619,9744,830,5.7,7.2,9.5,12.0,15.0,830,21,36,64,106,160,2.3
KOTX,108,30,835,2475,5151,6226,7690,9747,833,5.6,7.2,9.6,12.2,15.3,833,21,36,64,108,162,2.4
KOTX,109,30,836,2737,5174,6237,7698,9748,834,5.7,7.2,9.6,12.3,15.4,834,21,36,66,108,165,2.4
KOTX,110,30,834,2706,5223,6239,7745,9809,833,5.7,7.2,9.7,12.4,15.6,833,20,36,65,108,164,2.4
KOTX,111,30,834,3180,5256,6301,7845,9980,833,5.8,7.4,9.8,12.3,15.8,833,20,37,65,108,166,2.8
KOTX,112,30,834,3504,5317,6324,7957,10025,833,5.8,7.4,9.8,12.3,15.8,833,20,37,65,107,166,2.6
KOTX,113,30,835,4027,5445,6375,8018,10206,833,5.9,7.6,9.8,12.3,15.7,833,20,37,65,104,165,2.4
KOTX,114,30,835,4290,5543,6558,8277,10352,833,5.9,7.7,9.8,12.5,15.8,833,20,37,64,104,166,2.5
KOTX,115,30,838,4415,5642,6623,8359,10460,835,6.0,7.8,9.8,12.5,15.8,835,20,37,65,104,167,2.6
KOTX,116,30,838,4585,5649,6696,8400,10549,834,6.0,7.7,9.9,12.5,15.8,834,21,38,64,103,165,2.6
KOTX,117,30,838,4704,5729,6800,8452,10581,833,6.1,7.9,9.9,12.7,15.9,833,21,38,65,106,166,2.8
KOTX,118,30,839,4718,5748,6872,8464,10604,834,6.1,8.0,10.1,12.9,15.9,834,22,39,67,108,165,2.8
KOTX,119,30,838,4729,5741,6924,8534,10630,832,6.2,8.0,10.1,13.0,16.0,832,23,41,67,108,164,2.6
KOTX,120,30,839,4737,5762,6916,8540,10643,832,6.1,7.9,10.1,13.2,16.2,832,23,41,67,108,163,2.5
KOTX,121,30,839,4790,5762,6893,8555,10696,832,6.1,7.9,10.1,13.2,16.3,832,23,41,67,108,161,2.4
KOTX,122,30,839,4784,5781,6954,8660,10892,832,6.2,7.9,10.1,13.1,16.2,832,23,40,67,107,158,2.0
KOTX,123,30,839,4793,5837,6995,8809,11047,832,6.3,8.0,10.1,13.0,16.2,832,22,40,65,104,156,1.8
KOTX,124,30,839,4802,5876,7049,8887,11079,832,6.3,8.1,10.1,13.1,16.3,832,21,38,64,103,154,1.9
KOTX,125,30,839,4909,6018,7159,9085,11263,833,6.4,8.1,10.2,13.2,16.1,833,22,38,63,103,152,1.8
KOTX,126,30,838,4958,6061,7215,9180,11310,832,6.5,8.2,10.3,13.3,16.2,832,22,38,64,103,151,1.7
KOTX,127,30,834,5163,6181,7337,9367,11412,828,6.5,8.3,10.4,13.4,16.5,828,22,38,63,104,149,1.8
KOTX,128,30,831,5229,6257,7502,9544,11442,826,6.6,8.4,10.5,13.7,16.9,826,22,38,64,105,153,2.2
KOTX,129,30,830,5260,6354,7758,9725,11559,825,6.7,8.6,10.7,14.1,17.2,825,21,38,64,107,155,2.1
KOTX,130,30,828,5383,6412,7911,9871,11688,822,6.7,8.6,11.1,14.4,17.6,822,21,38,65,108,154,2.1
KOTX,131,30,826,5401,6506,8014,10056,11715,821,6.9,8.9,11.3,14.7,17.7,821,21,39,65,109,154,1.9
KOTX,132,30,823,5528,6616,8130,10249,11731,819,6.9,9.0,11.5,14.9,18.1,819,22,39,65,109,153,2.1
KOTX,133,30,821,5632,6754,8233,10336,11787,817,7.1,9.1,11.6,15.0,18.3,817,23,39,66,110,160,2.4
KOTX,134,30,820,5783,6830,8304,10356,11803,816,7.4,9.2,11.8,15.2,18.4,816,22,38,66,110,161,2.5
KOTX,135,30,819,5850,6922,8308,10289,11804,815,7.5,9.4,12.0,15.2,18.6,815,23,39,66,112,165,2.9
KOTX,136,30,818,5942,7014,8343,10296,11757,814,7.6,9.5,12.2,15.5,19.0,814,24,39,69,114,169,3.3
KOTX,137,30,818,5997,7062,8397,10290,11796,813,7.9,9.7,12.5,15.7,19.1,813,24,41,70,118,174,3.7
KOTX,138,30,817,6137,7136,8412,10336,11871,811,8.0,9.9,12.7,16.0,19.3,811,24,40,70,118,174,3.8
KOTX,139,30,818,6197,7269,8494,10379,11967,811,8.2,10.1,13.0,16.1,19.4,811,24,42,72,118,179,3.8
KOTX,140,30,818,6254,7339,8602,10322,11986,811,8.3,10.3,13.1,16.4,19.6,811,25,43,74,121,182,4.2
KOTX,141,30,819,6383,7428,8675,10308,11957,812,8.4,10.4,13.3,16.6,19.6,812,26,44,75,121,182,4.2
KOTX,142,30,822,6509,7454,8731,10322,11994,815,8.6,10.6,13.5,16.7,19.6,815,26,44,75,121,181,4.0
KOTX,143,30,823,6551,7461,8739,10384,12038,815,8.7,10.8,13.6,16.6,19.7,815,25,43,75,121,179,3.9
KOTX,144,30,826,6582,7495,8724,10412,12090,817,8.7,10.9,13.5,16.6,19.7,817,27,44,75,121,175,3.9
KOTX,145,30,827,6626,7562,8822,10573,12176,819,8.7,10.9,13.6,16.7,19.9,819,26,44,76,121,182,4.2
KOTX,146,30,829,6722,7586,8914,10672,12193,821,8.9,11.1,13.7,16.8,20.0,821,27,45,77,123,186,4.5
KOTX,147,30,832,6779,7669,8990,10734,12192,824,8.9,11.2,13.9,16.9,20.2,824,27,45,77,123,191,4.7
KOTX,148,30,833,6804,7810,9102,10848,12250,825,8.9,11.2,13.9,17.0,20.2,825,28,46,77,123,188,4.6
KOTX,149,30,835,6895,7866,9173,10915,12295,827,9.0,11.4,14.1,17.3,20.4,827,28,46,77,123,194,5.0
KOTX,150,30,835,6980,7954,9314,11111,12356,828,9.0,11.5,14.2,17.3,20.6,828,28,47,78,126,196,4.8
KOTX,151,30,836,6985,7995,9378,11185,12455,829,9.1,11.5,14.2,17.3,20.6,829,28,47,78,127,195,4.6
KOTX,152,30,836,7015,8025,9405,11227,12577,830,9.1,11.5,14.4,17.6,20.6,830,29,50,80,128,197,4.3
KOTX,153,30,837,7021,8035,9413,11275,12603,832,9.3,11.6,14.4,17.8,20.8,832,30,52,84,131,202,4.6
KOTX,154,30,836,6990,8000,9444,11280,12603,832,9.4,11.7,14.3,17.7,20.8,832,30,54,86,133,202,4.8
KOTX,155,30,835,6993,7989,9417,11255,12603,831,9.4,11.7,14.2,17.5,20.8,831,31,54,87,134,202,5.1
KOTX,156,30,835,7008,7969,9413,11255,12647,830,9.5,11.7,14.3,17.5,20.8,830,32,54,88,133,202,4.9
KOTX,157,30,836,7048,7975,9423,11245,12626,830,9.5,11.7,14.3,17.6,20.9,830,34,55,88,132,202,4.8
KOTX,158,30,836,7165,8074,9471,11209,12590,831,9.4,11.7,14.4,17.8,21.0,831,35,55,88,133,202,4.9
KOTX,159,30,835,7192,8127,9481,11187,12578,830,9.7,11.9,14.6,17.8,21.2,830,35,58,92,135,213,5.3
KOTX,160,30,835,7165,8152,9413,11134,12584,831,9.7,11.8,14.6,17.8,21.2,831,36,58,92,134,202,5.3
KOTX,161,30,834,7165,8149,9388,11162,12593,829,9.6,11.7,14.5,17.8,21.2,829,35,58,90,132,202,4.9
KOTX,162,30,834,7158,8171,9417,11291,12593,827,9.7,11.7,14.5,17.9,21.2,827,34,57,91,134,202,4.8
KOTX,163,30,835,7165,8183,9400,11244,12584,827,9.7,11.8,14.7,18.1,21.3,827,35,58,93,137,202,4.7
KOTX,164,30,834,7165,8165,9324,11181,12552,827,9.7,11.8,14.6,18.1,21.3,827,36,60,95,138,197,4.5
KOTX,165,30,836,7165,8180,9324,11181,12552,829,9.7,11.9,14.5,18.0,21.2,829,35,59,93,135,193,4.2
KOTX,166,30,834,7248,8227,9403,11217,12559,827,9.8,12.0,14.5,18.1,21.6,827,34,59,93,135,196,4.4
KOTX,167,30,833,7325,8310,9520,11358,12560,825,9.9,12.1,14.6,18.2,21.7,825,33,58,93,136,196,4.5
KOTX,168,30,832,7417,8382,9664,11380,12548,824,9.9,12.2,14.7,18.3,21.7,824,32,58,93,137,196,4.2
KOTX,169,30,831,7519,8449,9735,11440,12673,822,9.9,12.3,14.9,18.4,21.8,822,32,58,94,138,197,3.9
KOTX,170,30,832,7609,8550,9831,11577,12801,822,10.0,12.3,15.1,18.5,21.8,822,32,58,94,138,197,3.6
KOTX,171,30,832,7719,8674,9997,11682,12890,823,10.0,12.4,15.2,18.6,21.8,823,32,58,93,139,197,3.6
KOTX,172,30,832,7817,8749,10180,11809,13042,824,10.0,12.5,15.3,18.9,22.1,824,32,58,95,143,203,3.9
KOTX,173,30,833,7865,8844,10213,11900,13247,825,10.2,12.6,15.5,19.1,22.2,825,33,59,96,144,204,4.0
KOTX,174,30,833,7917,8958,10357,11995,13427,826,10.2,12.7,15.6,19.2,22.3,826,33,58,95,143,206,4.1
KOTX,175,30,834,8080,9143,10576,12152,13585,826,10.4,12.9,15.7,19.3,22.3,826,33,60,96,145,207,4.0
KOTX,176,30,835,8204,9226,10715,12359,13777,828,10.5,13.1,15.9,19.3,22.5,828,33,61,96,150,209,4.1
KOTX,177,30,833,8262,9310,10797,12552,13849,828,10.5,13.1,16.0,19.3,22.5,828,33,61,98,150,205,3.9
KOTX,178,30,831,8312,9390,10935,12682,13998,827,10.5,13.1,15.9,19.4,22.8,827,31,61,97,151,212,4.5
KOTX,179,30,832,8374,9502,11057,12840,14160,828,10.4,13.0,15.9,19.4,22.8,828,32,60,96,149,211,4.5
KOTX,180,30,831,8451,9600,11186,12953,14294,827,10.4,13.2,16.0,19.6,22.8,827,35,62,98,152,213,4.6
KOTX,181,30,832,8514,9636,11324,13045,14414,828,10.5,13.2,16.1,19.7,22.8,828,36,63,98,152,212,4.6
KOTX,182,30,833,8722,9813,11481,13169,14532,830,10.6,13.3,16.2,19.7,22.8,830,37,64,100,153,211,4.8
KOTX,183,30,832,8770,9861,11642,13358,14585,829,10.6,13.3,16.3,19.7,23.0,829,38,64,100,154,211,5.1
KOTX,184,30,831,8852,9990,11726,13537,14693,829,10.7,13.4,16.3,19.6,23.0,829,37,63,99,153,209,5.5
KOTX,185,30,831,8921,10095,11946,13687,14770,830,10.8,13.4,16.2,19.8,23.1,830,36,62,99,154,211,5.5
KOTX,186,30,830,8993,10238,12129,13696,14728,829,10.9,13.5,16.3,20.0,23.2,829,36,62,100,157,215,5.7
KOTX,187,30,830,9052,10340,12303,13762,14770,829,10.8,13.5,16.3,19.8,23.1,829,36,62,100,157,211,5.5
KOTX,188,30,829,9121,10408,12448,13842,14862,828,10.7,13.4,16.3,19.8,23.1,828,34,61,99,157,211,5.8
KOTX,189,30,829,9139,10520,12490,13872,14988,828,10.7,13.4,16.2,19.7,23.0,828,34,61,99,158,211,5.8
KOTX,190,30,829,9149,10609,12544,13962,15043,827,10.7,13.4,16.3,19.6,23.2,827,35,61,100,158,215,6.0
KOTX,191,30,828,9244,10670,12605,14018,15125,826,10.8,13.5,16.4,19.8,23.2,826,36,63,103,160,221,6.4
KOTX,192,30,830,9315,10759,12644,14080,15119,828,10.8,13.5,16.4,19.8,23.2,828,36,63,99,158,221,6.3
KOTX,193,30,832,9450,10915,12721,14124,15123,829,10.8,13.5,16.5,19.8,23.2,829,36,63,99,158,221,5.9
KOTX,194,30,833,9489,11050,12831,14140,15116,828,10.9,13.6,16.6,20.0,23.3,828,36,63,101,160,222,5.9
KOTX,195,30,835,9627,11161,12922,14140,15122,827,10.9,13.6,16.7,20.0,24.0,827,35,63,104,160,222,6.2
KOTX,196,30,836,9721,11203,13007,14241,15214,828,10.8,13.6,16.6,20.0,23.8,828,35,63,103,160,222,6.3
KOTX,197,30,835,9744,11337,13136,14347,15278,827,10.7,13.5,16.6,20.0,23.8,827,34,62,101,160,222,6.4
KOTX,198,30,837,9967,11436,13153,14408,15318,829,10.8,13.6,16.7,20.3,24.0,829,34,62,102,160,225,6.5
KOTX,199,30,839,10013,11552,13163,14469,15319,831,10.8,13.5,16.7,20.3,24.1,831,36,63,104,160,223,6.4
KOTX,200,30,838,10101,11578,13161,14467,15309,830,10.6,13.5,16.7,20.2,24.0,830,34,61,101,157,222,6.1
KOTX,201,30,839,10220,11640,13256,14528,15292,831,10.6,13.4,16.7,20.3,23.9,831,34,61,99,156,222,6.3
KOTX,202,30,838,10279,11658,13351,14544,15286,830,10.7,13.6,16.7,20.3,24.0,830,33,61,98,154,222,6.3
KOTX,203,30,840,10392,11835,13377,14558,15225,831,10.8,13.5,16.7,20.4,23.9,831,33,60,98,151,214,5.5
KOTX,204,30,841,10677,12048,13514,14564,15220,831,10.8,13.5,16.7,20.5,24.0,831,32,59,98,153,216,5.4
KOTX,205,30,841,10662,12092,13609,14560,15220,832,10.9,13.4,16.7,20.7,24.0,832,32,59,96,152,215,5.2
KOTX,206,30,843,10665,12133,13609,14558,15239,833,10.7,13.3,16.6,20.6,24.1,833,32,58,94,149,206,4.8
KOTX,207,30,843,10699,12214,13615,14570,15255,832,10.7,13.1,16.6,20.5,24.4,832,32,58,93,149,204,5.0
KOTX,208,30,842,10751,12267,13620,14570,15297,832,10.6,13.0,16.4,20.3,24.0,832,31,58,94,149,200,4.8
KOTX,209,30,841,10740,12267,13609,14564,15292,832,10.7,13.1,16.4,20.4,24.1,832,31,58,94,148,200,4.7
KOTX,210,30,840,10785,12298,13635,14578,15292,833,10.7,13.2,16.4,20.4,24.0,833,31,56,91,145,197,4.2
KOTX,211,30,836,10824,12352,13633,14567,15274,828,10.7,13.2,16.5,20.5,24.1,828,30,54,90,143,197,3.9
KOTX,212,30,837,10825,12356,13629,14526,15235,829,10.7,13.2,16.6,20.8,24.5,829,30,54,90,142,197,3.9
KOTX,213,30,836,10806,12411,13612,14511,15194,828,10.7,13.2,16.5,20.6,24.5,828,31,55,91,140,196,3.7
KOTX,214,30,835,10765,12379,13593,14484,15192,827,10.7,13.3,16.5,20.6,24.1,827,30,54,90,140,195,3.5
KOTX,215,30,835,10750,12379,13553,14472,15192,827,10.9,13.4,16.6,20.6,24.1,827,31,55,91,140,196,3.5
KOTX,216,30,833,10765,12411,13543,14462,15192,825,11.0,13.5,16.6,20.5,24.0,825,31,57,92,140,196,3.4
KOTX,217,30,833,10739,12353,13489,14429,15191,824,11.0,13.5,16.6,20.4,24.1,824,31,57,93,141,196,3.3
KOTX,218,30,829,10696,12240,13448,14382,15148,821,11.1,13.7,16.7,20.3,24.1,821,31,57,93,141,197,3.7
KOTX,219,30,827,10637,12181,13373,14359,15153,820,11.1,13.7,16.8,20.3,24.1,820,31,57,93,139,195,3.3
KOTX,220,30,825,10694,12144,13291,14362,15185,819,11.1,13.7,16.8,20.3,24.0,819,32,57,93,136,191,3.2
KOTX,221,30,824,10703,12142,13267,14356,15192,819,11.4,13.8,16.8,20.5,23.8,819,32,58,94,141,195,3.4
KOTX,222,30,823,10618,12034,13237,14333,15194,819,11.5,14.0,16.9,20.6,23.8,819,32,57,95,141,196,3.4
KOTX,223,30,823,10524,11949,13199,14311,15166,819,11.6,14.0,17.0,20.6,23.8,819,32,55,93,140,195,3.4
KOTX,224,30,821,10601,11942,13196,14336,15147,818,11.7,14.0,17.0,20.5,23.8,818,32,55,92,138,195,3.2
KOTX,225,30,821,10522,11878,13196,14336,15188,819,11.7,14.0,16.9,20.5,23.8,819,33,58,95,141,196,3.4
KOTX,226,30,824,10522,11845,13185,14291,15144,822,11.6,13.9,16.9,20.5,23.8,822,35,59,96,142,198,3.8
KOTX,227,30,822,10501,11798,13167,14278,15110,820,11.7,13.9,16.9,20.4,23.7,820,35,59,96,145,201,3.8
KOTX,228,30,819,10518,11760,13146,14278,15115,817,11.5,13.7,16.8,20.1,23.7,817,35,58,96,148,199,3.9
KOTX,229,30,820,10480,11713,13140,14251,15094,815,11.3,13.8,16.7,20.1,23.7,815,35,58,97,149,204,4.2
KOTX,230,30,821,10389,11605,13125,14228,15115,816,11.3,13.7,16.7,20.2,23.7,816,35,59,99,152,208,4.4
KOTX,231,30,822,10206,11476,13037,14179,15060,817,11.1,13.5,16.7,20.2,23.7,817,35,58,98,153,211,5.0
KOTX,232,30,823,10052,11448,12959,14170,15025,819,11.1,13.4,16.6,20.1,23.6,819,35,59,99,153,212,5.4
KOTX,233,30,826,9937,11351,13031,14171,15115,822,11.0,13.3,16.5,20.1,23.4,822,36,59,99,153,211,5.1
KOTX,234,30,826,9793,11305,13054,14179,15079,821,10.8,13.2,16.2,19.9,23.2,821,35,59,100,155,212,5.2
KOTX,235,30,828,9702,11302,13031,14167,14945,822,10.9,13.2,16.2,20.0,23.2,822,37,59,101,159,218,5.8
KOTX,236,30,827,9642,11204,12929,14113,14889,821,10.8,13.1,16.3,19.9,23.3,821,37,61,103,160,219,6.2
KOTX,237,30,826,9558,11114,12877,14006,14849,820,10.8,13.1,16.1,19.8,23.2,820,37,62,104,160,219,6.5
KOTX,238,30,827,9363,11010,12841,13937,14838,821,10.8,13.0,16.0,19.8,23.2,821,37,64,105,165,222,7.1
KOTX,239,30,829,9291,10871,12812,13933,14854,823,10.8,12.9,15.9,19.5,23.1,823,37,64,108,168,229,7.5
KOTX,240,30,829,9157,10689,12744,13933,14852,823,10.6,12.8,15.8,19.3,23.0,823,37,62,107,169,232,7.7
KOTX,241,30,830,9048,10512,12632,13907,14852,825,10.5,12.8,15.8,19.2,22.9,825,35,64,110,172,233,7.6
KOTX,242,30,831,8982,10420,12548,13901,14853,825,10.3,12.8,15.7,19.0,22.7,825,34,63,107,170,231,7.2
KOTX,243,30,835,8857,10230,12494,13872,14857,829,10.3,12.7,15.5,18.8,22.6,829,34,63,106,169,230,7.0
KOTX,244,30,835,8686,10083,12426,13832,14855,832,10.2,12.7,15.4,18.8,22.2,832,31,64,104,166,226,6.6
KOTX,245,30,836,8578,9948,12427,13779,14851,832,10.2,12.6,15.4,18.7,22.3,832,31,63,101,166,224,6.4
KOTX,246,30,839,8547,9865,12408,13769,14857,833,10.2,12.6,15.4,18.7,22.4,833,32,64,103,167,223,5.8
KOTX,247,30,839,8513,9753,12360,13783,14857,833,10.3,12.6,15.3,18.7,22.4,833,33,63,102,165,223,5.8
KOTX,248,30,839,8438,9724,12301,13775,14889,833,10.2,12.6,15.4,18.6,22.3,833,32,60,101,164,223,5.8
KOTX,249,30,839,8353,9691,12235,13765,14889,834,10.2,12.5,15.4,18.3,22.1,834,32,60,98,161,223,5.6
KOTX,250,30,838,8254,9591,12198,13740,15026,833,9.8,12.2,15.2,18.1,21.7,833,31,58,94,158,221,5.2
KOTX,251,30,839,8205,9581,12235,13749,15022,834,9.6,11.9,14.9,17.8,21.3,834,31,56,91,153,212,4.7
KOTX,252,30,841,8188,9521,12240,13772,15028,835,9.6,11.8,15.0,17.8,21.3,835,29,56,92,152,209,4.6
KOTX,253,30,840,8092,9496,12167,13737,14972,833,9.4,11.8,15.0,17.8,21.2,833,29,54,91,150,207,4.2
KOTX,254,30,840,8029,9295,12109,13655,14835,833,9.4,11.8,15.0,17.8,21.5,833,29,54,89,149,207,4.3
KOTX,255,30,839,8001,9167,11856,13579,14708,831,9.5,11.9,15.1,17.8,21.6,831,29,54,89,148,205,4.6
KOTX,256,30,837,7947,9021,11706,13503,14606,829,9.5,11.9,15.0,17.9,21.7,829,30,53,89,146,207,4.8
KOTX,257,30,838,7859,8857,11542,13431,14545,831,9.5,11.8,15.0,17.8,21.6,831,31,53,89,145,208,4.9
KOTX,258,30,835,7811,8704,11389,13398,14538,828,9.4,11.8,14.9,17.8,21.3,828,31,53,89,145,208,4.7
KOTX,259,30,835,7767,8633,11332,13377,14532,826,9.3,11.7,14.8,17.7,21.2,826,31,51,88,141,206,5.0
KOTX,260,30,832,7696,8532,11284,13404,14527,823,9.1,11.6,14.7,17.5,21.1,823,29,49,87,140,209,5.3
KOTX,261,30,829,7576,8415,11282,13401,14531,821,9.0,11.5,14.5,17.5,20.9,821,28,48,85,138,212,5.8
KOTX,262,30,829,7557,8386,11175,13401,14518,818,8.9,11.4,14.4,17.5,21.0,818,27,48,86,141,217,6.1
KOTX,263,30,829,7484,8391,11155,13339,14475,816,8.9,11.4,14.3,17.5,20.7,816,29,49,87,148,225,6.9
KOTX,264,30,830,7441,8376,11161,13197,14431,812,8.8,11.4,14.3,17.6,20.8,812,29,49,88,148,231,7.4
KOTX,265,30,828,7404,8374,11131,13143,14407,809,8.8,11.4,14.4,17.6,20.7,809,29,49,89,150,234,7.7
KOTX,266,30,826,7350,8357,11135,13137,14412,806,8.8,11.5,14.4,17.5,20.8,806,30,51,91,151,236,8.1
KOTX,267,30,823,7304,8346,11139,13092,14390,800,8.9,11.3,14.3,17.5,20.7,800,32,51,88,151,236,8.1
KOTX,268,30,823,7244,8313,11116,13053,14396,798,8.8,11.0,14.1,17.4,20.5,798,32,51,88,150,235,8.1
KOTX,269,30,823,7019,8265,11106,13021,14389,794,8.7,10.8,13.9,17.3,20.1,794,31,51,89,146,233,7.9
KOTX,270,30,822,6754,8214,10976,12993,14389,791,8.6,10.6,13.6,17.0,19.9,791,30,50,88,144,226,7.5
KOTX,271,30,820,6536,8022,10935,12990,14390,788,8.3,10.3,13.3,16.8,19.8,788,29,49,85,138,224,7.4
KOTX,272,30,816,6415,7844,10917,12988,14291,784,8.1,10.2,13.2,16.5,19.8,784,28,48,84,137,222,7.3
KOTX,273,30,814,6378,7838,10924,12970,14250,782,8.2,10.2,13.2,16.6,19.7,782,29,48,84,136,220,7.3
KOTX,274,30,811,6391,7797,10841,12900,14212,781,8.2,10.3,13.2,16.8,19.9,781,29,50,86,141,231,7.7
KOTX,275,30,811,6400,7661,10698,12838,14157,782,8.2,10.3,13.3,16.8,19.9,782,31,53,89,144,232,7.9
KOTX,276,30,812,6234,7477,10499,12735,14114,782,8.2,10.3,13.2,16.6,19.8,782,32,53,90,145,232,7.8
KOTX,277,30,811,6154,7258,10213,12559,14003,783,8.1,10.2,13.1,16.4,19.8,783,31,52,87,141,230,7.9
KOTX,278,30,811,5898,6968,9752,12370,13823,784,7.8,10.0,12.9,16.4,19.7,784,30,52,88,141,228,7.8
KOTX,279,30,811,5753,6785,9389,12126,13713,789,7.7,9.9,12.8,16.2,19.3,789,29,51,86,141,223,7.5
KOTX,280,30,813,5616,6711,9045,11911,13470,792,7.8,9.9,12.6,16.1,19.3,792,29,52,89,144,228,8.0
KOTX,281,30,814,5596,6652,8783,11613,13095,794,7.7,9.8,12.6,16.1,19.0,794,29,53,92,148,230,7.9
KOTX,282,30,817,5498,6601,8590,11361,12897,799,7.6,9.8,12.5,16.1,19.0,799,29,54,92,149,232,8.3
KOTX,283,30,818,5453,6583,8380,11221,12580,803,7.4,9.8,12.6,16.1,18.6,803,30,55,94,155,233,8.2
KOTX,284,30,819,5420,6542,8334,11112,12411,806,7.4,9.8,12.6,16.1,19.1,806,30,54,95,160,240,9.1
KOTX,285,30,820,5374,6524,8212,10954,12332,809,7.4,9.7,12.7,16.1,19.2,809,31,55,95,165,247,9.8
KOTX,286,30,824,5272,6504,8115,10934,12319,812,7.4,9.8,12.9,16.2,18.9,812,31,56,97,167,247,9.9
KOTX,287,30,828,5147,6488,8142,10843,12287,816,7.4,9.8,12.9,16.2,18.9,816,32,58,98,169,258,10.5
KOTX,288,30,834,5037,6441,7976,10733,12224,821,7.4,9.6,12.6,16.0,18.9,821,31,58,98,168,261,10.8
KOTX,289,30,837,4716,6329,7815,10650,12156,824,7.3,9.4,12.5,15.9,18.7,824,30,56,95,168,260,10.8
KOTX,290,30,838,4306,6243,7712,10648,12265,824,7.2,9.2,12.3,15.7,18.5,824,29,54,93,168,260,10.7
KOTX,291,30,835,4047,6217,7710,10518,12226,823,7.1,9.1,12.1,15.4,18.3,823,28,54,92,168,260,10.7
KOTX,292,30,833,3761,6085,7691,10408,12183,821,7.0,9.0,12.1,15.4,18.0,821,28,53,93,167,259,10.4
KOTX,293,30,833,3438,6035,7695,10408,12247,820,6.9,9.0,12.0,15.3,18.3,820,26,53,93,167,261,10.9
KOTX,294,30,831,2560,5938,7695,10440,12315,818,7.0,9.0,12.0,15.4,18.3,818,27,52,93,166,264,11.5
KOTX,295,30,830,2388,5765,7590,10485,12329,817,6.8,8.9,11.9,15.3,18.3,817,26,50,93,167,268,11.5
KOTX,296,30,831,2388,5630,7427,10243,12294,818,6.7,8.8,11.7,15.1,18.3,818,26,50,92,162,264,11.2
KOTX,297,30,828,2388,5466,7352,10000,12226,815,6.6,8.7,11.6,15.0,18.1,815,25,48,92,166,263,11.2
KOTX,298,30,828,2388,5282,7186,9794,12137,814,6.3,8.5,11.5,15.0,18.3,814,25,48,90,166,270,11.9
KOTX,299,30,827,2388,5110,7005,9524,12053,815,6.0,8.3,11.2,14.9,17.9,815,24,48,89,162,270,11.9
KOTX,300,30,827,2388,4822,6856,9341,11996,814,5.9,8.2,11.0,14.8,17.8,814,23,46,88,158,270,11.7
KOTX,301,30,827,2388,4623,6696,9244,11915,816,5.7,8.0,10.8,14.7,17.7,816,23,46,88,158,268,11.5
KOTX,302,30,827,2388,4380,6549,9062,11738,816,5.6,7.9,10.7,14.6,17.8,816,23,44,87,161,268,11.6
KOTX,303,30,826,2388,4073,6379,8926,11590,816,5.4,7.7,10.6,14.6,17.8,816,22,43,88,162,269,11.8
KOTX,304,30,826,2388,3623,6099,8787,11215,816,5.4,7.7,10.6,14.4,17.9,816,22,44,89,168,272,12.0
KOTX,305,30,828,2388,3420,5966,8646,10960,817,5.3,7.6,10.6,14.5,18.0,817,22,44,89,173,275,12.6
KOTX,306,30,831,2388,3221,5798,8576,10902,820,5.3,7.6,10.6,14.6,18.5,820,22,45,91,175,276,12.7
KOTX,307,30,835,2388,2907,5716,8488,10895,824,5.3,7.6,10.6,14.4,18.5,824,22,46,90,174,275,12.4
KOTX,308,30,834,2388,2719,5600,8237,10834,825,5.4,7.6,10.5,14.1,17.9,825,23,46,87,170,268,11.4
KOTX,309,30,837,2388,2448,5440,8035,10641,827,5.3,7.5,10.5,14.0,17.8,827,23,44,85,168,262,10.8
KOTX,310,30,838,2388,2388,5384,7917,10571,829,5.3,7.3,10.3,13.8,17.5,829,22,44,84,161,252,10.3
KOTX,311,30,838,2388,2388,5213,7885,10484,828,5.3,7.3,10.3,13.8,17.6,828,22,44,84,168,262,10.9
KOTX,312,30,841,2388,2388,5092,7844,10433,833,5.3,7.2,10.1,13.8,17.9,833,22,45,84,169,271,11.5
KOTX,313,30,841,2388,2388,4928,7746,10407,834,5.4,7.2,10.0,13.6,17.5,834,22,45,83,160,264,10.7
KOTX,314,30,840,2388,2388,4915,7648,10368,832,5.5,7.3,10.1,13.6,17.5,832,22,45,85,166,262,10.6
KOTX,315,30,840,2388,2388,4817,7685,10475,833,5.5,7.4,10.1,13.5,17.4,833,23,46,87,169,263,10.7
KOTX,316,30,840,2388,2388,4774,7460,10342,832,5.5,7.4,10.1,13.5,17.4,832,23,47,88,170,265,11.1
KOTX,317,30,840,2388,2388,4718,7185,10150,832,5.6,7.5,10.0,13.4,17.1,832,24,48,89,166,264,10.8
KOTX,318,30,840,2388,2388,4706,7063,9801,832,5.6,7.4,10.0,13.4,17.1,832,24,47,89,169,266,11.4
KOTX,319,30,840,2388,2388,4598,6890,9556,832,5.4,7.3,9.9,13.1,16.7,832,24,47,89,165,261,10.9
KOTX,320,30,839,2388,2388,4502,6655,9373,833,5.4,7.2,9.7,12.9,16.3,833,23,46,87,160,252,10.2
KOTX,321,30,839,2388,2388,4413,6545,9249,833,5.3,7.1,9.6,12.8,16.1,833,23,46,84,157,252,10.1
KOTX,322,30,838,2388,2388,4309,6376,8826,833,5.3,7.0,9.5,12.6,16.1,833,23,46,86,158,262,10.7
KOTX,323,30,839,2388,2388,4195,6280,8588,834,5.2,6.8,9.4,12.5,16.1,834,23,46,87,157,266,11.0
KOTX,324,30,837,2388,2388,4053,6088,8558,833,5.2,6.7,9.4,12.5,16.1,833,24,47,88,158,268,11.2
KOTX,325,30,837,2388,2388,3904,5983,8334,833,5.2,6.6,9.3,12.5,16.1,833,23,46,87,158,266,11.3
KOTX,326,30,835,2388,2388,3757,5875,8156,832,5.1,6.5,9.3,12.3,15.9,832,24,46,84,157,263,11.1
KOTX,327,30,833,2388,2388,3558,5807,8013,830,5.1,6.5,9.3,12.4,15.7,830,23,45,82,157,258,10.6
KOTX,328,30,831,2388,2388,3445,5764,7942,827,5.0,6.5,9.2,12.3,15.7,827,23,45,80,156,259,10.8
KOTX,329,30,832,2388,2388,3219,5451,7697,829,5.0,6.4,9.1,12.1,15.6,829,22,44,78,151,252,10.0
KOTX,330,30,833,2388,2388,3029,5250,7439,830,4.9,6.4,8.9,12.0,15.3,830,22,43,77,148,242,9.4
KOTX,331,30,833,2388,2388,2844,5095,7206,830,4.8,6.3,8.8,11.9,15.2,830,21,41,75,144,236,8.9
KOTX,332,30,834,2388,2388,2617,5027,7127,829,4.6,6.0,8.6,11.8,15.2,829,19,38,74,143,236,8.8
KOTX,333,30,835,2388,2388,2480,4799,6828,829,4.5,5.9,8.5,11.4,15.0,829,19,37,72,136,229,8.0
KOTX,334,30,834,2388,2388,2448,4646,6704,828,4.5,5.9,8.4,11.4,15.0,828,19,37,70,135,230,8.0
KOTX,335,30,834,2388,2388,2388,4447,6615,827,4.4,5.9,8.4,11.2,14.8,827,18,36,69,131,224,7.5
KOTX,336,30,833,2388,2388,2388,4215,6518,825,4.3,5.7,8.3,11.2,14.8,825,17,35,67,131,228,7.4
KOTX,337,30,833,2388,2388,2388,4104,6437,824,4.3,5.6,8.1,11.1,14.6,824,18,35,66,130,222,7.3
KOTX,338,30,831,2388,2388,2388,3940,6338,821,4.3,5.7,8.1,11.3,14.6,821,17,34,67,131,223,7.3
KOTX,339,30,832,2388,2388,2388,3919,6336,821,4.3,5.7,8.2,11.3,14.6,821,17,35,68,131,223,7.4
KOTX,340,30,832,2388,2388,2388,3799,6278,821,4.3,5.7,8.2,11.4,14.5,821,17,34,67,132,225,7.3
KOTX,341,30,832,2388,2388,2388,3885,6273,820,4.3,5.7,8.2,11.3,14.6,820,18,34,68,134,229,7.4
KOTX,342,30,834,2388,2388,2388,3828,6164,822,4.3,5.7,8.1,11.0,14.5,822,18,34,67,132,223,7.1
KOTX,343,30,837,2388,2388,2388,3697,6052,824,4.3,5.7,8.0,10.8,14.4,824,18,34,66,133,221,6.9
KOTX,344,30,837,2388,2388,2388,3590,5989,822,4.3,5.8,8.0,10.7,14.3,822,19,34,67,132,223,7.2
KOTX,345,30,837,2388,2388,2388,3609,6066,822,4.1,5.7,8.0,10.8,14.3,822,18,33,67,134,225,7.4
KOTX,346,30,836,2388,2388,2388,3564,6085,822,4.1,5.8,8.0,10.9,14.4,822,18,33,66,133,227,7.4
KOTX,347,30,834,2388,2388,2388,3531,5912,822,4.1,5.9,8.1,10.8,14.4,822,19,35,67,134,223,6.8
KOTX,348,30,834,2388,2388,2388,3630,5994,822,4.2,6.0,8.2,11.0,14.4,822,20,35,70,139,224,7.1
KOTX,349,30,835,2388,2388,2388,3735,6098,823,4.2,6.0,8.2,10.9,14.4,823,20,36,71,144,226,7.3
KOTX,350,30,835,2388,2388,2388,3783,6133,824,4.4,6.1,8.1,10.9,14.4,824,20,36,73,145,228,7.5
KOTX,351,30,835,2388,2388,2388,3735,6133,825,4.5,6.1,8.1,10.8,14.3,825,21,37,73,139,223,7.2
KOTX,352,30,835,2388,2388,2388,3602,6088,826,4.6,6.1,8.1,10.7,14.3,826,20,37,73,136,223,7.0
KOTX,353,30,837,2388,2388,2388,3492,6062,828,4.5,6.1,7.9,10.5,14.2,828,20,36,69,134,219,6.6
KOTX,354,30,837,2388,2388,2388,3348,5999,825,4.5,6.0,7.7,10.5,14.1,825,20,35,69,135,212,6.2
KOTX,355,30,838,2388,2388,2388,3170,5850,824,4.6,6.0,7.8,10.4,13.7,824,20,35,69,132,207,5.8
KOTX,356,30,839,2388,2388,2388,3038,5778,826,4.6,6.0,7.7,10.4,13.4,826,20,35,67,131,206,5.4
KOTX,357,30,840,2388,2388,2388,2954,5828,826,4.7,6.0,7.8,10.5,13.6,826,20,34,67,130,209,5.6
KOTX,358,30,840,2388,2388,2388,2911,5795,827,4.7,6.0,7.8,10.4,13.7,827,20,34,68,127,209,5.8
KOTX,359,30,840,2388,2388,2388,2820,5773,829,4.6,6.0,7.7,10.5,13.7,829,20,34,66,125,205,5.4
KOTX,360,30,841,2388,2388,2388,2670,5533,829,4.7,5.9,7.7,10.4,13.6,829,20,34,65,122,203,5.5
KOTX,361,30,842,2388,2388,2388,2660,5761,830,4.7,6.0,7.8,10.5,13.6,830,20,34,65,124,203,5.7
KOTX,362,30,843,2388,2388,2388,2646,5939,831,4.7,5.9,7.8,10.7,13.8,831,19,33,65,124,206,6.3
KOTX,363,30,841,2388,2388,2388,2660,5907,830,4.6,5.9,7.7,10.6,13.7,830,17,33,65,124,205,6.4
KOTX,364,30,841,2388,2388,2388,2653,5907,829,4.6,5.8,7.8,10.7,13.5,829,17,32,65,123,202,6.2
KOTX,365,30,841,2388,2388,2388,2707,5907,829,4.5,5.8,7.8,10.8,13.9,829,17,33,66,128,207,6.3
KOTX,366,30,841,2388,2388,2388,2908,6010,829,4.6,5.9,7.9,11.0,13.9,829,18,34,68,133,217,7.1
