date,triplet,swe,swe_med,depth,prec,prec_med,tavg,tmax,tmin
2025-10-01,679:WA:SNTL,0,0,0,1,0,39.6,41.7,37.6
2025-10-02,679:WA:SNTL,0,0,0,1.1,0.2,40.3,46,36.9
2025-10-03,679:WA:SNTL,0,0,0,1.1,0.4,40.3,48.2,34.5
2025-10-04,679:WA:SNTL,0,0,0,1.4,0.4,40.1,43.9,37.4
2025-10-05,679:WA:SNTL,0,0,0,1.4,0.5,41,48,33.8
2025-10-06,679:WA:SNTL,0,0,0,1.4,0.6,48.9,57.2,40.3
2025-10-07,679:WA:SNTL,0,0,1,1.4,1.4,52.7,63,43
2025-10-08,679:WA:SNTL,0,0,0,1.4,1.8,44.8,49.1,39.7
2025-10-09,679:WA:SNTL,0,0,0,1.9,2.2,48.7,57.6,40.3
2025-10-10,679:WA:SNTL,0,0,0,2,2.4,40.3,55.8,35.2
2025-10-11,679:WA:SNTL,0.1,0,0,2.8,2.4,34,36.9,31.1
2025-10-12,679:WA:SNTL,0.5,0,2,3.4,3,29.5,31.5,26.2
2025-10-13,679:WA:SNTL,0.4,0,2,3.5,3.2,31.8,36.7,28.6
2025-10-14,679:WA:SNTL,0.4,0,0,3.5,3.3,34.2,41,28.9
2025-10-15,679:WA:SNTL,0.3,0,0,3.5,3.4,38.8,46.4,32.9
2025-10-16,679:WA:SNTL,0.3,0,0,3.5,3.6,37.8,44.6,32.4
2025-10-17,679:WA:SNTL,0.2,0,0,3.6,4.1,36.3,40.3,33.1
2025-10-18,679:WA:SNTL,0.3,0,0,4.7,4.9,37.8,46.2,31.6
2025-10-19,679:WA:SNTL,0.9,0,0,6.6,5.1,32.9,38.7,31.1
2025-10-20,679:WA:SNTL,0.5,0,0,6.7,5.3,34,38.7,31.8
2025-10-21,679:WA:SNTL,0.5,0,0,6.7,6,43.2,53.4,32.7
2025-10-22,679:WA:SNTL,0.3,0,0,6.7,6.8,44.2,51.3,36.1
2025-10-23,679:WA:SNTL,0.3,0.4,0,6.7,6.8,41.7,47.5,37.4
2025-10-24,679:WA:SNTL,0.5,0.3,1,8.6,6.9,38.5,45,30.7
2025-10-25,679:WA:SNTL,1.7,0.4,9,9.8,7.6,30.7,34.9,27.5
2025-10-26,679:WA:SNTL,2.7,0.5,16,11.2,8.4,27.7,30.6,25.5
2025-10-27,679:WA:SNTL,2.8,0.6,16,11.4,8.8,28.2,33.6,23.9
2025-10-28,679:WA:SNTL,3.2,0.9,13,12.1,9.9,34.2,43.5,24.4
2025-10-29,679:WA:SNTL,2.9,0.6,11,12.4,10.2,32.2,36.7,28.8
2025-10-30,679:WA:SNTL,2.9,0.6,10,12.4,10.4,38.5,42.6,34.9
2025-10-31,679:WA:SNTL,2.9,0.8,7,14,10.9,41.7,48.9,38.7
2025-11-01,679:WA:SNTL,1.9,1.2,3,15.9,11.2,38.3,45.5,29.8
2025-11-02,679:WA:SNTL,1.8,1.5,4,16,11.7,31.3,37,25.3
2025-11-03,679:WA:SNTL,2.5,1.6,9,16.6,12.5,31.5,36.9,28
2025-11-04,679:WA:SNTL,2.7,1.6,7,17.1,13.2,34.7,38.7,31.8
2025-11-05,679:WA:SNTL,2.5,1.6,6,19.1,14.1,37.6,42.8,34.3
2025-11-06,679:WA:SNTL,2.4,2,5,21.2,14.5,34.9,39,29.7
2025-11-07,679:WA:SNTL,2.7,1.5,8,21.6,14.7,30.2,32.5,27.7
2025-11-08,679:WA:SNTL,2.7,2.2,7,21.6,14.8,35.2,45.7,25.5
2025-11-09,679:WA:SNTL,2.4,2.3,6,21.6,14.8,52,58.5,42.8
2025-11-10,679:WA:SNTL,2.2,2.4,5,21.6,15.5,40.3,49.8,34.3
2025-11-11,679:WA:SNTL,1.9,2.6,5,21.6,16.4,39.6,50.4,29.5
2025-11-12,679:WA:SNTL,1.6,3,2,21.6,17,46.4,50.7,42.8
2025-11-13,679:WA:SNTL,1.1,3.2,0,22.8,17.9,42.3,46.8,37
2025-11-14,679:WA:SNTL,0.8,3.2,0,24.3,18.3,37.2,39.7,34.3
2025-11-15,679:WA:SNTL,0.3,3.3,0,24.6,18.5,41.7,45,39.6
2025-11-16,679:WA:SNTL,0.3,3.7,0,24.8,18.8,41.2,45.1,38.5
2025-11-17,679:WA:SNTL,0.4,4,0,24.9,19.4,32.7,39.2,25.2
2025-11-18,679:WA:SNTL,0.8,4.7,0,25.2,19.5,27.1,30.7,23.4
2025-11-19,679:WA:SNTL,1.2,5.2,0,25.2,20.4,29.1,33.8,23.7
2025-11-20,679:WA:SNTL,1.1,6.2,1,25.3,21.4,31.5,36.3,28.4
2025-11-21,679:WA:SNTL,1.5,7,0,25.3,22,32.4,37.6,26.8
2025-11-22,679:WA:SNTL,1,7,0,25.3,23.6,37.4,39.9,34.7
2025-11-23,679:WA:SNTL,0.8,7.2,0,25.9,24,33.6,37.2,25
2025-11-24,679:WA:SNTL,2,7.6,3,26,25.2,25,28.4,22.3
2025-11-25,679:WA:SNTL,3.4,7.6,7,27.4,26.3,28,33.3,22.1
2025-11-26,679:WA:SNTL,2.7,7.8,5,27.7,27.4,35.8,39.9,32.9
2025-11-27,679:WA:SNTL,3.2,8.4,4,28.9,27.6,34.9,39.7,32.4
2025-11-28,679:WA:SNTL,2.9,8.4,6,29.4,28.5,33.3,37.9,30.7
2025-11-29,679:WA:SNTL,2.9,8.8,6,29.4,28.8,30.4,39.9,24.1
2025-11-30,679:WA:SNTL,4.2,9.6,6,29.5,29.8,27.9,35.2,20.5
2025-12-01,679:WA:SNTL,4.3,11.6,7,29.6,30.2,32.5,38.8,28.6
2025-12-02,679:WA:SNTL,3.9,12.2,7,30,30.5,29.7,32.4,25.5
2025-12-03,679:WA:SNTL,3.8,12.4,6,30.1,30.6,28.2,32,26.1
2025-12-04,679:WA:SNTL,4.5,13.4,12,31.1,31.4,30.6,33.1,26.4
2025-12-05,679:WA:SNTL,4.5,14.2,10,33.4,32.2,34.2,38.1,32.2
2025-12-06,679:WA:SNTL,5.3,14.6,12,34.4,32.7,31.3,32.7,30
2025-12-07,679:WA:SNTL,6.4,15.1,17,35.9,32.8,32.7,35.6,31.1
2025-12-08,679:WA:SNTL,6.9,16,12,41.9,32.8,37.2,40.8,30.9
2025-12-09,679:WA:SNTL,7.6,16.3,11,45.2,34.7,32.4,41.4,27.7
2025-12-10,679:WA:SNTL,5.7,17,8,49.2,34.9,42.6,43.9,40.5
2025-12-11,679:WA:SNTL,4.7,17.3,6,51.3,36,40.3,42.1,36.7
2025-12-12,679:WA:SNTL,4.1,17.4,8,51.4,37.2,39.9,45,35.2
2025-12-13,679:WA:SNTL,3.7,18,9,51.4,38,43,50.5,34.7
2025-12-14,679:WA:SNTL,3.7,18.2,8,51.6,38.2,40.8,48.9,35.4
2025-12-15,679:WA:SNTL,3.3,18.8,6,54.2,39,38.7,45.7,31.6
2025-12-16,679:WA:SNTL,4,19,4,56,39.3,34.7,39.2,31.8
2025-12-17,679:WA:SNTL,4.2,19.4,12,57.3,39.8,26.1,37.8,22.3
2025-12-18,679:WA:SNTL,5.8,20.2,14,59.9,40.3,30,39.4,24.4
2025-12-19,679:WA:SNTL,6.5,22.2,24,60.6,40.4,22.5,25.5,20.3
2025-12-20,679:WA:SNTL,7.4,22.5,31,61.5,40.6,25.7,27.7,23.4
2025-12-21,679:WA:SNTL,7.7,22.4,31,62.5,41,27.9,31.3,25.2
2025-12-22,679:WA:SNTL,8.4,22.8,37,63,41,25.7,27.5,22.6
2025-12-23,679:WA:SNTL,8.5,23.1,34,63.4,41.2,26.8,31.8,22.5
2025-12-24,679:WA:SNTL,8.8,23.6,32,64,41.8,31.5,37.6,23.4
2025-12-25,679:WA:SNTL,9,24.7,31,64.2,42.4,30.2,35.6,23.7
2025-12-26,679:WA:SNTL,9.9,25.4,40,64.9,42.8,23.9,27.5,19.4
2025-12-27,679:WA:SNTL,10.1,26.3,41,65,43.6,18.7,19.9,17.2
2025-12-28,679:WA:SNTL,10.2,27.3,37,65.1,44.2,23.5,30.9,13.8
2025-12-29,679:WA:SNTL,10.1,28,37,65.1,44.5,33.8,42.3,25.5
2025-12-30,679:WA:SNTL,10.1,28,37,65.1,44.8,42.1,51.4,35.8
2025-12-31,679:WA:SNTL,10.1,28.7,36,65.1,45.2,43,51.4,39.4
2026-01-01,679:WA:SNTL,10.3,29,33,65.7,45.5,38.5,41.4,36.1
2026-01-02,679:WA:SNTL,10.2,29.2,29,66.5,45.7,37.6,39.4,36.3
2026-01-03,679:WA:SNTL,10.5,29.4,27,67,46.6,33.8,40.3,31.6
2026-01-04,679:WA:SNTL,11.2,30.1,35,67.7,47.3,29.8,32.4,26.1
2026-01-05,679:WA:SNTL,11.4,30.6,38,67.9,48.3,25.5,31.1,22.1
2026-01-06,679:WA:SNTL,13.5,30.4,58,69.9,50.8,24.6,27.9,21.7
2026-01-07,679:WA:SNTL,14.9,31.2,60,71.1,52.2,22.1,24.4,20.5
2026-01-08,679:WA:SNTL,15.8,31.7,64,71.7,53,22.8,25.9,18.7
2026-01-09,679:WA:SNTL,15.9,32.8,53,71.7,53.8,28.4,34.5,25
2026-01-10,679:WA:SNTL,15.9,33.8,58,71.7,54.3,36.7,41.4,32.2
2026-01-11,679:WA:SNTL,16.3,33.9,54,72.5,55.3,33.3,37.6,29.1
2026-01-12,679:WA:SNTL,15.8,34.4,48,72.5,55.8,39.9,42.8,36.1
2026-01-13,679:WA:SNTL,15.7,34.8,46,72.5,56,45.1,54,36.3
2026-01-14,679:WA:SNTL,15.7,35.3,45,72.5,56.6,46.2,56.8,37.2
2026-01-15,679:WA:SNTL,15.7,35.8,45,72.5,57.3,44.6,54.9,34.9
2026-01-16,679:WA:SNTL,15.7,36.6,45,72.5,59.2,42.8,49.6,40.5
2026-01-17,679:WA:SNTL,15.6,36.8,44,72.5,60.2,46.4,52.5,41.2
2026-01-18,679:WA:SNTL,15.6,37.3,44,72.5,60.6,46.4,50.7,40.3
2026-01-19,679:WA:SNTL,15.6,37.2,43,72.5,60.8,45.3,54.7,41.4
2026-01-20,679:WA:SNTL,15.6,38,43,72.6,61,41,45.9,35.1
2026-01-21,679:WA:SNTL,15.7,38.5,43,72.6,61.4,38.8,46,34.3
2026-01-22,679:WA:SNTL,15.7,39.2,43,72.6,61.6,33.3,39.4,27.7
2026-01-23,679:WA:SNTL,15.7,40.6,43,72.6,62.2,27.3,33.1,23.5
2026-01-24,679:WA:SNTL,15.7,41.1,42,72.6,62.8,30,37,23.4
2026-01-25,679:WA:SNTL,15.7,41.8,43,72.6,63.1,32.7,39.9,27.3
2026-01-26,679:WA:SNTL,15.8,42,41,72.6,63.2,32.9,39.4,29.5
2026-01-27,679:WA:SNTL,15.8,42.8,42,72.6,63.5,36.1,42.8,29.1
2026-01-28,679:WA:SNTL,16.5,43.2,47,73.3,64.6,31.3,33.8,28.2
2026-01-29,679:WA:SNTL,18,44.4,50,74.8,66.6,32.5,34.7,31.6
2026-01-30,679:WA:SNTL,18,44.9,47,75.1,67.2,35.4,38.3,32.2
2026-01-31,679:WA:SNTL,17.7,45,49,75.4,68,40.5,46,36.5
2026-02-01,679:WA:SNTL,18.7,45.8,54,76.3,68.6,34,46.6,29.5
2026-02-02,679:WA:SNTL,19.8,45.8,58,78,69.2,32.7,37.6,28
2026-02-03,679:WA:SNTL,19.5,46.4,54,78,69.4,41.4,48.7,35.2
2026-02-04,679:WA:SNTL,19.2,46.2,51,78,70.1,52.7,59.4,45.3
2026-02-05,679:WA:SNTL,19.1,46.4,52,78,71.2,51.3,58.5,43.3
2026-02-06,679:WA:SNTL,19,47.4,51,78,71.7,45,51.4,41
2026-02-07,679:WA:SNTL,19.6,47,50,78.8,72.1,36.7,42.4,32.2
2026-02-08,679:WA:SNTL,19.7,47,51,79.1,72.3,29.7,33.8,27.1
2026-02-09,679:WA:SNTL,20.1,47.2,51,79.6,72.4,27.3,31.3,23.7
2026-02-10,679:WA:SNTL,20.1,47.2,51,79.6,72.4,27.9,33.1,22.5
2026-02-11,679:WA:SNTL,20.1,47.5,53,79.7,72.5,31.6,39.2,27
2026-02-12,679:WA:SNTL,20.2,48.4,50,79.7,72.8,30.7,38.5,26.4
2026-02-13,679:WA:SNTL,20.4,48.6,52,79.8,73.1,28.2,32,25.3
2026-02-14,679:WA:SNTL,20.6,49,54,80,73.6,26.8,30.2,24.6
2026-02-15,679:WA:SNTL,20.8,49.2,55,80.1,73.8,28.6,32.4,26.8
2026-02-16,679:WA:SNTL,21,49.8,55,80.2,74,22.8,27.1,16.2
2026-02-17,679:WA:SNTL,21,51.6,56,80.4,74.7,19.6,24.4,15.1
2026-02-18,679:WA:SNTL,21.2,52.3,59,80.5,75,19.6,24.3,16.3
2026-02-19,679:WA:SNTL,21.4,52.8,60,80.7,75.1,19.8,26.4,16.2
2026-02-20,679:WA:SNTL,21.4,54.4,60,80.7,75.5,19.8,25.2,14.7
2026-02-21,679:WA:SNTL,21.9,55.6,62,81,76,23.5,27.5,19.8
2026-02-22,679:WA:SNTL,22,55.9,67,81.1,77,30.6,33.3,26.1
2026-02-23,679:WA:SNTL,23.2,55.9,72,82.1,78.1,27.1,32.2,24.4
2026-02-24,679:WA:SNTL,23.6,56,65,82.5,78.2,29.1,33.3,23.9
2026-02-25,679:WA:SNTL,23.6,56.4,67,82.5,78.6,24.1,30,20.7
2026-02-26,679:WA:SNTL,23.6,56.9,66,82.5,78.9,25.7,32,21.6
2026-02-27,679:WA:SNTL,23.7,57.2,67,82.5,80,28,34.2,24.1
2026-02-28,679:WA:SNTL,23.7,57.8,66,82.5,80.8,32.9,45.9,23.2
2026-03-01,679:WA:SNTL,23.7,59,66,82.5,81.2,38.8,49.3,32.4
2026-03-02,679:WA:SNTL,23.8,59.6,64,82.5,81.4,37.2,46.8,31.6
2026-03-03,679:WA:SNTL,24.1,60.7,63,82.7,81.8,34.9,37.8,32.7
2026-03-04,679:WA:SNTL,25,61.4,67,83.6,82,31.3,33.8,28.6
2026-03-05,679:WA:SNTL,25.3,62,68,83.9,82.6,27.5,30,25
2026-03-06,679:WA:SNTL,26.6,62.2,70,85.1,82.8,30.4,34.3,26.8
2026-03-07,679:WA:SNTL,26.3,62.7,67,85.3,83,35.8,40.5,33.1
2026-03-08,679:WA:SNTL,26.5,63,62,86.6,84.2,30,35.1,19.9
2026-03-09,679:WA:SNTL,27.1,64.4,72,87.2,85.1,20.3,24.8,16.9
2026-03-10,679:WA:SNTL,27.6,65,78,87.7,85.6,20.8,27.9,15.6
2026-03-11,679:WA:SNTL,30.7,65.2,88,90.4,85.8,28.4,34.3,22.8
2026-03-12,679:WA:SNTL,32.7,65.6,99,92.4,85.9,26.8,34.2,22.8
2026-03-13,679:WA:SNTL,36.9,65.8,119,96.6,86,30.7,31.6,27
2026-03-14,679:WA:SNTL,36.9,65.6,114,97.7,86.6,23,31.8,17.6
2026-03-15,679:WA:SNTL,37.7,66.4,112,98.3,87.2,26.8,35.6,16.7
2026-03-16,679:WA:SNTL,37.4,66.8,106,98.5,88,38.8,47.3,32.7
2026-03-17,679:WA:SNTL,38.2,67,100,100,88.2,38.8,46.2,36.1
2026-03-18,679:WA:SNTL,37.5,67.3,93,100.5,88.5,41.4,46.6,37.6
2026-03-19,679:WA:SNTL,38.6,67.6,86,102.9,88.7,40.8,44.4,37.6
2026-03-20,679:WA:SNTL,36.7,67.8,84,103.8,88.8,37.2,42.1,31.5
2026-03-21,679:WA:SNTL,35.9,68,82,103.9,89.1,29.1,34.9,22.6
2026-03-22,679:WA:SNTL,35.9,68.4,81,103.9,89.2,29.7,40.5,18.7
2026-03-23,679:WA:SNTL,35.7,68.9,82,103.9,89.4,37.6,43.9,32
2026-03-24,679:WA:SNTL,36.7,68.6,80,105.4,90.1,34.2,37.9,29.3
2026-03-25,679:WA:SNTL,36.4,69.2,85,105.9,92.2,25.5,31.6,18.3
2026-03-26,679:WA:SNTL,36.4,69.7,79,105.9,92.2,25.2,33.8,17.6
2026-03-27,679:WA:SNTL,36.4,70.3,81,105.9,92.5,37.8,54,24.1
2026-03-28,679:WA:SNTL,36.3,71.4,78,105.9,93.7,35.1,44.8,29.1
2026-03-29,679:WA:SNTL,36.7,71.6,82,106.1,94.4,28,32.7,21.9
2026-03-30,679:WA:SNTL,36.9,71.9,79,106.1,94.7,26.6,36.7,16.7
2026-03-31,679:WA:SNTL,36.7,72.4,79,106.1,94.7,31.8,44.1,25
2026-04-01,679:WA:SNTL,37.8,72.6,88,106.9,94.7,29.8,33.8,25.3
2026-04-02,679:WA:SNTL,38.3,72.6,90,107.4,94.7,27,32.4,23.9
2026-04-03,679:WA:SNTL,38.4,73.2,84,107.4,94.8,30.4,39.4,23.4
2026-04-04,679:WA:SNTL,38.4,73.6,86,107.4,95.5,42.3,56.1,29.5
2026-04-05,679:WA:SNTL,38.2,74.2,84,107.4,96.2,51.4,62.6,42.3
2026-04-06,679:WA:SNTL,38.2,74.4,82,107.4,97,47.7,59.7,36.7
2026-04-07,679:WA:SNTL,38.2,75.2,81,107.4,97.7,33.3,40.1,26.8
2026-04-08,679:WA:SNTL,37.9,76.3,80,107.4,98,38.5,48.9,28.6
2026-04-09,679:WA:SNTL,37.4,76.2,79,107.4,98,45.9,56.1,34.5
2026-04-10,679:WA:SNTL,37.2,76.5,77,107.4,98,45,52.5,41
2026-04-11,679:WA:SNTL,37.2,76.4,76,107.8,98,36.9,41.2,32.5
2026-04-12,679:WA:SNTL,36.6,77,76,108,98,36.9,45.3,32.5
2026-04-13,679:WA:SNTL,36.3,77.6,74,108.1,98,31.3,36.1,26.1
2026-04-14,679:WA:SNTL,37.2,78.5,81,108.7,98.2,28.2,29.7,25.7
2026-04-15,679:WA:SNTL,38.2,78.7,95,109.8,98.2,24.8,30.9,19
2026-04-16,679:WA:SNTL,38.3,79.2,90,109.8,98.5,26.1,35.8,20.3
2026-04-17,679:WA:SNTL,38.4,79.5,86,109.8,98.9,30.4,39.7,21.7
2026-04-18,679:WA:SNTL,38.2,79.6,83,109.8,99.2,39.9,52.2,28.8
2026-04-19,679:WA:SNTL,38,80.2,80,109.8,99.4,48.6,58.5,42.4
2026-04-20,679:WA:SNTL,37.8,81,77,109.8,99.5,51.1,61.2,39.7
2026-04-21,679:WA:SNTL,37.4,81,75,110,99.6,38.3,45.9,34.2
2026-04-22,679:WA:SNTL,38.3,81,78,111.2,100.3,32.2,34.2,30.9
2026-04-23,679:WA:SNTL,38.7,80.8,76,111.6,101.2,31.5,35.4,28.9
2026-04-24,679:WA:SNTL,38.6,80.5,80,111.6,101.8,33.8,43,26.8
2026-04-25,679:WA:SNTL,38.5,80.4,78,111.6,102,35.4,45.9,26.8
2026-04-26,679:WA:SNTL,38.3,80.6,77,111.6,102.2,37.4,48.2,29.5
2026-04-27,679:WA:SNTL,38.1,80.4,78,111.6,102.4,35.1,45.7,28.9
2026-04-28,679:WA:SNTL,38,80,77,111.6,102.5,32.2,35.4,29.1
2026-04-29,679:WA:SNTL,37.6,79.9,75,111.6,102.7,43,54.1,28.9
2026-04-30,679:WA:SNTL,37.1,80.7,73,111.6,102.8,49.1,57.9,43.2
2026-05-01,679:WA:SNTL,36.3,80.8,70,111.6,102.8,51.3,62.6,41.5
2026-05-02,679:WA:SNTL,35.3,80.6,66,111.6,103.4,55,63.5,45.7
2026-05-03,679:WA:SNTL,34.2,80.2,64,111.6,103.7,56.8,67.8,49.6
2026-05-04,679:WA:SNTL,33.2,80,61,111.6,104.1,54.9,65.3,45.7
2026-05-05,679:WA:SNTL,32.2,79.3,56,111.6,104.6,52,63,43.7
2026-05-06,679:WA:SNTL,31.2,78.4,54,111.6,105.4,45,58.5,37.6
2026-05-07,679:WA:SNTL,30.1,78,53,111.6,105.6,42.3,54,33.1
2026-05-08,679:WA:SNTL,29.2,77.6,50,111.6,105.8,41.2,50.5,35.4
2026-05-09,679:WA:SNTL,28.4,77.2,50,111.6,105.8,48.2,61.5,30.6
2026-05-10,679:WA:SNTL,27.7,76.6,48,111.6,105.8,45,52,35.1
2026-05-11,679:WA:SNTL,26.6,76.3,46,111.6,106,49.1,61.5,34.5
2026-05-12,679:WA:SNTL,25.6,75.4,42,111.6,106.2,56.3,70.5,42.8
2026-05-13,679:WA:SNTL,25.7,74.6,45,113.5,106.6,35.8,46.4,32
2026-05-14,679:WA:SNTL,25,73.8,40,113.8,106.6,34.2,40.5,31.6
2026-05-15,679:WA:SNTL,25.8,72.6,44,114.6,106.8,29.8,32.5,27
2026-05-16,679:WA:SNTL,26.9,71.2,50,115.4,107.4,29.1,34.2,26.2
2026-05-17,679:WA:SNTL,26.9,70.1,48,115.4,107.6,32,41.9,22.6
2026-05-18,679:WA:SNTL,26.5,69.1,45,115.4,107.7,38.1,50.5,30.4
2026-05-19,679:WA:SNTL,26.4,68.4,44,115.4,107.7,37.2,42.6,31.3
2026-05-20,679:WA:SNTL,25.7,67.2,40,115.4,107.9,41.4,51.3,34.9
2026-05-21,679:WA:SNTL,24.8,66.6,39,115.4,108.2,51.1,62.4,38.8
2026-05-22,679:WA:SNTL,23.7,65.9,35,115.4,108.4,51.4,61.9,43.5
2026-05-23,679:WA:SNTL,22.6,65.8,33,115.4,108.9,47.3,57.2,40.3
2026-05-24,679:WA:SNTL,21.4,66,28,115.4,108.9,48.7,59.9,36.7
2026-05-25,679:WA:SNTL,20.9,66.2,26,115.4,109.1,42.1,48.7,33.4
2026-05-26,679:WA:SNTL,20,65.4,24,115.4,109.4,37.2,45.9,31.8
2026-05-27,679:WA:SNTL,18.7,65.8,20,115.4,109.4,48,60.6,34.5
2026-05-28,679:WA:SNTL,17.3,66,12,115.4,109.4,55.6,68.5,46.6
2026-05-29,679:WA:SNTL,16.6,64.8,17,115.5,109.4,37.9,47.3,31.1
2026-05-30,679:WA:SNTL,16.1,64.1,18,115.5,110,34.7,45.7,29.1
2026-05-31,679:WA:SNTL,15.2,63.4,14,115.5,110,40.1,53.8,27.3
2026-06-01,679:WA:SNTL,14,62.8,13,115.5,110,52,63.3,39.7
2026-06-02,679:WA:SNTL,12.6,61.2,9,115.5,110,56.3,68.9,44.6
2026-06-03,679:WA:SNTL,11.7,60,2,115.6,110,48.7,54.3,38.3
2026-06-04,679:WA:SNTL,10.3,58.6,4,115.6,110,41.9,53.6,35.4
2026-06-05,679:WA:SNTL,9.6,57.2,3,115.8,110.2,36.3,45.1,32
2026-06-06,679:WA:SNTL,9.8,56.3,0,116.5,110.2,32.4,37.9,30
2026-06-07,679:WA:SNTL,10,55.4,0,116.9,110.8,34.7,43,30.4
2026-06-08,679:WA:SNTL,10.1,53.7,0,118.5,111.2,39.9,44.4,32.4
2026-06-09,679:WA:SNTL,9,52.7,0,119.6,111.6,36.7,40.1,32.7
2026-06-10,679:WA:SNTL,8.5,51.8,0,119.6,111.6,36.3,41.4,31.8
2026-06-11,679:WA:SNTL,7.2,50.8,0,119.6,111.6,44.2,57.7,31.5
2026-06-12,679:WA:SNTL,5.9,49.6,0,119.6,111.8,48.6,60.8,37.4
2026-06-13,679:WA:SNTL,3.8,48.8,0,119.6,112.1,58.8,69.3,50
2026-06-14,679:WA:SNTL,1.6,47.8,0,119.6,112.2,62.4,73.4,52.7
2026-06-15,679:WA:SNTL,0.1,46.9,0,119.6,112.2,64.8,77.5,52.3
2026-06-16,679:WA:SNTL,0,46.2,0,119.6,112.3,53.8,63.5,45
2026-06-17,679:WA:SNTL,0,45,0,119.6,112.5,49.3,60.3,41.9
2026-06-18,679:WA:SNTL,0,44.2,0,119.6,112.8,56.8,68.7,39.9
2026-06-19,679:WA:SNTL,0,43.6,0,119.6,113.2,61.7,73.4,47.1
2026-06-20,679:WA:SNTL,0,42.5,0,119.6,113.2,49.5,60.8,42.4
2026-06-21,679:WA:SNTL,0,41.2,0,119.6,113.5,52.7,64.4,39.4
2026-06-22,679:WA:SNTL,0,39.9,0,119.6,113.6,59.7,72.5,47.3
2026-06-23,679:WA:SNTL,0,38.2,0,119.6,113.8,63.9,73,57.4
2026-06-24,679:WA:SNTL,0,36.5,0,119.7,113.8,61.5,75.4,48.4
2026-06-25,679:WA:SNTL,0,35.6,0,120.1,113.8,49.6,58.1,41
2026-06-26,679:WA:SNTL,0,34.8,0,120.6,113.8,43.2,50.9,38.3
2026-06-27,679:WA:SNTL,0,33.3,0,120.6,113.8,39.6,45.5,34.3
2026-06-28,679:WA:SNTL,0,31.6,0,120.9,113.9,40.6,42.8,38.1
2026-06-29,679:WA:SNTL,0,29.8,0,121,113.9,40.5,43.9,37.4
2026-06-30,679:WA:SNTL,0,27.7,0,121.2,114,40.3,43.7,37.4
2026-07-01,679:WA:SNTL,0,26.2,0,121.2,114.1,38.8,42.6,34.7
2026-07-02,679:WA:SNTL,0,24.6,0,121.2,114.1,45.5,54.3,38.7
2026-07-03,679:WA:SNTL,0,23.5,0,121.2,114.1,50.7,62.4,43
2026-07-04,679:WA:SNTL,0,22.7,0,121.2,114.1,49.5,62.8,40.1
2026-07-05,679:WA:SNTL,0,21.6,0,121.2,114.1,53.4,64,38.8
2026-07-06,679:WA:SNTL,0,19.8,0,121.2,114.1,62.8,75,53.1
2026-07-07,679:WA:SNTL,0,16.9,0,121.2,114.1,57.9,69.6,43.9
2026-07-08,679:WA:SNTL,0,14.6,0,121.2,114.1,49.1,61.5,42.1
2026-07-09,679:WA:SNTL,0,12,0,121.2,114.1,52.3,64.2,42.4
2026-07-10,679:WA:SNTL,0,9.8,0,121.2,114.1,54,64.4,45.1
2026-07-11,679:WA:SNTL,0,7.4,0,121.2,114.1,51.3,62.4,45.1
2026-07-12,679:WA:SNTL,0,4,0,121.2,114.2,49.3,61.3,38.8
2026-07-13,679:WA:SNTL,0,1.4,0,121.2,114.4,56.8,70,42.3
2026-07-14,679:WA:SNTL,0,0.8,0,121.2,114.4,61.3,73,52.2
2026-07-15,679:WA:SNTL,0,0,0,121.2,114.4,64.4,76.6,53.1
2026-07-16,679:WA:SNTL,0,0,0,121.2,114.4,55.2,64.6,45
2026-07-17,679:WA:SNTL,0,0,0,121.2,114.4,49.1,61.9,38.8
2026-07-18,679:WA:SNTL,0,0,0,121.2,114.4,49.6,61.7,40.5
2026-07-19,679:WA:SNTL,0,0,0,121.2,114.4,55.8,66.9,43.5
2026-07-20,679:WA:SNTL,0,0,0,121.2,114.4,65.7,72.7,58.3
2026-07-21,679:WA:SNTL,0,0,0,121.2,114.4,69.8,79.9,60.6
2026-07-22,679:WA:SNTL,0,0,0,121.2,114.4,70.9,85.1,57.2
2026-07-23,679:WA:SNTL,0,0,0,121.2,114.4,55.2,60.6,52.5
2026-07-24,679:WA:SNTL,0,0,0,121.2,114.4,59.2,73.8,46.9
2026-07-25,679:WA:SNTL,0,0,0,121.4,114.4,51.6,59,44.6
2026-07-26,679:WA:SNTL,0,0,0,121.4,114.4,52,64,43.9
2026-07-27,679:WA:SNTL,0,0,0,121.4,114.4,54.3,66.4,42.4
2026-07-28,679:WA:SNTL,0,0,0,121.4,114.4,52.5,62.8,46
2026-07-29,679:WA:SNTL,0,0,0,121.4,114.4,51.4,64.6,40.1
2026-07-30,679:WA:SNTL,0,0,0,121.4,114.4,52.2,64.4,42.4
2026-07-31,679:WA:SNTL,0,0,0,121.4,114.4,59.5,76.3,46.6
2026-08-01,679:WA:SNTL,0,0,0,121.4,114.6,48.4,58.8,40.5
2026-08-02,679:WA:SNTL,0,0,0,121.4,114.6,42.6,52.2,38.3
2026-08-03,679:WA:SNTL,0,0,0,121.4,114.6,52,62.4,37.6
2026-08-04,679:WA:SNTL,0,0,0,121.4,114.6,61,72.3,53.1
2026-08-05,679:WA:SNTL,0,0,0,121.4,114.6,67.8,77.4,56.3
2026-08-06,679:WA:SNTL,0,0,0,121.4,114.6,64.4,77.4,53.6
2026-08-07,679:WA:SNTL,0,0,0,121.4,114.6,62.4,73.8,53.2
2026-08-08,679:WA:SNTL,0,0,0,121.4,114.7,58.8,72.1,48.9
2026-08-09,679:WA:SNTL,0,0,0,121.4,114.8,54,66.6,46.2
2026-08-10,679:WA:SNTL,0,0,0,121.4,114.8,52.3,63.7,44.6
2026-08-11,679:WA:SNTL,0,0,0,121.4,115,53.1,65.3,44.6
2026-08-12,679:WA:SNTL,0,0,0,121.4,115.2,51.3,58.5,44.8
2026-08-13,679:WA:SNTL,0,0,0,121.4,115.2,56.3,68,47.3
2026-08-14,679:WA:SNTL,0,0,0,121.4,115.2,59.2,68.5,52.7
2026-08-15,679:WA:SNTL,0,0,0,121.4,115.2,57.2,65.5,51.4
2026-08-16,679:WA:SNTL,0,0,0,121.4,115.3,55.4,65.8,46.4
2026-08-17,679:WA:SNTL,0,0,0,121.4,115.3,59.7,73.6,49.1
2026-08-18,679:WA:SNTL,0,0,0,121.4,115.3,56.3,68,48
2026-08-19,679:WA:SNTL,0,0,0,121.4,115.3,58.1,70,48.9
2026-08-20,679:WA:SNTL,0,0,0,121.4,115.3,66,76.6,56.1
2026-08-21,679:WA:SNTL,0,0,0,121.4,115.7,68.7,79.5,62.2
2026-08-22,679:WA:SNTL,0,0,0,121.4,115.7,57.7,67.6,46.9
2026-08-23,679:WA:SNTL,0,0,0,121.4,115.7,48.6,55,45
2026-08-24,679:WA:SNTL,0,0,0,121.4,115.7,61.9,72.7,46.6
2026-08-25,679:WA:SNTL,0,0,0,121.4,115.7,65.1,78.8,56.1
2026-08-26,679:WA:SNTL,0,0,0,121.4,115.7,59.7,68.5,53.4
2026-08-27,679:WA:SNTL,0,0,0,121.5,115.7,51.6,61,44.6
2026-08-28,679:WA:SNTL,0,0,0,121.5,115.7,47.8,59,40.5
2026-08-29,679:WA:SNTL,0,0,0,122,115.8,40.6,46.9,37
2026-08-30,679:WA:SNTL,0,0,0,122,115.8,43.2,50.2,37.2
2026-08-31,679:WA:SNTL,0,0,0,122,115.8,58.1,71.2,48.2
2026-09-01,679:WA:SNTL,0,0,0,122,115.8,50.5,60.1,43.2
2026-09-02,679:WA:SNTL,0,0,0,122.5,115.8,41.7,46.6,35.6
2026-09-03,679:WA:SNTL,0,0,0,122.8,115.8,39,43.9,35.1
2026-09-04,679:WA:SNTL,0,0,0,122.8,115.8,40.6,48.4,35.6
2026-09-05,679:WA:SNTL,0,0,0,123.5,116,41.2,46.8,37.6
2026-09-06,679:WA:SNTL,0,0,0,123.5,116.2,44.6,51.1,40.5
2026-09-07,679:WA:SNTL,0,0,0,123.5,116.2,41.4,44.8,38.5
2026-09-08,679:WA:SNTL,0,0,0,123.5,116.2,49.6,61,37.9
2026-09-09,679:WA:SNTL,0,0,0,123.5,116.2,57,66.7,49.1
2026-09-10,679:WA:SNTL,0,0,0,123.6,116.2,50.4,61.2,39.6
2026-09-11,679:WA:SNTL,0,0,0,123.6,116.2,44.6,52.2,36.7
2026-09-12,679:WA:SNTL,0,0,0,123.6,116.3,48.2,57.6,39.6
2026-09-13,679:WA:SNTL,0,0,0,125.2,116.8,38.5,41.7,35.2
2026-09-14,679:WA:SNTL,0,0,0,125.2,117,40.1,42.8,37.6
2026-09-15,679:WA:SNTL,0,0,0,125.2,117,42.3,47.5,38.8
2026-09-16,679:WA:SNTL,0,0,0,125.2,117,51.1,60.8,41.9
2026-09-17,679:WA:SNTL,0,0,0,125.2,117,55.9,65.8,46.9
2026-09-18,679:WA:SNTL,0,0,0,125.2,117,50,59,43.2
2026-09-19,679:WA:SNTL,0,0,0,125.2,117,56.5,66.6,49.6
2026-09-20,679:WA:SNTL,0,0,0,125.2,117,59.2,69.4,52.5
2026-09-21,679:WA:SNTL,0,0,0,125.2,117.1,54.7,68,41.4
2026-09-22,679:WA:SNTL,0,0,0,125.2,117.1,43.5,52.7,37.2
2026-09-23,679:WA:SNTL,0,0,0,125.2,118.2,43,52.7,36.3
2026-09-24,679:WA:SNTL,0,0,0,125.4,118.2,50.4,58.6,40.3
2026-09-25,679:WA:SNTL,0,0,0,126.6,118.2,37.2,45.1,31.1
2026-09-26,679:WA:SNTL,0,0,0,126.6,118.2,37.6,47.1,29.1
2026-09-27,679:WA:SNTL,0,0,0,126.6,118.2,43.9,53.6,38.7
2026-09-28,679:WA:SNTL,0,0,0,126.6,118.2,43.5,52.9,37.6
2026-09-29,679:WA:SNTL,0,0,0,127.4,118.4,45.3,47.5,39.9
2026-09-30,679:WA:SNTL,0,0,0,127.5,119.1,43.9,49.8,36.7
2026-10-01,679:WA:SNTL,0,0,0,0,0,49.8,58.6,42.6
2026-10-02,679:WA:SNTL,0,0,0,0,0.2,49.3,57.9,43.5
2026-10-03,679:WA:SNTL,0,0,0,,,57,67.3,48
2026-10-04,679:WA:SNTL,0,0,0,,,56.7,67.3,50.9
2026-10-05,679:WA:SNTL,0,0,0,0,0.5,51.1,58.8,43.9
2025-10-01,1085:WA:SNTL,0,0,0,,,40.5,41.9,38.5
2025-10-02,1085:WA:SNTL,0,0,0,,,41.2,45.3,38.7
2025-10-03,1085:WA:SNTL,0,0,0,,,42.4,50.5,38.1
2025-10-04,1085:WA:SNTL,0,0,0,,,40.5,43.7,38.1
2025-10-05,1085:WA:SNTL,0,0,0,,,43.7,52.5,36.9
2025-10-06,1085:WA:SNTL,0,0,0,,,50.2,58.1,43.7
2025-10-07,1085:WA:SNTL,0,0,0,,,52.5,61,44.1
2025-10-08,1085:WA:SNTL,0,0,0,,,42.1,48,36.7
2025-10-09,1085:WA:SNTL,0,0,0,,,47.3,54.3,41.4
2025-10-10,1085:WA:SNTL,0,0,0,,,40.6,51.6,36.7
2025-10-11,1085:WA:SNTL,0.1,0,0,,,36,37.6,33.1
2025-10-12,1085:WA:SNTL,0.6,0,3,,,31.6,33.3,29.7
2025-10-13,1085:WA:SNTL,0.8,0,1,,,32.2,35.1,30.2
2025-10-14,1085:WA:SNTL,0.6,0,2,,,35.2,42.1,30.6
2025-10-15,1085:WA:SNTL,0.3,0,0,,,41,52,35.2
2025-10-16,1085:WA:SNTL,0.1,0,0,,,39.7,48.7,35.1
2025-10-17,1085:WA:SNTL,0,0,0,,2.4,36.1,38.3,33.8
2025-10-18,1085:WA:SNTL,0.1,0,0,,2.6,38.8,47.5,33.1
2025-10-19,1085:WA:SNTL,0.3,0,0,,2.8,34.5,39,32.9
2025-10-20,1085:WA:SNTL,0,0,0,,3,36.3,39.7,33.8
2025-10-21,1085:WA:SNTL,0,0,0,,3,46.2,54.7,36.5
2025-10-22,1085:WA:SNTL,0,0,0,,3.6,45.5,52,38.3
2025-10-23,1085:WA:SNTL,0,0,0,,3.8,42.1,46.4,38.3
2025-10-24,1085:WA:SNTL,0.1,0,0,,4.4,39.4,45.1,32
2025-10-25,1085:WA:SNTL,1,0.1,7,,4.9,32,34,29.3
2025-10-26,1085:WA:SNTL,2.4,0.1,16,,5.2,29.3,33.4,27.3
2025-10-27,1085:WA:SNTL,2.6,0.2,17,,5.8,30.4,33.8,27.3
2025-10-28,1085:WA:SNTL,2.6,0,12,,6.2,34.2,43.2,27.9
2025-10-29,1085:WA:SNTL,2.5,0,12,,6.2,33.6,42.3,31.3
2025-10-30,1085:WA:SNTL,2.4,0,11,,6.6,38.3,43.3,34.2
2025-10-31,1085:WA:SNTL,2.2,0.2,5,,6.8,41.4,46.2,37.4
2025-11-01,1085:WA:SNTL,0.8,0.2,2,,7.6,39.7,45.9,32.2
2025-11-02,1085:WA:SNTL,0.8,0.5,2,,7.8,32.2,34.7,29.5
2025-11-03,1085:WA:SNTL,1.9,0.6,10,,7.8,31.3,35.2,29.7
2025-11-04,1085:WA:SNTL,2,0.6,10,,8.6,34.2,36.5,30.9
2025-11-05,1085:WA:SNTL,1.7,0.8,4,,9.2,37.8,40.8,35.4
2025-11-06,1085:WA:SNTL,1.5,0.8,4,,9.4,36,40.1,30.9
2025-11-07,1085:WA:SNTL,2.2,1.1,8,,9.8,32,33.8,30
2025-11-08,1085:WA:SNTL,2.1,1,8,,10.2,35.6,42.4,29.5
2025-11-09,1085:WA:SNTL,1.4,1.2,3,,10.4,49.1,53.6,40.1
2025-11-10,1085:WA:SNTL,0.8,1.5,1,,10.6,41,48.9,36.5
2025-11-11,1085:WA:SNTL,0.5,1.8,0,,11,41.7,50.4,32.4
2025-11-12,1085:WA:SNTL,0,2.6,0,,11.3,46,51.1,42.1
2025-11-13,1085:WA:SNTL,0,2.5,0,,12.2,42.4,45,38.3
2025-11-14,1085:WA:SNTL,0,2.1,0,,12.2,38.3,40.6,36
2025-11-15,1085:WA:SNTL,0,2.6,0,,12.4,41.9,45.3,40.3
2025-11-16,1085:WA:SNTL,0,3.2,0,,12.8,42.3,45.5,40.5
2025-11-17,1085:WA:SNTL,0,3.5,0,,13,34.2,40.6,27.9
2025-11-18,1085:WA:SNTL,0.2,4,1,,13.6,28.9,32.2,26.8
2025-11-19,1085:WA:SNTL,0.2,4.2,1,,14,30.4,35.2,27
2025-11-20,1085:WA:SNTL,0.4,4,2,,14.4,31.8,33.3,30.2
2025-11-21,1085:WA:SNTL,0.4,3.9,3,,15,33.6,37.9,29.1
2025-11-22,1085:WA:SNTL,0.2,3.9,1,,15.8,37.6,41,35.6
2025-11-23,1085:WA:SNTL,0.3,4.2,1,,16.2,34.5,36.7,28.6
2025-11-24,1085:WA:SNTL,0.7,5.2,3,,16.4,27,30.6,25.2
2025-11-25,1085:WA:SNTL,1.8,5.3,11,,16.8,28.6,31.5,25.2
2025-11-26,1085:WA:SNTL,1.8,5.4,9,,17.2,35.1,39.6,31.5
2025-11-27,1085:WA:SNTL,3,6,13,,17.4,34.5,37.2,31.8
2025-11-28,1085:WA:SNTL,3.1,6.4,15,,17.8,34.9,44.2,30.9
2025-11-29,1085:WA:SNTL,3.1,6.5,15,,17.8,29.5,34.2,24.8
2025-11-30,1085:WA:SNTL,3,7.3,14,,18,31.3,37.8,23.4
2025-12-01,1085:WA:SNTL,3.1,8.1,12,,18,34,39.9,28.8
2025-12-02,1085:WA:SNTL,3.2,10,16,,18.2,30.4,32.9,28.2
2025-12-03,1085:WA:SNTL,3.2,11.2,13,,18.2,30.4,33.8,29.3
2025-12-04,1085:WA:SNTL,3.5,11.4,15,,18.7,31.3,33.8,29.3
2025-12-05,1085:WA:SNTL,3.6,11.5,10,,19.6,35.2,38.5,33.8
2025-12-06,1085:WA:SNTL,3.8,11.5,14,,20.6,32.7,34.3,31.6
2025-12-07,1085:WA:SNTL,4.8,12,17,,21,33.6,36.1,30.7
2025-12-08,1085:WA:SNTL,5,11.6,14,,21.4,37.6,40.8,32
2025-12-09,1085:WA:SNTL,5.4,11.4,19,,22.4,33.1,40.8,28.8
2025-12-10,1085:WA:SNTL,3.9,12.2,10,,22.8,43.2,44.8,40.1
2025-12-11,1085:WA:SNTL,3.2,12.2,8,,23.6,40.8,42.8,37.6
2025-12-12,1085:WA:SNTL,2.5,13.4,7,,23.8,40.3,42.1,36.7
2025-12-13,1085:WA:SNTL,2.2,13.4,6,,23.8,44.8,52.3,35.4
2025-12-14,1085:WA:SNTL,1.8,13.6,4,,23.8,40.3,47.7,35.8
2025-12-15,1085:WA:SNTL,0.8,13.8,2,,24,39.6,45.7,33.3
2025-12-16,1085:WA:SNTL,1.2,13.9,3,,24,35.4,39,33.1
2025-12-17,1085:WA:SNTL,1.5,14.2,8,,24.4,28,38.8,25.2
2025-12-18,1085:WA:SNTL,3.6,15.8,13,,25.2,30.7,41.7,26.2
2025-12-19,1085:WA:SNTL,4.4,17,19,,25.8,24.6,29.3,22.6
2025-12-20,1085:WA:SNTL,5.7,17.6,26,,26.6,27.1,28.6,25.2
2025-12-21,1085:WA:SNTL,6,17.9,29,,26.9,29.1,33.6,27.5
2025-12-22,1085:WA:SNTL,6.6,18.4,29,,27,27.7,29.1,25.3
2025-12-23,1085:WA:SNTL,6.7,19.2,30,,27.7,27.9,32.9,25.3
2025-12-24,1085:WA:SNTL,7.1,19.5,31,,28.2,32.4,35.4,27.9
2025-12-25,1085:WA:SNTL,7.4,19.8,31,,28.7,30.6,32.5,27.5
2025-12-26,1085:WA:SNTL,8,19.9,36,,29,26.6,30,21.6
2025-12-27,1085:WA:SNTL,8,20,34,,29.8,21.6,24.3,19.6
2025-12-28,1085:WA:SNTL,7.8,21,33,,30.8,26.1,33.4,18.7
2025-12-29,1085:WA:SNTL,7.8,22.3,32,,32,36.1,43,30.4
2025-12-30,1085:WA:SNTL,7.8,22.6,31,,32.5,41,45.7,34.2
2025-12-31,1085:WA:SNTL,7.8,23.1,30,,,,,
2026-01-01,1085:WA:SNTL,8,23.7,27,,32.8,38.8,44.1,34.7
2026-01-02,1085:WA:SNTL,7.9,24.1,23,,33,38.3,39.4,36.5
2026-01-03,1085:WA:SNTL,8,24.2,24,,33,34.5,39.2,32
2026-01-04,1085:WA:SNTL,8.8,24.5,29,,33.1,31.1,33.1,28.2
2026-01-05,1085:WA:SNTL,9.3,24.2,31,,33.6,27.5,32.9,24.6
2026-01-06,1085:WA:SNTL,11.1,24.6,45,,33.7,25.7,27.9,24.1
2026-01-07,1085:WA:SNTL,12.3,25.6,52,,33.9,23.9,26.2,22.6
2026-01-08,1085:WA:SNTL,12.6,26.7,52,,34.4,24.6,26.8,21.2
2026-01-09,1085:WA:SNTL,12.7,27.2,51,,34.9,29.5,33.4,26.8
2026-01-10,1085:WA:SNTL,12.6,27.6,48,,35.2,34.9,40.8,31.6
2026-01-11,1085:WA:SNTL,13.4,28.8,47,,35.2,32.5,38.3,29.8
2026-01-12,1085:WA:SNTL,13,29,43,,35.3,38.8,42.3,34.5
2026-01-13,1085:WA:SNTL,12.7,29.4,41,,35.4,49.1,57.2,40.6
2026-01-14,1085:WA:SNTL,12.7,29.8,39,,35.5,49.1,58.5,35.4
2026-01-15,1085:WA:SNTL,12.6,30,38,,35.5,45.9,55.9,36.5
2026-01-16,1085:WA:SNTL,12.6,30.6,38,,35.5,43.7,47.1,39.9
2026-01-17,1085:WA:SNTL,12.5,31.2,38,,36.3,47.7,52,40.3
2026-01-18,1085:WA:SNTL,12.5,32,37,,37.4,48.4,52.7,43
2026-01-19,1085:WA:SNTL,12.5,32.5,36,,37.6,47.5,54.7,41.4
2026-01-20,1085:WA:SNTL,12.5,32.6,36,,37.7,43.3,48,37.2
2026-01-21,1085:WA:SNTL,12.6,33.3,36,,38,42.3,52.5,38.1
2026-01-22,1085:WA:SNTL,12.6,34.2,35,,38.1,35.8,41,29.7
2026-01-23,1085:WA:SNTL,12.9,35,35,,38.1,30.7,35.2,27.7
2026-01-24,1085:WA:SNTL,13,35.2,35,,38.1,34.3,41.2,29.7
2026-01-25,1085:WA:SNTL,12.9,36,34,,38.2,36.3,41.9,32.7
2026-01-26,1085:WA:SNTL,12.8,36.2,34,,38.2,34.7,39.7,31.8
2026-01-27,1085:WA:SNTL,12.9,36.2,33,,38.2,36.5,41.4,29.8
2026-01-28,1085:WA:SNTL,13.9,36.4,40,,38.2,32,33.6,29.7
2026-01-29,1085:WA:SNTL,15.3,37.3,48,,38.3,33.3,34.2,32
2026-01-30,1085:WA:SNTL,15.5,37.6,46,,38.3,36.1,39.4,32.9
2026-01-31,1085:WA:SNTL,15.2,37.9,43,,38.7,42.3,46.9,37.4
2026-02-01,1085:WA:SNTL,15.5,38.2,45,,39.3,35.4,45.1,31.8
2026-02-02,1085:WA:SNTL,16.1,38.2,47,,39.3,33.6,38.3,30.9
2026-02-03,1085:WA:SNTL,15.9,38.2,46,,39.3,43,49.6,37
2026-02-04,1085:WA:SNTL,15.3,38.2,43,,39.8,52.7,55.4,48.4
2026-02-05,1085:WA:SNTL,15,38.8,41,,40.7,52.2,57.9,46.8
2026-02-06,1085:WA:SNTL,14.8,39.6,41,,41.6,46.8,53.6,39.4
2026-02-07,1085:WA:SNTL,14.9,39.6,40,,41.6,36.5,41.9,33.3
2026-02-08,1085:WA:SNTL,15,40.8,41,,42.8,31.5,34.2,28.8
2026-02-09,1085:WA:SNTL,15.5,41.2,44,,44.5,29.1,31.6,26.8
2026-02-10,1085:WA:SNTL,15.6,41.2,42,,44.5,30.7,37.4,27
2026-02-11,1085:WA:SNTL,15.7,41.2,42,,44.5,34.7,41.7,28.2
2026-02-12,1085:WA:SNTL,15.7,41.2,42,,44.9,33.8,39.7,29.8
2026-02-13,1085:WA:SNTL,16.2,41.4,44,,45.3,29.5,30.7,28.2
2026-02-14,1085:WA:SNTL,16.5,41.8,47,,45.3,28.4,31.8,26.6
2026-02-15,1085:WA:SNTL,16.7,42.7,48,,47.5,29.7,33.3,27.5
2026-02-16,1085:WA:SNTL,16.9,42.5,49,,48,25.3,29.3,20.8
2026-02-17,1085:WA:SNTL,17.1,42.6,50,,48.2,22.8,35.4,19.9
2026-02-18,1085:WA:SNTL,17.7,42.8,54,,48.2,22.1,26.6,19.2
2026-02-19,1085:WA:SNTL,18,43.7,54,,48.2,22.6,35.2,18.5
2026-02-20,1085:WA:SNTL,18,44.6,54,,48.2,21.9,26.1,18.5
2026-02-21,1085:WA:SNTL,18.6,45.8,56,,48.7,24.1,26.4,21.2
2026-02-22,1085:WA:SNTL,19.4,46.4,60,,49.1,30.2,32.7,26.4
2026-02-23,1085:WA:SNTL,20.8,46.8,66,,49.6,28.8,33.1,26.2
2026-02-24,1085:WA:SNTL,21.4,47.4,69,,49.9,30,33.4,23.7
2026-02-25,1085:WA:SNTL,21.8,48,69,,50.8,26.1,32.7,22.1
2026-02-26,1085:WA:SNTL,22.1,48.8,68,,50.8,27.7,32.7,23.9
2026-02-27,1085:WA:SNTL,22.3,49.5,68,,51.4,29.7,34.2,26.6
2026-02-28,1085:WA:SNTL,22.3,49.9,66,,51.8,35.4,44.4,26.6
2026-03-01,1085:WA:SNTL,22.2,52.5,64,,54.2,41.4,50.2,35.4
2026-03-02,1085:WA:SNTL,21.9,53,61,,54.6,39.7,47.1,35.1
2026-03-03,1085:WA:SNTL,21.6,53.6,58,,54.9,36,37.9,34.5
2026-03-04,1085:WA:SNTL,21.6,53.8,59,,55.1,32.9,34.7,30.9
2026-03-05,1085:WA:SNTL,21.9,54.4,61,,56.1,30.7,34.5,28
2026-03-06,1085:WA:SNTL,22,54.8,61,,56.2,31.8,34.9,28.4
2026-03-07,1085:WA:SNTL,21.8,55,59,,56.5,36.5,38.8,34.2
2026-03-08,1085:WA:SNTL,21.6,55.4,58,,56.6,32.5,37.2,22.6
2026-03-09,1085:WA:SNTL,22.1,56.6,63,,56.6,22.3,24.1,19.9
2026-03-10,1085:WA:SNTL,22.9,57,70,,57.6,22.6,28,19.8
2026-03-11,1085:WA:SNTL,26.2,57.4,81,,58.5,28.6,34.5,24.4
2026-03-12,1085:WA:SNTL,28.7,58.4,93,,61,28.8,36.3,25.9
2026-03-13,1085:WA:SNTL,33.2,58.4,119,,61.7,30.6,32.7,26.4
2026-03-14,1085:WA:SNTL,33.2,58.6,115,,63.7,25.3,34,19.8
2026-03-15,1085:WA:SNTL,33.2,58.7,112,,65.8,27.1,33.6,19.9
2026-03-16,1085:WA:SNTL,33.2,58.5,105,,66.2,39.4,46.4,33.3
2026-03-17,1085:WA:SNTL,33.3,58.2,94,,67,39.2,46.4,36.1
2026-03-18,1085:WA:SNTL,32.6,58,81,,67.3,42.6,47.7,39.2
2026-03-19,1085:WA:SNTL,31.2,58.2,73,,67.9,41.7,45,39
2026-03-20,1085:WA:SNTL,29.6,58.8,73,,70.2,38.8,42.4,33.4
2026-03-21,1085:WA:SNTL,29.3,59,70,,70.8,30.6,36.1,24.8
2026-03-22,1085:WA:SNTL,29,58.8,71,,71.1,32.9,43.5,22.8
2026-03-23,1085:WA:SNTL,28.6,59,70,,71.1,39,45,34.7
2026-03-24,1085:WA:SNTL,29.1,59.3,71,,71.1,34.9,38.1,30.4
2026-03-25,1085:WA:SNTL,29,59.5,72,,71.1,27.9,33.4,21.6
2026-03-26,1085:WA:SNTL,29.4,59.6,70,,71.1,28.2,35.1,19.8
2026-03-27,1085:WA:SNTL,28.6,59.8,68,,71.8,38.3,51.3,30.7
2026-03-28,1085:WA:SNTL,28,60.4,65,,72.8,35.8,44.8,31.1
2026-03-29,1085:WA:SNTL,28.5,60.8,70,,74.9,28.9,31.8,21.7
2026-03-30,1085:WA:SNTL,28.9,61.8,68,,75,27.3,38.8,18.3
2026-03-31,1085:WA:SNTL,28.1,62.2,67,,75,32.5,42.6,26.4
2026-04-01,1085:WA:SNTL,29.2,62,74,,75,30.9,33.3,27.5
2026-04-02,1085:WA:SNTL,29.8,62,76,,75,29.5,35.1,26.4
2026-04-03,1085:WA:SNTL,29.7,62,74,,75,32.2,38.7,25.9
2026-04-04,1085:WA:SNTL,29.2,62,71,,75,45.1,54.9,35.4
2026-04-05,1085:WA:SNTL,28.6,61.9,68,,75.3,52.3,59.5,47.1
2026-04-06,1085:WA:SNTL,27.4,62.2,65,,76.1,49.6,58.3,36.9
2026-04-07,1085:WA:SNTL,26.8,63.2,62,,77.9,35.2,44.4,29.7
2026-04-08,1085:WA:SNTL,25.8,62.6,62,,77.9,40.8,50,33.3
2026-04-09,1085:WA:SNTL,24.6,62,59,,77.9,47.5,56.8,39.2
2026-04-10,1085:WA:SNTL,23.8,61.6,58,,78.2,46.2,53.1,42.4
2026-04-11,1085:WA:SNTL,23.4,61.6,53,,78.3,38.3,44.6,36.1
2026-04-12,1085:WA:SNTL,22.9,62,55,,79,38.5,46.8,35.1
2026-04-13,1085:WA:SNTL,23.1,62.6,56,,79.8,32.9,35.8,28.8
2026-04-14,1085:WA:SNTL,24.7,62.2,64,,79.9,29.8,31.1,27.7
2026-04-15,1085:WA:SNTL,26,62,74,,80,26.6,32.2,22.6
2026-04-16,1085:WA:SNTL,26.2,61.5,73,,80.6,27.9,34.7,22.1
2026-04-17,1085:WA:SNTL,26.1,60.5,69,,80.8,32.2,41,24.3
2026-04-18,1085:WA:SNTL,25.8,59.8,64,,81,41.5,49.6,32.4
2026-04-19,1085:WA:SNTL,25.4,58.8,62,,81.4,48.4,57.7,42.6
2026-04-20,1085:WA:SNTL,24.7,58.5,59,,81.6,51.3,61.2,43.9
2026-04-21,1085:WA:SNTL,24,58.2,52,,81.7,40.3,47.3,37
2026-04-22,1085:WA:SNTL,24.1,58,59,,81.7,34.2,37,32.7
2026-04-23,1085:WA:SNTL,24,57.7,58,,81.7,32.9,37.9,30.7
2026-04-24,1085:WA:SNTL,23.8,57.2,56,,81.7,36.1,44.6,29.8
2026-04-25,1085:WA:SNTL,23.3,57.8,55,,81.7,39,46.9,33.1
2026-04-26,1085:WA:SNTL,22.6,57.4,53,,81.7,40.1,48.2,34
2026-04-27,1085:WA:SNTL,21.9,57.1,51,,81.7,36.5,44.8,33.1
2026-04-28,1085:WA:SNTL,21.6,56.4,50,,81.9,34,36.5,31.3
2026-04-29,1085:WA:SNTL,20.7,56,51,,81.9,44.1,54.5,31.3
2026-04-30,1085:WA:SNTL,19.4,55.6,48,,82,49.8,58.1,42.8
2026-05-01,1085:WA:SNTL,18.1,55.4,43,,82,52,60.1,45
2026-05-02,1085:WA:SNTL,16.5,55.5,42,,82,55.4,64,48.4
2026-05-03,1085:WA:SNTL,14.8,55.8,37,,82,58.5,67.8,52.9
2026-05-04,1085:WA:SNTL,12.8,56.2,32,,82,55,64,47.1
2026-05-05,1085:WA:SNTL,10.8,56.2,27,,82,53.1,64.6,44.4
2026-05-06,1085:WA:SNTL,9.7,56,23,,82.1,44.4,52.2,39.9
2026-05-07,1085:WA:SNTL,8.2,55.8,20,,82.1,43.7,55.8,34.5
2026-05-08,1085:WA:SNTL,7.2,54.7,14,,82.1,41.9,49.5,38.1
2026-05-09,1085:WA:SNTL,5.8,53.8,14,,82.1,49.1,60.6,36.3
2026-05-10,1085:WA:SNTL,4.6,53.2,11,,82.1,45.9,53.4,38.7
2026-05-11,1085:WA:SNTL,3,52.6,9,,82.1,49.5,62.2,36.3
2026-05-12,1085:WA:SNTL,1.2,51.7,0,,82.1,56.1,68.9,45.3
2026-05-13,1085:WA:SNTL,0.8,51.2,0,,82.1,37.9,46.8,34.5
2026-05-14,1085:WA:SNTL,0.7,50.2,0,,82.3,35.4,38.3,33.8
2026-05-15,1085:WA:SNTL,1.5,48.8,6,,82.3,31.6,34,30
2026-05-16,1085:WA:SNTL,2.4,48,14,,82.3,31.1,35.8,28.8
2026-05-17,1085:WA:SNTL,2.3,47,5,,82.5,33.3,39,28.2
2026-05-18,1085:WA:SNTL,1.7,46.4,4,,82.7,39.2,49.6,32.5
2026-05-19,1085:WA:SNTL,1.2,46,3,,82.7,39.2,44.8,35.2
2026-05-20,1085:WA:SNTL,0.3,45.6,1,,82.8,44.4,56.1,36.9
2026-05-21,1085:WA:SNTL,0,45.4,0,,83.3,51.6,62.2,41.7
2026-05-22,1085:WA:SNTL,0,44,0,,84,52,61.9,44.1
2026-05-23,1085:WA:SNTL,0,42.8,0,,84.4,48.9,58.5,42.3
2026-05-24,1085:WA:SNTL,0,41.9,0,,84.5,48.7,59,39.4
2026-05-25,1085:WA:SNTL,0,41.1,0,,84.6,43.3,49.1,34.9
2026-05-26,1085:WA:SNTL,0,40.2,0,,84.7,39,45.9,33.8
2026-05-27,1085:WA:SNTL,0,39.6,0,,85.2,48.7,60.3,37.4
2026-05-28,1085:WA:SNTL,0,38.8,0,,85.2,56.1,71.8,45.9
2026-05-29,1085:WA:SNTL,0,37.9,0,,86.1,38.5,48.4,33.1
2026-05-30,1085:WA:SNTL,0,36.4,0,,86.3,37,46.4,30.9
2026-05-31,1085:WA:SNTL,0,34.8,0,,86.3,41.7,54.5,31.5
2026-06-01,1085:WA:SNTL,0,32.8,0,,86.3,51.4,61,40.8
2026-06-02,1085:WA:SNTL,0,31.1,0,,86.3,56.1,66.6,47.5
2026-06-03,1085:WA:SNTL,0,29.6,0,,86.3,49.1,56.7,40.3
2026-06-04,1085:WA:SNTL,0,28.3,0,,86.3,42.8,53.8,37
2026-06-05,1085:WA:SNTL,0,26.7,0,,86.3,37,42.8,34.2
2026-06-06,1085:WA:SNTL,0,25.6,0,,86.4,33.4,35.1,32.4
2026-06-07,1085:WA:SNTL,0,24.8,0,,86.5,36.7,43.3,32.4
2026-06-08,1085:WA:SNTL,0,23.9,0,,86.6,40.8,44.4,38.3
2026-06-09,1085:WA:SNTL,0,22.8,0,,86.7,38.7,41.4,35.2
2026-06-10,1085:WA:SNTL,0,22.2,0,,86.7,38.1,43.5,34
2026-06-11,1085:WA:SNTL,0,21.2,0,,87.2,45.7,58.5,35.8
2026-06-12,1085:WA:SNTL,0,20,0,,87.5,48.7,59.7,39.9
2026-06-13,1085:WA:SNTL,0,18.8,0,,87.5,57.9,68.4,50.2
2026-06-14,1085:WA:SNTL,0,17.6,0,,87.6,61.9,72.1,54.7
2026-06-15,1085:WA:SNTL,0,16.2,0,,87.9,64.8,75.2,53.2
2026-06-16,1085:WA:SNTL,0,15,0,,88.2,52.2,62.4,44.8
2026-06-17,1085:WA:SNTL,0,13.6,0,,88.2,50,61.9,41.9
2026-06-18,1085:WA:SNTL,0,12.8,0,,88.2,56.5,71.6,40.8
2026-06-19,1085:WA:SNTL,0,11,0,,88.2,61.2,73.8,48.7
2026-06-20,1085:WA:SNTL,0,9.1,0,,88.2,47.8,59.7,41.2
2026-06-21,1085:WA:SNTL,0,8.2,0,,88.2,51.8,65.3,40.8
2026-06-22,1085:WA:SNTL,0,6.8,0,,88.2,58.5,72.3,47.3
2026-06-23,1085:WA:SNTL,0,5.2,0,,88.2,62.8,71.2,57
2026-06-24,1085:WA:SNTL,0,3.6,0,,88.4,60.4,70.3,50.4
2026-06-25,1085:WA:SNTL,0,2.8,0,,88.8,49.5,55.2,41.2
2026-06-26,1085:WA:SNTL,0,2.2,0,,88.8,43.5,48.4,40.3
2026-06-27,1085:WA:SNTL,0,1.7,0,,88.8,39.9,44.6,35.8
2026-06-28,1085:WA:SNTL,0,0.3,0,,88.8,41.5,46.6,38.3
2026-06-29,1085:WA:SNTL,0,0,0,,88.8,41.2,43.2,38.3
2026-06-30,1085:WA:SNTL,0,0,0,,88.8,41.2,43.9,39
2026-07-01,1085:WA:SNTL,0,0,0,,88.8,41,45.3,37
2026-07-02,1085:WA:SNTL,0,0,0,,88.8,46.4,56.5,38.8
2026-07-03,1085:WA:SNTL,0,0,0,,88.8,50.5,60.3,46.2
2026-07-04,1085:WA:SNTL,0,0,0,,88.8,50.5,62.2,43.5
2026-07-05,1085:WA:SNTL,0,0,0,,88.8,53.6,68.5,41.9
2026-07-06,1085:WA:SNTL,0,0,0,,88.8,62.6,73.4,54.9
2026-07-07,1085:WA:SNTL,0,0,0,,88.8,58.5,70.9,45.9
2026-07-08,1085:WA:SNTL,0,0,0,,88.8,50,61.2,43.7
2026-07-09,1085:WA:SNTL,0,0,0,,88.8,52.5,66.7,43.2
2026-07-10,1085:WA:SNTL,0,0,0,,88.8,53.4,66.7,46.2
2026-07-11,1085:WA:SNTL,0,0,0,,88.8,50.2,59.2,45.3
2026-07-12,1085:WA:SNTL,0,0,0,,88.8,49.6,61.2,40.3
2026-07-13,1085:WA:SNTL,0,0,0,,88.8,56.8,68.7,44.8
2026-07-14,1085:WA:SNTL,0,0,0,,88.8,61.2,72.7,52.7
2026-07-15,1085:WA:SNTL,0,0,0,,88.8,64.9,77.9,54.7
2026-07-16,1085:WA:SNTL,0,0,0,,88.8,56.8,66.9,46.6
2026-07-17,1085:WA:SNTL,0,0,0,,88.8,49.8,61.2,43.3
2026-07-18,1085:WA:SNTL,0,0,0,,88.8,48.9,60.4,43.9
2026-07-19,1085:WA:SNTL,0,0,0,,88.8,55.4,70.2,42.6
2026-07-20,1085:WA:SNTL,0,0,0,,89.1,64.9,70.2,60.8
2026-07-21,1085:WA:SNTL,0,0,0,,89.3,69.8,78.6,63.9
2026-07-22,1085:WA:SNTL,0,0,0,,89.3,70.3,84.6,55.2
2026-07-23,1085:WA:SNTL,0,0,0,,89.3,54.7,60.1,52.2
2026-07-24,1085:WA:SNTL,0,0,0,,89.3,58.8,71.2,48.9
2026-07-25,1085:WA:SNTL,0,0,0,,89.6,49.8,57.6,46.2
2026-07-26,1085:WA:SNTL,0,0,0,,89.6,51.3,61.2,45.3
2026-07-27,1085:WA:SNTL,0,0,0,,89.6,53.6,63.7,45.5
2026-07-28,1085:WA:SNTL,0,0,0,,89.6,50.4,57,45.7
2026-07-29,1085:WA:SNTL,0,0,0,,89.6,52.3,66.2,42.3
2026-07-30,1085:WA:SNTL,0,0,0,,89.6,53.1,64.8,45.1
2026-07-31,1085:WA:SNTL,0,0,0,,89.6,60.1,75.9,47.5
2026-08-01,1085:WA:SNTL,0,0,0,,89.6,48.6,55.9,42.3
2026-08-02,1085:WA:SNTL,0,0,0,,89.6,43,50.7,38.8
2026-08-03,1085:WA:SNTL,0,0,0,,89.6,52.7,64.9,39
2026-08-04,1085:WA:SNTL,0,0,0,,89.6,60.8,71.6,52.5
2026-08-05,1085:WA:SNTL,0,0,0,,89.6,65.7,75.9,57.6
2026-08-06,1085:WA:SNTL,0,0,0,,89.6,64.8,76.6,56.5
2026-08-07,1085:WA:SNTL,0,0,0,,89.6,62.2,74.1,53.6
2026-08-08,1085:WA:SNTL,0,0,0,,89.6,58.6,70.9,50.4
2026-08-09,1085:WA:SNTL,0,0,0,,89.6,54.3,69.4,46.4
2026-08-10,1085:WA:SNTL,0,0,0,,89.6,52.9,67.3,43.9
2026-08-11,1085:WA:SNTL,0,0,0,,89.7,52.7,67.1,44.8
2026-08-12,1085:WA:SNTL,0,0,0,,89.7,51.4,61.7,45.5
2026-08-13,1085:WA:SNTL,0,0,0,,89.7,54.7,66.2,47.5
2026-08-14,1085:WA:SNTL,0,0,0,,89.7,58.8,68,55.4
2026-08-15,1085:WA:SNTL,0,0,0,,89.7,56.7,64.8,52.2
2026-08-16,1085:WA:SNTL,0,0,0,,89.7,55.6,67.1,49.5
2026-08-17,1085:WA:SNTL,0,0,0,,89.7,59.9,73.6,49.3
2026-08-18,1085:WA:SNTL,0,0,0,,89.8,56.3,69.4,47.8
2026-08-19,1085:WA:SNTL,0,0,0,,90.1,57.9,71.6,48.2
2026-08-20,1085:WA:SNTL,0,0,0,,90.1,66,77.7,54.9
2026-08-21,1085:WA:SNTL,0,0,0,,90.2,68.4,79,59.5
2026-08-22,1085:WA:SNTL,0,0,0,,90.2,55.9,64.2,47.8
2026-08-23,1085:WA:SNTL,0,0,0,,90.2,49.5,59.5,45.3
2026-08-24,1085:WA:SNTL,0,0,0,,90.2,61.5,72.5,50
2026-08-25,1085:WA:SNTL,0,0,0,,90.2,65.1,77.2,55.4
2026-08-26,1085:WA:SNTL,0,0,0,,90.2,59.7,66.9,51.8
2026-08-27,1085:WA:SNTL,0,0,0,,90.3,49.8,56.1,46
2026-08-28,1085:WA:SNTL,0,0,0,,90.5,48.4,61.3,43.3
2026-08-29,1085:WA:SNTL,0,0,0,,90.6,41.9,46.6,38.7
2026-08-30,1085:WA:SNTL,0,0,0,,90.6,45.3,57,38.3
2026-08-31,1085:WA:SNTL,0,0,0,,90.6,59.2,69.6,50.9
2026-09-01,1085:WA:SNTL,0,0,0,,90.6,51.4,58.8,44.4
2026-09-02,1085:WA:SNTL,0,0,0,,90.6,42.6,46.4,38.3
2026-09-03,1085:WA:SNTL,0,0,0,,90.6,39.7,44.8,37.8
2026-09-04,1085:WA:SNTL,0,0,0,,90.6,42.4,50.7,38.8
2026-09-05,1085:WA:SNTL,0,0,0,,90.6,42.6,47.8,39.6
2026-09-06,1085:WA:SNTL,0,0,0,,90.6,45.5,50.9,42.3
2026-09-07,1085:WA:SNTL,0,0,0,,90.6,42.6,45,41.5
2026-09-08,1085:WA:SNTL,0,0,0,,90.9,51.4,63.3,41.4
2026-09-09,1085:WA:SNTL,0,0,0,,90.9,58.3,69.1,50.9
2026-09-10,1085:WA:SNTL,0,0,0,,90.9,50.4,56.3,43
2026-09-11,1085:WA:SNTL,0,0,0,,90.9,46.4,55.4,39.7
2026-09-12,1085:WA:SNTL,0,0,0,,90.9,48.6,57,41.4
2026-09-13,1085:WA:SNTL,0,0,0,,90.9,39.7,42.6,35.8
2026-09-14,1085:WA:SNTL,0,0,0,,90.9,41,44.2,38.1
2026-09-15,1085:WA:SNTL,0,0,0,,90.9,42.6,45.7,39.7
2026-09-16,1085:WA:SNTL,0,0,0,,90.9,51.6,61.2,42.8
2026-09-17,1085:WA:SNTL,0,0,0,,90.9,56.5,67.5,48
2026-09-18,1085:WA:SNTL,0,0,0,,90.9,51.4,61.7,46
2026-09-19,1085:WA:SNTL,0,0,0,,91,58.1,68,52.7
2026-09-20,1085:WA:SNTL,0,0,0,,91,60.4,70.3,54
2026-09-21,1085:WA:SNTL,0,0,0,,91,56.3,66.9,45
2026-09-22,1085:WA:SNTL,0,0,0,,91,45.3,54.7,41
2026-09-23,1085:WA:SNTL,0,0,0,,91,45.1,55,39.9
2026-09-24,1085:WA:SNTL,0,0,0,,91,50.7,56.7,41.4
2026-09-25,1085:WA:SNTL,0,0,0,,91,38.7,43.7,33.6
2026-09-26,1085:WA:SNTL,0,0,0,,91.2,39.2,50,30.7
2026-09-27,1085:WA:SNTL,0,0,0,,91.2,45.1,55,37.4
2026-09-28,1085:WA:SNTL,0,0,0,,91.2,45.1,53.2,40.1
2026-09-29,1085:WA:SNTL,0,0,0,,91.5,44.6,47.3,40.3
2026-09-30,1085:WA:SNTL,0,0,0,,,45.1,52.5,38.1
2026-10-01,1085:WA:SNTL,0,0,0,,0,51.1,59.2,46.6
2026-10-02,1085:WA:SNTL,0.2,0,12,,,50.5,57.6,46
2026-10-03,1085:WA:SNTL,0.1,0,,,,57,65.7,48.6
2026-10-04,1085:WA:SNTL,0.1,0,,,,58.3,67.6,53.2
2026-10-05,1085:WA:SNTL,0.1,0,,,,52.9,59.5,45.9
2025-10-01,942:WA:SNTL,0,0,0,0.1,0,44.1,48.4,41.4
2025-10-02,942:WA:SNTL,0,0,0,0.1,0.1,45.7,52.3,41.9
2025-10-03,942:WA:SNTL,0,0,0,0.1,0.4,44.2,49.6,40.5
2025-10-04,942:WA:SNTL,0,0,0,0.2,0.4,43.3,47.3,39.9
2025-10-05,942:WA:SNTL,0,0,0,0.2,0.7,42.6,50,36.5
2025-10-06,942:WA:SNTL,0,0,0,0.3,0.7,51.4,59.5,43.9
2025-10-07,942:WA:SNTL,0,0,0,0.3,0.9,53.6,62.2,45.5
2025-10-08,942:WA:SNTL,0,0,0,0.3,1.5,40.5,45.9,35.1
2025-10-09,942:WA:SNTL,0,0,0,0.3,1.5,44.8,54,39.4
2025-10-10,942:WA:SNTL,0,0,0,0.6,1.9,42.3,47.3,38.8
2025-10-11,942:WA:SNTL,0,0,0,1,1.9,38.3,39.9,35.2
2025-10-12,942:WA:SNTL,0,0,0,1.3,1.9,32.7,36,29.7
2025-10-13,942:WA:SNTL,0,0,0,1.4,2.1,34.5,39.9,30.9
2025-10-14,942:WA:SNTL,0,0,0,1.5,2.3,38.3,45,31.6
2025-10-15,942:WA:SNTL,0,0,0,1.5,2.6,40.8,49.3,35.4
2025-10-16,942:WA:SNTL,0,0,0,1.6,2.9,41.7,49.5,37.9
2025-10-17,942:WA:SNTL,0,0,0,1.6,2.9,39.7,43.7,34.7
2025-10-18,942:WA:SNTL,0,0,0,2.4,3.2,39.9,47.5,34.5
2025-10-19,942:WA:SNTL,0,0,0,2.9,3.8,37.8,42.8,36
2025-10-20,942:WA:SNTL,0,0,0,3,3.8,37.9,42.1,34.3
2025-10-21,942:WA:SNTL,0,0,0,3.1,4,44.6,52.9,36.5
2025-10-22,942:WA:SNTL,0,0,0,3.1,4.2,46.6,52.5,41.2
2025-10-23,942:WA:SNTL,0,0,0,3.1,4.3,44.1,48.9,41
2025-10-24,942:WA:SNTL,0.2,0,0,4.3,4.8,41.4,51.1,32.2
2025-10-25,942:WA:SNTL,0.2,0,0,4.7,5.6,35.6,44.4,31.3
2025-10-26,942:WA:SNTL,0.6,0,0,5.2,5.8,31.5,32.5,30.4
2025-10-27,942:WA:SNTL,0.7,0,3,5.2,5.8,31.5,33.1,29.1
2025-10-28,942:WA:SNTL,0.2,0,0,6.1,6.3,38.8,50,28.9
2025-10-29,942:WA:SNTL,0,0,0,6.2,6.6,36.5,39.7,33.1
2025-10-30,942:WA:SNTL,0.1,0,0,6.3,6.7,45.3,50.9,38.5
2025-10-31,942:WA:SNTL,0,0,0,7.4,7.2,45.9,50.2,43.2
2025-11-01,942:WA:SNTL,0,0,0,8.4,7.6,42.8,49.1,33.4
2025-11-02,942:WA:SNTL,0,0,0,8.4,7.9,34.3,38.7,31.1
2025-11-03,942:WA:SNTL,0,0,0,8.9,8.3,36.1,44.6,33.3
2025-11-04,942:WA:SNTL,0,0,0,9,8.6,40.1,49.5,34.2
2025-11-05,942:WA:SNTL,0,0,0,9.5,8.6,43.5,50.9,38.8
2025-11-06,942:WA:SNTL,0,0,0,10.4,8.6,39,43.9,34.3
2025-11-07,942:WA:SNTL,0,0,0,10.6,8.7,33.4,35.2,31.5
2025-11-08,942:WA:SNTL,0,0,0,10.7,8.9,43.2,54.7,30.4
2025-11-09,942:WA:SNTL,0,0,0,10.8,9,53.4,58.1,48.9
2025-11-10,942:WA:SNTL,0,0,0,10.8,9.3,43.5,50,35.4
2025-11-11,942:WA:SNTL,0,0,0,11,9.6,39,45.3,31.1
2025-11-12,942:WA:SNTL,0,0,0,11,11.3,46.2,51.1,43.5
2025-11-13,942:WA:SNTL,0,0,0,12.1,11.7,44.4,47.5,40.6
2025-11-14,942:WA:SNTL,0,0,0,12.5,12.3,40.8,42.6,38.8
2025-11-15,942:WA:SNTL,0,0.1,0,12.9,12.5,44.1,46,42.6
2025-11-16,942:WA:SNTL,0,0.2,0,13.2,12.7,44.2,46.4,42.4
2025-11-17,942:WA:SNTL,0,0.6,0,13.4,13.6,35.2,42.8,30.2
2025-11-18,942:WA:SNTL,0,0.7,0,13.6,13.6,30.6,32,27.7
2025-11-19,942:WA:SNTL,0,0.9,0,13.6,13.8,32.5,38.3,27.5
2025-11-20,942:WA:SNTL,0,0.7,0,13.7,14.1,34.5,37.4,31.3
2025-11-21,942:WA:SNTL,0,0.8,0,13.7,14.6,36.3,40.1,30.7
2025-11-22,942:WA:SNTL,0,0.9,0,13.7,15.2,39.4,41.2,38.1
2025-11-23,942:WA:SNTL,0,1,0,14.4,16,36.3,39.2,29.5
2025-11-24,942:WA:SNTL,0,1,0,14.5,16.1,29.3,30.7,27.7
2025-11-25,942:WA:SNTL,0.1,0.9,0,15.1,16.3,32,37.4,25.7
2025-11-26,942:WA:SNTL,0,0.8,0,15.1,16.4,38.7,41.2,37.2
2025-11-27,942:WA:SNTL,0,0.8,0,16.2,16.4,38.7,42.4,36
2025-11-28,942:WA:SNTL,0.1,1,1,16.4,17.1,36.5,42.1,32
2025-11-29,942:WA:SNTL,0,1.2,1,16.4,18,34.7,42.6,27.1
2025-11-30,942:WA:SNTL,0.3,1.4,1,16.4,18.3,30.6,35.6,26.4
2025-12-01,942:WA:SNTL,0.3,1.5,1,16.5,18.4,35.8,39.9,31.6
2025-12-02,942:WA:SNTL,0.1,1.4,0,16.7,18.4,31.8,34.2,28.2
2025-12-03,942:WA:SNTL,0.1,1.5,0,16.7,18.4,30.9,32.9,27.9
2025-12-04,942:WA:SNTL,0.1,1.6,0,18,18.4,35.1,38.1,31.5
2025-12-05,942:WA:SNTL,0.1,1.7,0,18.9,18.4,39.4,42.4,36.1
2025-12-06,942:WA:SNTL,0.1,1.9,0,19.5,18.7,34.9,36.1,33.3
2025-12-07,942:WA:SNTL,0.1,2.3,0,20.1,19,37.6,40.5,35.1
2025-12-08,942:WA:SNTL,0,2.3,0,23,19,40.8,44.6,33.6
2025-12-09,942:WA:SNTL,0,2.1,0,24,19,36.5,45.3,31.8
2025-12-10,942:WA:SNTL,0,2.2,0,27.3,19.4,45.9,46.8,44.8
2025-12-11,942:WA:SNTL,0,2,0,30.3,19.5,41.9,45,39
2025-12-12,942:WA:SNTL,0,2.6,0,30.9,20.3,42.3,44.8,37.8
2025-12-13,942:WA:SNTL,0,2.8,0,31,21.6,43.9,49.3,36.7
2025-12-14,942:WA:SNTL,0,3.5,0,31.1,22,45.1,48.7,41.9
2025-12-15,942:WA:SNTL,0,3.5,0,32.6,22.2,43.7,48.9,35.6
2025-12-16,942:WA:SNTL,0,3.6,0,33.6,22.3,38.8,42.1,35.8
2025-12-17,942:WA:SNTL,0.2,3.6,0,34,22.3,30.6,41.2,28.4
2025-12-18,942:WA:SNTL,0.3,3.6,0,35.5,22.3,33.8,42.1,28.4
2025-12-19,942:WA:SNTL,0.5,4,2,35.6,22.3,27.7,30.6,27
2025-12-20,942:WA:SNTL,0.8,4.2,2,36,22.4,29.3,30.6,27.3
2025-12-21,942:WA:SNTL,1.2,4.4,5,36.3,22.4,30.9,32,29.7
2025-12-22,942:WA:SNTL,1.7,4.8,10,36.7,22.4,28.8,30.6,27
2025-12-23,942:WA:SNTL,1.7,4.4,8,36.9,22.5,28.8,31.8,26.2
2025-12-24,942:WA:SNTL,1.8,4.7,7,37.1,22.7,33.3,42.4,28.2
2025-12-25,942:WA:SNTL,1.8,4.7,7,37.2,23.1,33.4,38.8,28.9
2025-12-26,942:WA:SNTL,2.2,4.7,10,37.4,23.1,28.4,31.3,24.6
2025-12-27,942:WA:SNTL,2.3,4.8,11,37.7,23.4,24.1,25.5,22.6
2025-12-28,942:WA:SNTL,2.4,5.6,11,37.8,23.6,28,34.2,20.3
2025-12-29,942:WA:SNTL,2.4,5.7,11,37.9,24.1,37.4,45.3,31.3
2025-12-30,942:WA:SNTL,2.4,6.1,11,38,24.5,,,
2025-12-31,942:WA:SNTL,2.4,6.1,10,38,24.7,43.5,51.6,39.4
2026-01-01,942:WA:SNTL,2.5,6,8,38.4,24.7,38.7,42.6,34.5
2026-01-02,942:WA:SNTL,2.1,5.9,5,39,25,39.6,41.2,36.7
2026-01-03,942:WA:SNTL,2,5.9,6,39,25.5,38.5,42.1,36.1
2026-01-04,942:WA:SNTL,2.2,5.9,7,39.4,25.5,33.3,37.8,29.8
2026-01-05,942:WA:SNTL,2.2,5.7,7,39.5,25.9,28.9,30.4,26.8
2026-01-06,942:WA:SNTL,3.4,6.1,13,40.4,26.7,28.8,31.3,26.2
2026-01-07,942:WA:SNTL,3.6,6.1,17,40.6,27.4,26.4,27.5,25.5
2026-01-08,942:WA:SNTL,3.7,6.4,16,40.7,27.4,27,30,24.3
2026-01-09,942:WA:SNTL,3.7,6.6,15,40.8,28.9,30.7,32.4,28.9
2026-01-10,942:WA:SNTL,3.6,6.6,15,40.8,30.4,33.1,36.1,30.4
2026-01-11,942:WA:SNTL,3.5,7.1,13,41.1,31.7,37,41.2,32.4
2026-01-12,942:WA:SNTL,3,7.2,6,41.1,32,43.9,46.2,37.2
2026-01-13,942:WA:SNTL,2.7,6.7,7,41.4,32,47.1,51.4,43.3
2026-01-14,942:WA:SNTL,2.7,6.9,6,41.4,32,48.2,57.4,36.9
2026-01-15,942:WA:SNTL,2.7,6.9,7,41.4,32,46.9,55.8,38.5
2026-01-16,942:WA:SNTL,2.6,6.5,7,41.4,32,48.9,54.9,44.2
2026-01-17,942:WA:SNTL,2.7,6.5,7,41.4,32,50,57,46.6
2026-01-18,942:WA:SNTL,2.6,6.8,7,41.4,32.7,49.3,56.5,44.4
2026-01-19,942:WA:SNTL,2.6,7.5,7,41.4,33.4,48.9,55.2,45.1
2026-01-20,942:WA:SNTL,2.7,8.3,7,41.4,34.2,47.7,53.1,42.3
2026-01-21,942:WA:SNTL,2.6,8.4,7,41.4,34.3,41.9,47.7,36.5
2026-01-22,942:WA:SNTL,2.6,8,7,41.4,34.3,35.6,40.1,30.2
2026-01-23,942:WA:SNTL,2.5,8.6,7,41.4,34.3,31.3,38.3,27.5
2026-01-24,942:WA:SNTL,3.2,8.4,7,41.4,34.4,34,39.6,29.7
2026-01-25,942:WA:SNTL,3.7,8.6,7,41.5,34.7,35.6,41.5,31.5
2026-01-26,942:WA:SNTL,3.4,9.1,7,41.5,34.8,36.7,41,34.3
2026-01-27,942:WA:SNTL,3.1,9.3,7,41.5,34.9,41,46.9,36.5
2026-01-28,942:WA:SNTL,3,9.6,6,41.7,34.9,35.8,38.7,32.2
2026-01-29,942:WA:SNTL,2.4,9.3,5,42.2,35.2,39.4,41.7,36.7
2026-01-30,942:WA:SNTL,2,9.8,3,42.4,35.8,40.8,44.1,36
2026-01-31,942:WA:SNTL,1.6,10.1,2,42.6,36,44.1,49.1,40.5
2026-02-01,942:WA:SNTL,1.4,10.1,2,43,36.2,37.8,49.5,33.4
2026-02-02,942:WA:SNTL,1.1,10.2,0,43.3,36.3,37.9,42.1,32.5
2026-02-03,942:WA:SNTL,0.7,10.1,0,43.3,36.6,45.5,55.6,40.6
2026-02-04,942:WA:SNTL,0.2,11.1,0,43.3,37,53.6,58.5,47.5
2026-02-05,942:WA:SNTL,0.1,11.3,0,43.4,39.5,56.7,65.8,48.9
2026-02-06,942:WA:SNTL,0.1,11.4,0,43.4,40.4,46.8,52.7,39.9
2026-02-07,942:WA:SNTL,0.1,11.8,0,43.7,40.9,40.8,44.1,38.3
2026-02-08,942:WA:SNTL,0.2,12,0,43.8,41.1,32.9,38.3,30
2026-02-09,942:WA:SNTL,0.4,12.1,0,44,41.8,30.7,32.7,28.8
2026-02-10,942:WA:SNTL,0.4,12.1,0,44,41.9,32,38.8,27.1
2026-02-11,942:WA:SNTL,0.6,12.2,0,44,41.9,35.1,42.1,29.7
2026-02-12,942:WA:SNTL,0.6,12.3,1,44,42.3,35.1,41.2,30.6
2026-02-13,942:WA:SNTL,1,12.2,4,44.3,42.3,32.2,36.1,30.6
2026-02-14,942:WA:SNTL,1,12.6,4,44.4,42.3,29.7,33.1,27.9
2026-02-15,942:WA:SNTL,1.1,12.2,2,44.5,43.1,29.8,32.4,27.7
2026-02-16,942:WA:SNTL,1.2,11.6,5,44.5,43.1,26.4,28.9,20.1
2026-02-17,942:WA:SNTL,1.3,11.5,5,44.6,43.1,24.1,29.3,19
2026-02-18,942:WA:SNTL,1.4,11.8,7,44.7,43.1,24.3,29.7,21.4
2026-02-19,942:WA:SNTL,1.4,13.4,8,44.8,43.1,22.8,27.7,18.7
2026-02-20,942:WA:SNTL,1.4,13.6,5,44.8,43.3,23.7,28.4,18
2026-02-21,942:WA:SNTL,1.7,13.6,8,45.1,43.9,30.6,35.8,22.8
2026-02-22,942:WA:SNTL,1.8,13.7,6,45.2,44.3,35.1,40.5,31.8
2026-02-23,942:WA:SNTL,2.5,13.7,10,45.8,44.5,29.3,32.2,27.1
2026-02-24,942:WA:SNTL,2.7,13.9,10,46,44.5,30.4,34.3,24.1
2026-02-25,942:WA:SNTL,2.7,13.9,10,46.1,44.8,27.5,31.8,23
2026-02-26,942:WA:SNTL,2.7,14,10,46.1,45.5,29.5,31.8,26.1
2026-02-27,942:WA:SNTL,2.7,14.7,10,46.1,45.7,31.1,35.4,27.9
2026-02-28,942:WA:SNTL,2.7,15.1,10,46.1,45.7,36.9,46.4,26.8
2026-03-01,942:WA:SNTL,2.7,15.1,10,46.1,45.7,42.1,49.5,36.1
2026-03-02,942:WA:SNTL,2.7,15.1,9,46.1,45.7,38.5,45.7,35.1
2026-03-03,942:WA:SNTL,2.6,15,8,46.2,45.7,36.7,38.5,34.7
2026-03-04,942:WA:SNTL,2.8,15.2,8,46.6,45.7,34,36,32.4
2026-03-05,942:WA:SNTL,2.7,15.3,8,46.8,46.3,31.1,32.4,30
2026-03-06,942:WA:SNTL,2.8,15.5,8,47.5,46.7,34.2,39,30.2
2026-03-07,942:WA:SNTL,2.2,15.9,6,47.5,46.8,39.9,42.8,37.6
2026-03-08,942:WA:SNTL,1.9,16.9,5,48.1,47,34.3,38.5,27
2026-03-09,942:WA:SNTL,2.1,17,8,48.3,47,25.2,27.3,23
2026-03-10,942:WA:SNTL,2.2,17,8,48.5,47,25.2,29.7,21.4
2026-03-11,942:WA:SNTL,3,17.1,10,50,48.1,31.6,36.7,26.8
2026-03-12,942:WA:SNTL,4.8,17.2,21,51.8,48.4,29.1,32.5,27.3
2026-03-13,942:WA:SNTL,8.6,17,48,55.6,48.9,30.2,31.8,28.6
2026-03-14,942:WA:SNTL,9.1,16.8,45,56.6,49.2,25.9,32.5,21.2
2026-03-15,942:WA:SNTL,9.1,16.8,43,56.9,49.9,28.4,34.2,19.9
2026-03-16,942:WA:SNTL,8.7,16.5,40,57.1,50.2,37.8,41.9,32.5
2026-03-17,942:WA:SNTL,9,16.3,30,58.4,51,39,43.5,34.7
2026-03-18,942:WA:SNTL,8.4,17,23,58.9,51.5,39.4,42.4,35.4
2026-03-19,942:WA:SNTL,7.8,16.8,16,59.7,51.5,41.2,44.4,37.6
2026-03-20,942:WA:SNTL,7,16.4,15,59.8,51.8,39.7,44.6,34.9
2026-03-21,942:WA:SNTL,6.8,16.3,16,60.8,51.8,31.8,35.4,27.1
2026-03-22,942:WA:SNTL,6.6,16.3,16,60.8,52,30.4,37.6,23.9
2026-03-23,942:WA:SNTL,6.4,16.4,16,60.8,52.2,36.5,42.6,31.1
2026-03-24,942:WA:SNTL,6.1,16.8,14,61.7,52.8,37.8,43.5,32.4
2026-03-25,942:WA:SNTL,6.3,17,16,62.1,53.1,29.8,33.1,26.1
2026-03-26,942:WA:SNTL,6.6,17.6,15,62.1,53.3,28.9,37.2,23
2026-03-27,942:WA:SNTL,6.3,17.2,15,62.2,53.5,38.3,46.4,32.4
2026-03-28,942:WA:SNTL,6.1,17,15,62.2,53.6,35.8,43.2,30.2
2026-03-29,942:WA:SNTL,6.6,17.3,17,62.8,54,29.7,33.6,23.2
2026-03-30,942:WA:SNTL,6.8,17.2,16,62.8,54.6,26.6,33.8,19.4
2026-03-31,942:WA:SNTL,6.7,17.2,15,62.9,54.6,33.8,42.6,27
2026-04-01,942:WA:SNTL,7,17.2,15,63.2,54.6,32.2,34.9,29.3
2026-04-02,942:WA:SNTL,7.4,17,18,63.6,54.6,30,32.7,28.4
2026-04-03,942:WA:SNTL,7.3,17.2,17,63.6,54.6,33.4,42.1,27.9
2026-04-04,942:WA:SNTL,7.1,17.6,17,63.6,54.8,44.4,51.8,33.4
2026-04-05,942:WA:SNTL,6.7,18,15,63.6,55.7,55.2,63.3,48.7
2026-04-06,942:WA:SNTL,6.1,18.4,13,63.6,55.7,50.2,59.4,40.1
2026-04-07,942:WA:SNTL,6,18.2,12,63.6,55.7,35.2,42.8,30.2
2026-04-08,942:WA:SNTL,5.8,17.9,11,63.6,56.2,38.3,47.1,30.7
2026-04-09,942:WA:SNTL,5.3,17.5,11,63.7,56.4,46.8,56.1,36.7
2026-04-10,942:WA:SNTL,4.9,17,10,63.8,56.4,47.7,54.5,42.4
2026-04-11,942:WA:SNTL,4.5,17.3,9,64,56.5,40.3,44.2,37
2026-04-12,942:WA:SNTL,4.2,17.2,8,64,56.5,38.8,45.1,35.4
2026-04-13,942:WA:SNTL,4,17.3,7,64.4,56.5,33.6,36.7,30.4
2026-04-14,942:WA:SNTL,4.3,17.7,9,64.6,57.1,31.5,32.5,29.8
2026-04-15,942:WA:SNTL,6,17.7,22,66.2,57.4,27.5,32.2,24.8
2026-04-16,942:WA:SNTL,6.1,17.6,17,66.4,57.5,29.3,36.5,23
2026-04-17,942:WA:SNTL,6.1,17.1,16,66.4,57.6,31.6,38.1,25.3
2026-04-18,942:WA:SNTL,5.8,16.7,14,66.5,57.9,43.7,54.3,32.9
2026-04-19,942:WA:SNTL,5.3,16,11,66.5,58.1,52.7,64.4,45.7
2026-04-20,942:WA:SNTL,4.7,15.3,9,66.5,58.5,53.2,63.1,42.8
2026-04-21,942:WA:SNTL,4.5,15.2,8,66.9,58.7,41.4,45.9,38.5
2026-04-22,942:WA:SNTL,4,15,7,68.4,58.7,36.3,38.7,34
2026-04-23,942:WA:SNTL,3.7,14.4,6,68.4,59,34.3,37.6,32
2026-04-24,942:WA:SNTL,3.5,14.1,5,68.4,59.3,36.7,45.3,30.6
2026-04-25,942:WA:SNTL,3.2,14.2,5,68.4,59.4,39.6,47.8,32.5
2026-04-26,942:WA:SNTL,2.6,14.1,4,68.5,59.4,41.5,51.6,33.4
2026-04-27,942:WA:SNTL,2.4,14.8,3,68.5,59.4,37.9,43.7,33.4
2026-04-28,942:WA:SNTL,2.1,14,2,68.5,60.1,35.2,36.7,32.5
2026-04-29,942:WA:SNTL,1.5,14,1,68.5,60.4,42.4,51.8,33.6
2026-04-30,942:WA:SNTL,0.6,13,0,68.5,60.5,51.6,60.1,45
2026-05-01,942:WA:SNTL,0,11.9,0,68.5,60.5,52.9,61.2,46.6
2026-05-02,942:WA:SNTL,0,11.3,0,68.5,60.6,57,65.7,46.4
2026-05-03,942:WA:SNTL,0,10.7,0,68.5,60.9,60.4,70.2,53.6
2026-05-04,942:WA:SNTL,0,10,0,68.5,61,57.6,66.4,50.9
2026-05-05,942:WA:SNTL,0,9.8,0,68.5,61,54,62.1,48.9
2026-05-06,942:WA:SNTL,0,9.3,0,68.5,61.1,46.6,56.3,39.4
2026-05-07,942:WA:SNTL,0,8.4,0,68.5,61.1,41.5,50.4,35.1
2026-05-08,942:WA:SNTL,0,8.4,0,68.5,61.2,42.4,48.2,39
2026-05-09,942:WA:SNTL,0,8.3,0,68.5,61.6,47.8,57.2,37
2026-05-10,942:WA:SNTL,0,8.2,0,68.5,62.2,45.3,49.1,40.8
2026-05-11,942:WA:SNTL,0,7.9,0,68.5,62.6,48.9,59.4,39.4
2026-05-12,942:WA:SNTL,0,7.1,0,68.5,62.6,58.5,69.8,44.1
2026-05-13,942:WA:SNTL,0,6,0,69.8,62.9,39,46.8,36.7
2026-05-14,942:WA:SNTL,0,3.9,0,70,63,37.4,40.8,34.3
2026-05-15,942:WA:SNTL,0.2,3.2,0,70.5,63,32.7,34.7,31.3
2026-05-16,942:WA:SNTL,1.3,1.8,4,71.6,63,31.8,35.6,30.4
2026-05-17,942:WA:SNTL,1.2,1.4,3,71.8,63,34.2,40.8,29.8
2026-05-18,942:WA:SNTL,0.2,0.9,0,71.8,63.1,41.5,50.4,34.3
2026-05-19,942:WA:SNTL,0.1,0,0,71.8,63.1,41.4,46,37.4
2026-05-20,942:WA:SNTL,0,0,0,71.8,63.9,42.3,46.6,38.1
2026-05-21,942:WA:SNTL,0,0,0,71.8,64.2,51.1,60.8,41.2
2026-05-22,942:WA:SNTL,0,0,0,71.8,64.2,52.9,61.9,45.7
2026-05-23,942:WA:SNTL,0,0,0,71.8,64.2,50,59,44.1
2026-05-24,942:WA:SNTL,0,0,0,71.8,64.2,49.3,59.7,41.5
2026-05-25,942:WA:SNTL,0,0,0,72,65.1,43.2,51.4,36.5
2026-05-26,942:WA:SNTL,0,0,0,72,65.2,39.6,43.9,33.6
2026-05-27,942:WA:SNTL,0,0,0,72,65.3,49.3,58.3,40.3
2026-05-28,942:WA:SNTL,0,0,0,72,66.2,56.3,64,48.9
2026-05-29,942:WA:SNTL,0,0,0,72,66.2,40.1,49.1,33.6
2026-05-30,942:WA:SNTL,0,0,0,72.1,66.5,37.9,46.2,32.9
2026-05-31,942:WA:SNTL,0,0,0,72.1,66.7,42.1,51.4,34
2026-06-01,942:WA:SNTL,0,0,0,72.1,66.7,52.3,62.8,42.1
2026-06-02,942:WA:SNTL,0,0,0,72.1,66.7,59.4,68.7,51.3
2026-06-03,942:WA:SNTL,0,0,0,72.1,67.5,50.9,58.5,42.4
2026-06-04,942:WA:SNTL,0,0,0,72.2,67.6,43.7,52,39.2
2026-06-05,942:WA:SNTL,0,0,0,72.7,68.1,38.3,46.2,35.2
2026-06-06,942:WA:SNTL,0,0,0,73.4,68.9,34.7,40.5,32
2026-06-07,942:WA:SNTL,0,0,0,73.4,68.9,37.9,43.5,33.6
2026-06-08,942:WA:SNTL,0,0,0,74.3,68.9,42.8,48.2,36
2026-06-09,942:WA:SNTL,0,0,0,75.7,68.9,40.3,43.5,36.9
2026-06-10,942:WA:SNTL,0,0,0,75.7,68.9,39.4,44.4,36
2026-06-11,942:WA:SNTL,0,0,0,75.8,69.3,46,56.8,36.9
2026-06-12,942:WA:SNTL,0,0,0,75.8,69.7,48.9,58.8,41.4
2026-06-13,942:WA:SNTL,0,0,0,75.8,70.5,58.8,67.8,47.7
2026-06-14,942:WA:SNTL,0,0,0,75.8,70.8,65.8,72.9,58.3
2026-06-15,942:WA:SNTL,0,0,0,75.8,71.1,66.7,76.8,57.7
2026-06-16,942:WA:SNTL,0,0,0,75.8,71.4,54.9,61.3,46.4
2026-06-17,942:WA:SNTL,0,0,0,75.8,71.4,50.2,59,45.1
2026-06-18,942:WA:SNTL,0,0,0,75.8,71.4,55.6,64.9,46
2026-06-19,942:WA:SNTL,0,0,0,75.8,71.4,61.7,70.7,50.9
2026-06-20,942:WA:SNTL,0,0,0,75.8,71.5,50.2,59.4,43.5
2026-06-21,942:WA:SNTL,0,0,0,75.8,71.5,51.4,62.2,42.1
2026-06-22,942:WA:SNTL,0,0,0,75.8,71.5,60.1,70,51.3
2026-06-23,942:WA:SNTL,0,0,0,75.8,71.5,65.8,73.8,58.6
2026-06-24,942:WA:SNTL,0,0,0,75.8,71.7,63.7,73.6,55.4
2026-06-25,942:WA:SNTL,0,0,0,76,71.7,51.4,57.6,44.6
2026-06-26,942:WA:SNTL,0,0,0,76.2,71.8,46,51.1,42.1
2026-06-27,942:WA:SNTL,0,0,0,76.6,71.8,42.1,46.9,38.1
2026-06-28,942:WA:SNTL,0,0,0,76.6,71.9,43.9,47.5,40.6
2026-06-29,942:WA:SNTL,0,0,0,76.7,72.2,43.7,46.9,40.6
2026-06-30,942:WA:SNTL,0,0,0,76.8,72.2,43,46.2,39.6
2026-07-01,942:WA:SNTL,0,0,0,76.8,72.2,42.4,48.9,37.6
2026-07-02,942:WA:SNTL,0,0,0,76.8,72.2,47.7,55.4,40.5
2026-07-03,942:WA:SNTL,0,0,0,76.8,73,50.4,53.6,46.8
2026-07-04,942:WA:SNTL,0,0,0,76.8,73,50.9,59.9,45.5
2026-07-05,942:WA:SNTL,0,0,0,76.8,73,51.8,61.7,44.2
2026-07-06,942:WA:SNTL,0,0,0,76.8,73.3,62.4,71.6,53.4
2026-07-07,942:WA:SNTL,0,0,0,76.8,73.5,57.2,65.7,47.8
2026-07-08,942:WA:SNTL,0,0,0,76.8,73.5,52,59.4,46.9
2026-07-09,942:WA:SNTL,0,0,0,76.9,73.6,53.8,64,46.2
2026-07-10,942:WA:SNTL,0,0,0,76.9,73.6,54.1,61.3,49.1
2026-07-11,942:WA:SNTL,0,0,0,76.9,73.6,50.9,59,46
2026-07-12,942:WA:SNTL,0,0,0,76.9,73.6,47.1,57.2,41.2
2026-07-13,942:WA:SNTL,0,0,0,76.9,73.6,54.5,65.1,43.9
2026-07-14,942:WA:SNTL,0,0,0,76.9,73.6,60.1,69.8,52.5
2026-07-15,942:WA:SNTL,0,0,0,76.9,73.7,62.1,70.5,55
2026-07-16,942:WA:SNTL,0,0,0,77.2,73.7,54.1,63.7,46.9
2026-07-17,942:WA:SNTL,0,0,0,77.2,73.7,47.5,50.2,44.4
2026-07-18,942:WA:SNTL,0,0,0,77.2,73.7,49.6,57.4,45.5
2026-07-19,942:WA:SNTL,0,0,0,77.2,73.7,53.6,63.5,46.2
2026-07-20,942:WA:SNTL,0,0,0,77.2,73.7,68,78.3,54.5
2026-07-21,942:WA:SNTL,0,0,0,77.2,73.7,72.1,81.1,64.9
2026-07-22,942:WA:SNTL,0,0,0,77.3,73.7,73.4,83.5,58.8
2026-07-23,942:WA:SNTL,0,0,0,77.3,73.7,57.9,69.3,53.6
2026-07-24,942:WA:SNTL,0,0,0,77.3,73.7,59,68.9,51.1
2026-07-25,942:WA:SNTL,0,0,0,77.3,73.7,51.6,54.1,49.1
2026-07-26,942:WA:SNTL,0,0,0,77.3,73.8,51.6,59.5,48.7
2026-07-27,942:WA:SNTL,0,0,0,77.3,73.8,54.3,64.6,47.3
2026-07-28,942:WA:SNTL,0,0,0,77.3,73.8,52.5,59.5,48.2
2026-07-29,942:WA:SNTL,0,0,0,77.3,73.8,50.4,59.2,43.9
2026-07-30,942:WA:SNTL,0,0,0,77.3,73.8,52.5,62.4,45.7
2026-07-31,942:WA:SNTL,0,0,0,77.3,73.9,58.8,68.9,50.7
2026-08-01,942:WA:SNTL,0,0,0,77.3,73.9,49.1,54,43.5
2026-08-02,942:WA:SNTL,0,0,0,77.3,73.9,45.1,51.3,42.3
2026-08-03,942:WA:SNTL,0,0,0,77.3,73.9,51.4,60.3,42.3
2026-08-04,942:WA:SNTL,0,0,0,77.3,74.2,61.5,70,53.8
2026-08-05,942:WA:SNTL,0,0,0,77.3,74.3,66.7,76.3,59.7
2026-08-06,942:WA:SNTL,0,0,0,77.3,74.3,65.1,73.8,58.6
2026-08-07,942:WA:SNTL,0,0,0,77.3,74.3,63.1,72,57.4
2026-08-08,942:WA:SNTL,0,0,0,77.3,74.3,61.2,68.4,52.2
2026-08-09,942:WA:SNTL,0,0,0,77.3,74.6,55.8,65.1,49.3
2026-08-10,942:WA:SNTL,0,0,0,77.3,74.6,54,61.9,49.6
2026-08-11,942:WA:SNTL,0,0,0,77.3,74.6,54.3,63.5,50
2026-08-12,942:WA:SNTL,0,0,0,77.3,74.6,54.5,61.5,50.2
2026-08-13,942:WA:SNTL,0,0,0,77.3,74.6,59.2,66.2,55.2
2026-08-14,942:WA:SNTL,0,0,0,77.3,74.6,59.4,67.3,54.7
2026-08-15,942:WA:SNTL,0,0,0,77.3,74.6,56.5,61.2,52
2026-08-16,942:WA:SNTL,0,0,0,77.3,74.8,55.2,60.6,51.3
2026-08-17,942:WA:SNTL,0,0,0,77.3,74.8,55.9,64.8,49.5
2026-08-18,942:WA:SNTL,0,0,0,77.3,74.8,57.9,66.9,52.7
2026-08-19,942:WA:SNTL,0,0,0,77.3,75.5,59.7,69.4,54
2026-08-20,942:WA:SNTL,0,0,0,77.3,75.5,64.4,73.6,55.6
2026-08-21,942:WA:SNTL,0,0,0,77.3,75.5,67.6,78.1,59.7
2026-08-22,942:WA:SNTL,0,0,0,77.3,75.5,56.8,65.7,48.7
2026-08-23,942:WA:SNTL,0,0,0,77.3,75.5,50.7,57.4,48.2
2026-08-24,942:WA:SNTL,0,0,0,77.3,75.5,63.3,73,50
2026-08-25,942:WA:SNTL,0,0,0,77.3,75.6,66.2,73.4,59.9
2026-08-26,942:WA:SNTL,0,0,0,77.3,76.1,58.8,67.6,51.1
2026-08-27,942:WA:SNTL,0,0,0,77.3,76.1,52,57.7,47.1
2026-08-28,942:WA:SNTL,0,0,0,77.3,76.1,48.6,54.1,43.9
2026-08-29,942:WA:SNTL,0,0,0,78.3,76.1,43.7,46.9,40.8
2026-08-30,942:WA:SNTL,0,0,0,78.4,76.4,44.8,53.6,39.2
2026-08-31,942:WA:SNTL,0,0,0,78.4,76.5,57.7,67.3,46
2026-09-01,942:WA:SNTL,0,0,0,78.4,76.5,50.5,55.8,47.1
2026-09-02,942:WA:SNTL,0,0,0,78.5,76.5,45.1,51.3,39.7
2026-09-03,942:WA:SNTL,0,0,0,78.6,76.5,43.3,49.3,39.4
2026-09-04,942:WA:SNTL,0,0,0,79.1,76.5,42.8,47.8,39.9
2026-09-05,942:WA:SNTL,0,0,0,79.4,76.5,45.9,51.8,41.2
2026-09-06,942:WA:SNTL,0,0,0,79.4,76.5,48.2,55.8,43.9
2026-09-07,942:WA:SNTL,0,0,0,79.5,76.5,45.7,49.8,43.2
2026-09-08,942:WA:SNTL,0,0,0,79.5,77.4,50.5,59.5,43
2026-09-09,942:WA:SNTL,0,0,0,79.5,77.5,59.2,66.6,52
2026-09-10,942:WA:SNTL,0,0,0,79.5,77.7,52.2,57.2,43.7
2026-09-11,942:WA:SNTL,0,0,0,79.5,77.8,44.2,52.5,40.8
2026-09-12,942:WA:SNTL,0,0,0,79.7,78,46.9,52.5,42.3
2026-09-13,942:WA:SNTL,0,0,0,81.3,78.2,42.6,45,40.8
2026-09-14,942:WA:SNTL,0,0,0,81.4,78.3,43.9,46.8,42.4
2026-09-15,942:WA:SNTL,0,0,0,81.4,78.4,44.6,46.2,42.4
2026-09-16,942:WA:SNTL,0,0,0,81.4,79.1,51.6,58.8,44.1
2026-09-17,942:WA:SNTL,0,0,0,81.5,79.1,56.5,64.8,50.9
2026-09-18,942:WA:SNTL,0,0,0,81.5,79.1,52.2,59.5,47.8
2026-09-19,942:WA:SNTL,0,0,0,81.5,79.2,56.5,66,48.2
2026-09-20,942:WA:SNTL,0,0,0,81.5,79.2,61.5,70.2,54.9
2026-09-21,942:WA:SNTL,0,0,0,81.5,79.2,55.9,64.2,46.6
2026-09-22,942:WA:SNTL,0,0,0,81.5,79.5,46.9,53.2,42.3
2026-09-23,942:WA:SNTL,0,0,0,81.5,80.1,45.1,52.5,40.3
2026-09-24,942:WA:SNTL,0,0,0,81.8,80.1,49.8,60.3,41.9
2026-09-25,942:WA:SNTL,0,0,0,82.4,80.1,41.7,47.8,36.9
2026-09-26,942:WA:SNTL,0,0,0,82.5,80.1,39,45.7,34
2026-09-27,942:WA:SNTL,0,0,0,82.6,80.1,45.7,55.2,39.9
2026-09-28,942:WA:SNTL,0,0,0,82.6,80.1,46,52.5,40.5
2026-09-29,942:WA:SNTL,0,0,0,83,80.4,48.2,50,45.1
2026-09-30,942:WA:SNTL,0,0,0,83.1,81.2,43.2,48.6,36.5
2026-10-01,942:WA:SNTL,0,0,0,0,0,50.5,59.2,44.8
2026-10-02,942:WA:SNTL,0,0,0,0,0.1,50.7,54.3,46.9
2026-10-03,942:WA:SNTL,0.1,0,0,0,0.4,57.4,67.3,46
2026-10-04,942:WA:SNTL,0.1,0,0,0,0.4,58.8,66.7,53.4
2026-10-05,942:WA:SNTL,0.1,0,0,0,0.7,53.4,61.3,46.6
2025-10-01,418:WA:SNTL,0,0,0,0,0,40.6,44.8,36.5
2025-10-02,418:WA:SNTL,0.1,0,0,0.1,0.1,40.8,45.7,36.7
2025-10-03,418:WA:SNTL,0,0,0,0.1,0.1,41.4,50.4,36.9
2025-10-04,418:WA:SNTL,0,0,0,0.2,0.2,38.8,41.5,36
2025-10-05,418:WA:SNTL,0,0,0,0.2,0.4,42.1,49.5,34.9
2025-10-06,418:WA:SNTL,0.2,0,0,0.3,0.5,48.7,57.7,40.5
2025-10-07,418:WA:SNTL,0.1,0,0,0.3,0.5,51.3,62.2,42.6
2025-10-08,418:WA:SNTL,0.1,0,0,0.3,0.9,44.2,49.8,36
2025-10-09,418:WA:SNTL,0.2,0,0,0.6,1,46.9,54.5,40.1
2025-10-10,418:WA:SNTL,0.1,0,0,0.6,1.2,40.8,52.3,35.1
2025-10-11,418:WA:SNTL,0,0,0,0.7,1.2,34.7,36.5,30.7
2025-10-12,418:WA:SNTL,0.5,0,7,1.1,1.4,29.8,33.4,26.8
2025-10-13,418:WA:SNTL,0.7,0,2,1.4,1.5,30.9,37,27.1
2025-10-14,418:WA:SNTL,0.8,0,4,1.4,1.6,34.3,43.3,27.1
2025-10-15,418:WA:SNTL,0.8,0,3,1.4,1.6,40.8,51.6,34.5
2025-10-16,418:WA:SNTL,0.8,0,0,1.5,1.7,41.5,48.4,36
2025-10-17,418:WA:SNTL,0.1,0,0,1.5,1.9,37,41,32.7
2025-10-18,418:WA:SNTL,0.2,0,0,2.4,2.1,40.5,48,32.5
2025-10-19,418:WA:SNTL,0.6,0.1,0,3,2.2,33.8,39.9,31.6
2025-10-20,418:WA:SNTL,0.2,0.1,0,3,2.3,36.1,42.4,32.5
2025-10-21,418:WA:SNTL,0.3,0.2,0,3.1,2.4,45.7,54.7,36.3
2025-10-22,418:WA:SNTL,0.1,0.3,0,3.1,2.6,45.1,53.6,34.2
2025-10-23,418:WA:SNTL,0.2,0.2,0,3.1,2.7,42.3,49.8,36.9
2025-10-24,418:WA:SNTL,0.3,0.4,0,3.8,2.7,39.7,47.8,30
2025-10-25,418:WA:SNTL,0.9,0.3,4,4.2,3,31.8,36.9,28
2025-10-26,418:WA:SNTL,1.3,0.4,9,4.5,3.5,28.6,34.7,26.1
2025-10-27,418:WA:SNTL,1.4,0.5,7,4.6,3.8,29.8,35.8,26.6
2025-10-28,418:WA:SNTL,1.6,0.5,3,5.2,4.3,37,45.7,28.6
2025-10-29,418:WA:SNTL,1.6,0.5,5,5.3,4.4,33.8,41.4,29.3
2025-10-30,418:WA:SNTL,1.7,0.5,5,5.5,4.7,37.9,43.2,34.3
2025-10-31,418:WA:SNTL,1.7,0.6,0,6.4,4.8,43.3,52.3,39.7
2025-11-01,418:WA:SNTL,0.8,0.9,0,7,5.4,39.2,46.8,30.7
2025-11-02,418:WA:SNTL,0.8,0.9,2,7.1,5.8,31.3,36.5,25.7
2025-11-03,418:WA:SNTL,1.2,0.8,3,7.4,5.9,30.6,34.2,28.6
2025-11-04,418:WA:SNTL,1.5,1,5,7.6,6.1,33.6,39,31.1
2025-11-05,418:WA:SNTL,1.9,1.3,5,8.8,6.1,37,42.3,33.6
2025-11-06,418:WA:SNTL,2.2,1.6,4,9.6,6.3,35.2,40.8,29.5
2025-11-07,418:WA:SNTL,2.5,1.8,6,9.9,6.3,30.2,33.1,26.8
2025-11-08,418:WA:SNTL,2.8,1.9,7,10.2,6.3,36.1,54.5,27.5
2025-11-09,418:WA:SNTL,2.5,2,5,10.2,7,53.4,59.7,45.5
2025-11-10,418:WA:SNTL,2.2,2.2,4,10.2,7,39.7,46.8,34
2025-11-11,418:WA:SNTL,2.3,2.2,6,10.2,7,41.4,54.1,29.5
2025-11-12,418:WA:SNTL,1.8,2.1,3,10.2,7.8,46.2,52.2,42.1
2025-11-13,418:WA:SNTL,0.9,2.1,0,10.4,8.2,42.6,46.9,37
2025-11-14,418:WA:SNTL,0.7,2.2,0,10.5,8.5,37.6,39.9,35.1
2025-11-15,418:WA:SNTL,0.3,2.3,0,10.5,8.9,41.4,45.9,39.7
2025-11-16,418:WA:SNTL,0.2,2.3,0,10.5,9.2,41.9,46.2,39.4
2025-11-17,418:WA:SNTL,0.1,2.4,0,10.5,9.5,34.2,40.1,25.7
2025-11-18,418:WA:SNTL,0,2.8,0,10.5,9.5,27.9,32.7,24.6
2025-11-19,418:WA:SNTL,0.1,2.9,0,10.6,9.8,29.5,34.5,26.1
2025-11-20,418:WA:SNTL,0.1,3.2,0,10.6,10.1,31.8,37.2,29.1
2025-11-21,418:WA:SNTL,0,3.8,0,10.8,10.6,35.1,41,27.9
2025-11-22,418:WA:SNTL,0.1,3.9,0,10.8,11,37.6,41.5,34.9
2025-11-23,418:WA:SNTL,0.2,4,0,11,11.7,33.3,35.8,25.9
2025-11-24,418:WA:SNTL,0,4.1,0,11,12.3,24.8,29.1,22.1
2025-11-25,418:WA:SNTL,1.2,5.1,4,11.7,12.6,29.8,34.5,23.9
2025-11-26,418:WA:SNTL,1.3,5.4,6,11.8,13,35.6,40.5,32.2
2025-11-27,418:WA:SNTL,2.2,5.4,9,12.2,13.5,36,41.7,33.3
2025-11-28,418:WA:SNTL,2.3,5.9,14,12.5,13.8,34.5,40.1,30.9
2025-11-29,418:WA:SNTL,2.1,6.5,10,12.5,14.4,29.1,37.2,21.9
2025-11-30,418:WA:SNTL,2.2,6.8,13,12.6,14.6,30.4,42.1,21.2
2025-12-01,418:WA:SNTL,2.5,7.1,9,12.8,14.8,33.8,37.4,30.6
2025-12-02,418:WA:SNTL,2.7,7.5,12,13,14.8,30.4,33.8,26.8
2025-12-03,418:WA:SNTL,2.8,7.4,8,13.1,14.8,29.5,33.4,25.7
2025-12-04,418:WA:SNTL,4.1,7.4,13,14.2,14.8,33.6,34.7,29.7
2025-12-05,418:WA:SNTL,4.4,7.6,10,14.8,15,35.8,39.9,33.1
2025-12-06,418:WA:SNTL,5.1,7.6,15,15.3,15.1,31.5,33.1,30
2025-12-07,418:WA:SNTL,5.6,8,19,15.7,15.3,33.6,36.9,31.8
2025-12-08,418:WA:SNTL,6,8.2,18,18.5,15.5,36.7,39.9,31.8
2025-12-09,418:WA:SNTL,6.9,8.3,20,19.9,16.6,33.6,42.6,28.8
2025-12-10,418:WA:SNTL,5.7,8.4,14,20.6,16.7,43,45.3,40.5
2025-12-11,418:WA:SNTL,5.1,9.3,12,21.5,16.7,39.6,42.1,36.1
2025-12-12,418:WA:SNTL,4.8,9.3,11,21.5,16.8,39.6,42.4,34.7
2025-12-13,418:WA:SNTL,5,9.4,13,21.6,17.2,45.7,56.5,35.1
2025-12-14,418:WA:SNTL,4.7,9.5,12,21.6,17.6,41.7,46.8,36.9
2025-12-15,418:WA:SNTL,4,10,7,22.3,18,40.1,46.8,31.8
2025-12-16,418:WA:SNTL,4.7,10.1,12,23.2,18.2,34.7,38.8,31.8
2025-12-17,418:WA:SNTL,5.1,10.4,14,23.7,18.3,26.1,37,22.6
2025-12-18,418:WA:SNTL,6.7,11.3,20,25.3,18.4,31.3,40.6,25.2
2025-12-19,418:WA:SNTL,7.1,11.3,25,25.6,18.8,23,26.4,20.3
2025-12-20,418:WA:SNTL,7.7,11.8,30,26,19.5,26.2,30.6,23.2
2025-12-21,418:WA:SNTL,8,12.2,32,26.4,19.5,27.9,34,23.4
2025-12-22,418:WA:SNTL,8.6,12.5,32,26.8,19.6,25.7,28.6,20.1
2025-12-23,418:WA:SNTL,8.8,12.5,31,27,19.8,26.8,32.9,22.5
2025-12-24,418:WA:SNTL,9.5,12.7,31,27.5,19.8,32.2,39.2,26.6
2025-12-25,418:WA:SNTL,9.7,12.8,31,27.6,19.8,30,34.9,27.3
2025-12-26,418:WA:SNTL,10.3,13,37,28,19.8,24.6,28.6,19.9
2025-12-27,418:WA:SNTL,10.4,13.7,37,28.1,20.2,19.6,22.1,18.3
2025-12-28,418:WA:SNTL,10.6,14.1,36,28.3,20.9,26.2,34.9,18.1
2025-12-29,418:WA:SNTL,10.7,14.2,35,28.3,21.6,38.3,45.1,30.4
2025-12-30,418:WA:SNTL,10.6,14.3,34,28.3,21.6,46.9,58.1,41.2
2025-12-31,418:WA:SNTL,10.6,14.6,33,28.3,21.6,,,
2026-01-01,418:WA:SNTL,10.6,14.8,32,28.5,21.9,38.8,44.2,34.7
2026-01-02,418:WA:SNTL,10.9,14.9,30,28.8,22,37.9,45.1,36
2026-01-03,418:WA:SNTL,11.2,15.5,32,28.9,22.3,35.4,40.1,32
2026-01-04,418:WA:SNTL,11.6,15.6,33,29.1,22.7,30.7,34.7,25.7
2026-01-05,418:WA:SNTL,11.6,16,32,29.1,23,25.7,32.9,21.6
2026-01-06,418:WA:SNTL,13.3,16.2,51,30.3,23.1,25.5,30,21.6
2026-01-07,418:WA:SNTL,13.6,16.4,50,30.7,23.3,22.8,27.3,21
2026-01-08,418:WA:SNTL,14.1,16.4,50,31.1,23.6,23.7,26.6,19.4
2026-01-09,418:WA:SNTL,14.2,17.1,48,31.2,24.3,31.6,39.9,24.6
2026-01-10,418:WA:SNTL,14.2,17.4,46,31.2,24.5,40.5,47.7,33.3
2026-01-11,418:WA:SNTL,14.4,17.5,43,31.6,24.9,35.8,42.3,30.7
2026-01-12,418:WA:SNTL,14.2,18,38,31.6,25.8,40.8,43.2,36.3
2026-01-13,418:WA:SNTL,14.2,18.2,38,31.6,26.4,48.7,58.3,41
2026-01-14,418:WA:SNTL,13.9,18.4,35,31.6,26.7,46.9,57.2,36.9
2026-01-15,418:WA:SNTL,14.1,18.8,37,31.6,27.2,46.2,59.7,35.8
2026-01-16,418:WA:SNTL,14.1,18.6,38,31.6,27.6,42.6,46.2,39
2026-01-17,418:WA:SNTL,14.2,18.9,37,31.6,28,49.3,59.9,40.3
2026-01-18,418:WA:SNTL,14.3,18.9,37,31.6,28.4,47.7,54.9,42.6
2026-01-19,418:WA:SNTL,14.4,19.7,37,31.6,28.4,46.8,58.5,41.4
2026-01-20,418:WA:SNTL,14.4,20.1,37,31.6,28.4,42.1,46.6,36.3
2026-01-21,418:WA:SNTL,14.4,20.2,37,31.6,28.9,42.4,51.6,36.1
2026-01-22,418:WA:SNTL,13.9,20.4,36,31.6,29,35.1,42.1,29.7
2026-01-23,418:WA:SNTL,13.5,20.4,36,31.6,30,28.8,33.6,23.7
2026-01-24,418:WA:SNTL,13.3,20.7,36,31.6,30.4,32.5,40.6,26.6
2026-01-25,418:WA:SNTL,13,20.8,36,31.6,30.5,35.2,42.6,30.2
2026-01-26,418:WA:SNTL,12.7,20.8,36,31.6,30.5,33.8,42.6,29.1
2026-01-27,418:WA:SNTL,12.6,21,36,31.6,30.5,35.8,40.8,30.6
2026-01-28,418:WA:SNTL,12.8,21.7,37,31.9,30.5,32.9,37.4,27.9
2026-01-29,418:WA:SNTL,13.2,21.7,39,32.1,30.6,35.4,39.6,33.4
2026-01-30,418:WA:SNTL,13.4,21.9,37,32.3,30.8,38.8,42.1,35.2
2026-01-31,418:WA:SNTL,13.7,22.7,36,32.3,30.9,42.6,48,36.9
2026-02-01,418:WA:SNTL,14.1,23.3,40,32.5,31.1,35.4,45.5,28.4
2026-02-02,418:WA:SNTL,14.7,23.4,38,33,31.4,34.2,39.2,28
2026-02-03,418:WA:SNTL,14.9,23.4,39,33.1,31.5,43.9,49.8,37.6
2026-02-04,418:WA:SNTL,14.9,23.6,37,33.1,31.5,53.4,57.2,49.1
2026-02-05,418:WA:SNTL,15,23.8,37,33.1,32.4,52.3,57.4,45
2026-02-06,418:WA:SNTL,15,23.9,37,33.1,33.2,46,54.9,39.4
2026-02-07,418:WA:SNTL,15,24.2,35,33.1,33.8,37.2,41.5,33.3
2026-02-08,418:WA:SNTL,14.9,24.4,35,33.1,33.9,30.7,35.4,27.7
2026-02-09,418:WA:SNTL,15,24.5,37,33.1,34.1,28.4,37.6,22.8
2026-02-10,418:WA:SNTL,14.8,24.6,38,33.1,34.2,30,38.3,24.8
2026-02-11,418:WA:SNTL,14.9,24.7,37,33.1,34.2,34.3,47.3,27
2026-02-12,418:WA:SNTL,14.9,24.7,36,33.1,34.3,32.9,40.6,27.1
2026-02-13,418:WA:SNTL,15.3,24.7,38,33.3,34.3,29.5,34.7,25.9
2026-02-14,418:WA:SNTL,16.2,24.7,38,33.4,34.5,27.1,36,24.6
2026-02-15,418:WA:SNTL,16.9,24.8,38,33.4,34.8,28.2,36.1,24.8
2026-02-16,418:WA:SNTL,17.2,24.7,40,33.4,34.8,23.5,30,15.8
2026-02-17,418:WA:SNTL,17.3,25.1,41,33.6,34.9,21.4,30,17.1
2026-02-18,418:WA:SNTL,17.3,25.5,50,34,35.4,20.5,25.9,17.4
2026-02-19,418:WA:SNTL,16.8,26,47,34.1,35.5,20.3,30.9,16
2026-02-20,418:WA:SNTL,16.1,26.1,45,34.2,36.3,19.8,27.9,14
2026-02-21,418:WA:SNTL,15.7,26.8,46,34.4,36.4,23.4,28.2,19.9
2026-02-22,418:WA:SNTL,15.7,27.3,46,34.7,37.4,30.7,35.8,24.8
2026-02-23,418:WA:SNTL,16.6,27.4,57,35.5,37.4,27.9,33.8,25.2
2026-02-24,418:WA:SNTL,16.7,27.8,56,35.6,37.4,29.5,39.6,19.2
2026-02-25,418:WA:SNTL,16.8,28.1,51,35.7,37.5,25.2,35.1,19
2026-02-26,418:WA:SNTL,17,28.3,52,35.7,37.6,27.1,35.2,22.1
2026-02-27,418:WA:SNTL,17.2,28.6,51,35.7,37.7,29.1,38.5,23.7
2026-02-28,418:WA:SNTL,17.4,28.6,51,35.8,38.8,38.3,48.4,26.1
2026-03-01,418:WA:SNTL,17.7,28.2,50,35.8,39.8,41.7,52.9,36
2026-03-02,418:WA:SNTL,17.7,28.4,46,35.9,40.2,40.8,51.8,34
2026-03-03,418:WA:SNTL,17.9,29.2,50,36.1,40.4,35.6,42.1,33.1
2026-03-04,418:WA:SNTL,18.2,29.6,53,36.3,40.6,32.2,41.7,29.3
2026-03-05,418:WA:SNTL,18.3,30,48,36.3,40.7,28.6,33.4,25.9
2026-03-06,418:WA:SNTL,18.7,30,49,36.8,40.8,32.9,37.9,27.9
2026-03-07,418:WA:SNTL,18.9,30,47,36.8,40.8,38.1,42.4,33.8
2026-03-08,418:WA:SNTL,18.6,30,48,36.8,40.8,30.7,36.1,19.4
2026-03-09,418:WA:SNTL,18.8,30.8,53,37.2,40.9,21.2,28.9,18
2026-03-10,418:WA:SNTL,18.9,31.1,54,37.5,40.9,22.1,33.6,14.7
2026-03-11,418:WA:SNTL,21.3,31.2,66,39.9,41.1,29.5,34.3,23
2026-03-12,418:WA:SNTL,23.3,31.2,78,41.9,41.1,26.8,34.2,24.1
2026-03-13,418:WA:SNTL,28.1,31.4,108,46.7,41.5,30.6,33.6,27.3
2026-03-14,418:WA:SNTL,28,31.8,104,47.1,42,23.7,34.3,18.7
2026-03-15,418:WA:SNTL,28.6,31.9,100,47.6,42.2,28.8,37.9,18.5
2026-03-16,418:WA:SNTL,30.4,32.1,94,47.8,42.4,40.8,47.1,34.5
2026-03-17,418:WA:SNTL,30.3,32.2,82,48.6,42.5,40.1,46.4,35.6
2026-03-18,418:WA:SNTL,29.5,32.3,75,48.7,42.6,42.3,49.1,39.6
2026-03-19,418:WA:SNTL,28.8,32.3,68,48.9,42.8,42.1,47.7,38.8
2026-03-20,418:WA:SNTL,28.1,32.3,66,49,43.2,38.3,43.3,30.9
2026-03-21,418:WA:SNTL,27.2,32.6,67,49,43.4,29.1,36.3,22.8
2026-03-22,418:WA:SNTL,27,32.8,67,49,43.4,32.5,45.5,22.1
2026-03-23,418:WA:SNTL,26.6,32.9,66,49.1,43.7,39.6,48.9,35.8
2026-03-24,418:WA:SNTL,27.8,33.4,65,49.7,43.7,36.3,43.5,28.8
2026-03-25,418:WA:SNTL,27.2,33.5,68,49.8,43.8,26.6,37,19.4
2026-03-26,418:WA:SNTL,27.3,34.1,66,49.9,44.2,27,37.6,16.5
2026-03-27,418:WA:SNTL,27.3,34.3,65,50.1,44.3,38.7,52.9,30.7
2026-03-28,418:WA:SNTL,27.1,34.5,64,50.1,44.5,33.8,42.1,28.8
2026-03-29,418:WA:SNTL,27.1,34.5,66,50.1,44.6,27.9,33.8,20.5
2026-03-30,418:WA:SNTL,27.4,34.6,66,50.1,45,26.4,40.8,14.5
2026-03-31,418:WA:SNTL,27.1,35,65,50.3,45.4,32,43.3,23.2
2026-04-01,418:WA:SNTL,27.7,35,70,50.8,45.5,31.3,36.7,25.7
2026-04-02,418:WA:SNTL,27.8,35,68,50.8,45.5,27.9,35.8,24.3
2026-04-03,418:WA:SNTL,28.2,35.2,66,50.8,45.6,32.9,42.8,24.4
2026-04-04,418:WA:SNTL,28.5,35.3,65,51,45.6,45.3,58.1,35.1
2026-04-05,418:WA:SNTL,28.3,35.3,64,51,46.1,51.4,59.5,47.1
2026-04-06,418:WA:SNTL,28,35.4,62,51,46.1,47.8,57.7,38.8
2026-04-07,418:WA:SNTL,27.5,35.2,62,51,46.2,35.1,41.9,29.5
2026-04-08,418:WA:SNTL,27.2,35.6,61,51,46.5,39.9,51.3,32.2
2026-04-09,418:WA:SNTL,26.8,35.8,59,51,46.5,45.9,55.6,37.6
2026-04-10,418:WA:SNTL,26.4,36.2,58,51,46.5,45.3,52.2,41.7
2026-04-11,418:WA:SNTL,26.2,36.4,58,51,46.8,37.9,43.5,34.7
2026-04-12,418:WA:SNTL,26,37.2,56,51.1,46.9,37.6,48.9,34.5
2026-04-13,418:WA:SNTL,25.7,37.6,56,51.1,47.9,32.9,39.4,27.9
2026-04-14,418:WA:SNTL,26.2,37.8,65,51.6,48.1,30,35.1,25.3
2026-04-15,418:WA:SNTL,26.9,37.8,73,52.4,48.3,25.7,36,20.8
2026-04-16,418:WA:SNTL,27,37.8,70,52.6,48.4,26.1,37.4,21
2026-04-17,418:WA:SNTL,27.1,38.1,67,52.6,48.4,32,45,21.2
2026-04-18,418:WA:SNTL,27.6,38.1,63,52.8,48.7,41.9,52.9,31.1
2026-04-19,418:WA:SNTL,27.4,38.2,60,52.8,48.8,47.3,59.4,40.1
2026-04-20,418:WA:SNTL,26.8,38,58,52.8,49.1,50.4,63.1,43.9
2026-04-21,418:WA:SNTL,26.3,37.7,56,52.9,49.4,40.5,50,34.5
2026-04-22,418:WA:SNTL,26.7,37.7,60,53.3,49.7,34,36.5,32.7
2026-04-23,418:WA:SNTL,26.3,37.4,56,53.3,49.8,33.1,39.4,29.7
2026-04-24,418:WA:SNTL,26.2,37.3,58,53.3,49.9,34.7,44.6,30
2026-04-25,418:WA:SNTL,25.9,37.3,57,53.3,50,37,46.4,31.1
2026-04-26,418:WA:SNTL,25.6,37.3,56,53.3,50,38.3,47.1,31.3
2026-04-27,418:WA:SNTL,25.1,36.8,54,53.5,50.1,36.7,45.7,30.9
2026-04-28,418:WA:SNTL,24.7,37.1,53,53.5,50.3,33.4,38.5,30.7
2026-04-29,418:WA:SNTL,24.4,37.2,53,53.6,50.6,43.3,55.4,30
2026-04-30,418:WA:SNTL,23.8,37.3,51,53.6,50.6,48.4,57.6,41.4
2026-05-01,418:WA:SNTL,23,37.6,50,53.6,50.6,51.1,61.3,43.9
2026-05-02,418:WA:SNTL,22.1,37.2,48,53.6,50.6,53.8,63.3,46
2026-05-03,418:WA:SNTL,20.9,37,45,53.6,50.6,56.8,68.2,48.6
2026-05-04,418:WA:SNTL,19.6,36.3,43,53.6,51.1,54,63.7,47.1
2026-05-05,418:WA:SNTL,18.4,35.7,40,53.6,51.2,53.8,62.8,46.6
2026-05-06,418:WA:SNTL,17.1,35.5,37,53.6,51.3,47.7,56.7,37.6
2026-05-07,418:WA:SNTL,16,35.5,34,53.6,51.3,43.2,54.9,32.5
2026-05-08,418:WA:SNTL,15.2,35.4,34,53.6,51.3,40.5,48,36.9
2026-05-09,418:WA:SNTL,14.5,35.3,33,53.6,51.3,49.1,63.1,36.3
2026-05-10,418:WA:SNTL,13.8,34.6,31,53.6,51.5,43.7,51.6,37.6
2026-05-11,418:WA:SNTL,12.7,34.4,29,53.7,51.6,48.9,61.3,35.1
2026-05-12,418:WA:SNTL,11.3,34.4,24,53.7,51.8,54.5,68.4,45.3
2026-05-13,418:WA:SNTL,10.8,34,22,54.3,52,37,46,33.3
2026-05-14,418:WA:SNTL,10.3,33.2,21,54.4,52.3,35.4,42.6,32.5
2026-05-15,418:WA:SNTL,10.6,33.1,26,54.6,52.3,31.6,38.1,27.3
2026-05-16,418:WA:SNTL,12,32.9,35,55.6,52.3,29.8,37.2,26.8
2026-05-17,418:WA:SNTL,12,32.5,28,55.8,52.4,32.4,38.7,27.3
2026-05-18,418:WA:SNTL,11.8,32.3,26,55.8,52.4,38.8,48.2,32.4
2026-05-19,418:WA:SNTL,11.3,32,24,55.8,52.4,39.2,45.9,35.1
2026-05-20,418:WA:SNTL,10.2,31,22,55.8,52.4,42.8,53.6,35.4
2026-05-21,418:WA:SNTL,9.1,30.8,21,55.8,52.5,49.6,58.8,40.5
2026-05-22,418:WA:SNTL,7.7,30.6,15,55.8,53.6,50.5,61,42.6
2026-05-23,418:WA:SNTL,6.3,30.5,12,55.8,53.7,48,57.4,41.4
2026-05-24,418:WA:SNTL,4.9,30.8,11,55.8,53.7,48.6,58.6,38.8
2026-05-25,418:WA:SNTL,4.3,30.1,6,55.8,53.8,42.6,48.6,33.8
2026-05-26,418:WA:SNTL,0,29.4,0,56,54.3,36.3,42.6,32.4
2026-05-27,418:WA:SNTL,0,29.4,0,56,54.4,47.8,56.5,36.3
2026-05-28,418:WA:SNTL,0,29,0,56.1,55,54.9,66.4,47.1
2026-05-29,418:WA:SNTL,0,29,0,56.1,55.2,38.7,48.6,33.3
2026-05-30,418:WA:SNTL,0,28.5,0,56.1,55.2,34.7,43.5,30.4
2026-05-31,418:WA:SNTL,0,27.9,0,56.1,55.2,40.1,52.2,30.6
2026-06-01,418:WA:SNTL,0,27.1,0,56.2,55.3,49.6,57.4,41.2
2026-06-02,418:WA:SNTL,0,25.9,0,56.2,55.3,54.7,64.6,44.8
2026-06-03,418:WA:SNTL,0,25.2,0,56.2,55.3,47.7,53.6,37.8
2026-06-04,418:WA:SNTL,0,24.1,0,56.2,55.3,41,51.3,36.3
2026-06-05,418:WA:SNTL,0,23,0,56.3,55.3,36.1,43.7,32.5
2026-06-06,418:WA:SNTL,0,21.6,0,56.5,55.4,33.1,38.7,31.1
2026-06-07,418:WA:SNTL,0,20.5,0,56.5,55.4,36.5,46.2,31.3
2026-06-08,418:WA:SNTL,0,19.8,0,57.2,55.4,41.7,47.5,37.6
2026-06-09,418:WA:SNTL,0,19.3,0,57.6,55.4,37.2,41.4,33.4
2026-06-10,418:WA:SNTL,0,18.7,0,57.7,55.4,36.1,42.1,32.5
2026-06-11,418:WA:SNTL,0,17.8,0,57.8,55.5,44.6,56.3,33.8
2026-06-12,418:WA:SNTL,0,16.9,0,57.8,55.6,47.3,57.7,39
2026-06-13,418:WA:SNTL,0,15.9,0,57.8,55.9,55.9,66.4,46.9
2026-06-14,418:WA:SNTL,0,15.2,0,57.8,55.9,60.1,70.7,51.6
2026-06-15,418:WA:SNTL,0,14.5,0,57.8,56,62.2,72,51.1
2026-06-16,418:WA:SNTL,0,14.3,0,57.8,56.5,51.1,57.7,43.7
2026-06-17,418:WA:SNTL,0,13.6,0,57.8,56.6,48.6,58.6,41.7
2026-06-18,418:WA:SNTL,0,13.2,0,57.8,56.8,55.4,66,41.2
2026-06-19,418:WA:SNTL,0,12.4,0,57.8,56.8,58.6,69.6,46.6
2026-06-20,418:WA:SNTL,0,11.4,0,57.8,57,48.4,58.3,40.1
2026-06-21,418:WA:SNTL,0,10.5,0,57.8,57,50.2,61.5,39.6
2026-06-22,418:WA:SNTL,0,9.2,0,57.8,57,56.3,66.6,46.6
2026-06-23,418:WA:SNTL,0,8.3,0,57.8,57,61,69.6,54.5
2026-06-24,418:WA:SNTL,0,7.1,0,57.8,57.1,58.6,69.1,46.9
2026-06-25,418:WA:SNTL,0,5.5,0,57.9,57.4,49.5,55.8,41.2
2026-06-26,418:WA:SNTL,0,3.8,0,58,57.7,42.6,49.8,37.4
2026-06-27,418:WA:SNTL,0,2.8,0,58.2,57.8,37.9,42.8,34
2026-06-28,418:WA:SNTL,0,2,0,58.4,57.8,40.1,42.6,36.7
2026-06-29,418:WA:SNTL,0,1.1,0,58.4,57.8,41.4,43.5,39.6
2026-06-30,418:WA:SNTL,0,0.7,0,58.4,57.8,41.9,50.7,37.2
2026-07-01,418:WA:SNTL,0,0.2,0,58.4,57.8,41,49.3,35.4
2026-07-02,418:WA:SNTL,0,0,0,58.4,58,46.4,55.9,37
2026-07-03,418:WA:SNTL,0,0,0,58.4,58.1,49.6,59.4,45.3
2026-07-04,418:WA:SNTL,0,0,0,58.4,58.1,49.6,59.7,41.9
2026-07-05,418:WA:SNTL,0,0,0,58.4,58.1,53.1,64,39.7
2026-07-06,418:WA:SNTL,0,0,0,58.4,58.1,60.8,69.4,54.1
2026-07-07,418:WA:SNTL,0,0,0,58.4,58.3,56.8,66.9,44.6
2026-07-08,418:WA:SNTL,0,0,0,58.4,58.4,50.4,61.2,42.8
2026-07-09,418:WA:SNTL,0,0,0,58.4,58.4,52.2,63.1,42.8
2026-07-10,418:WA:SNTL,0,0,0,58.4,58.4,51.1,61.7,45.5
2026-07-11,418:WA:SNTL,0,0,0,58.4,58.4,47.8,57.4,43.9
2026-07-12,418:WA:SNTL,0,0,0,58.4,58.4,47.7,58.5,38.3
2026-07-13,418:WA:SNTL,0,0,0,58.4,58.4,55.9,66.9,44.2
2026-07-14,418:WA:SNTL,0,0,0,58.4,58.4,59.9,68.7,53.1
2026-07-15,418:WA:SNTL,0,0,0,58.4,58.4,63,73.6,55.4
2026-07-16,418:WA:SNTL,0,0,0,58.4,58.4,55.6,63,45.5
2026-07-17,418:WA:SNTL,0,0,0,58.4,58.4,48.2,59,41.9
2026-07-18,418:WA:SNTL,0,0,0,58.4,58.5,47.3,58.8,41.7
2026-07-19,418:WA:SNTL,0,0,0,58.5,58.6,54.9,65.7,42.6
2026-07-20,418:WA:SNTL,0,0,0,58.5,58.6,64.2,71.6,59
2026-07-21,418:WA:SNTL,0,0,0,58.5,58.6,67.8,76.3,61.9
2026-07-22,418:WA:SNTL,0,0,0,59,58.6,69.1,81,54.9
2026-07-23,418:WA:SNTL,0,0,0,59,59,56.1,63.1,50.7
2026-07-24,418:WA:SNTL,0,0,0,59,58.6,59,69.8,50.7
2026-07-25,418:WA:SNTL,0,0,0,59,59,48.9,57.2,43.7
2026-07-26,418:WA:SNTL,0,0,0,59,59,49.1,59.5,42.6
2026-07-27,418:WA:SNTL,0,0,0,59,59,52,62.8,44.6
2026-07-28,418:WA:SNTL,0,0,0,59,59,49.3,57.6,45.3
2026-07-29,418:WA:SNTL,0,0,0,59,59,50.9,61.3,41
2026-07-30,418:WA:SNTL,0,0,0,59,59,51.4,61.9,42.4
2026-07-31,418:WA:SNTL,0,0,0,59,59,59.2,74.8,46.6
2026-08-01,418:WA:SNTL,0,0,0,59,59,47.1,57.9,39.6
2026-08-02,418:WA:SNTL,0,0,0,59,59,41.2,50.2,38.1
2026-08-03,418:WA:SNTL,0,0,0,59.1,59,51.3,62.1,38.8
2026-08-04,418:WA:SNTL,0,0,0,59.1,59,59,69.4,51.1
2026-08-05,418:WA:SNTL,0,0,0,59.1,59,65.5,74.8,54.7
2026-08-06,418:WA:SNTL,0,0,0,59.1,59,63.9,74.8,54.9
2026-08-07,418:WA:SNTL,0,0,0,59.1,59,61.5,72.1,52.5
2026-08-08,418:WA:SNTL,0,0,0,59.1,59,57,68,47.8
2026-08-09,418:WA:SNTL,0,0,0,59.1,59,53.4,66.7,44.8
2026-08-10,418:WA:SNTL,0,0,0,59.1,59,52.2,63.9,43.3
2026-08-11,418:WA:SNTL,0,0,0,59.1,59,51.4,63.7,43.3
2026-08-12,418:WA:SNTL,0,0,0,59.2,59,48.7,56.1,43.7
2026-08-13,418:WA:SNTL,0,0,0,59.2,59,54.7,63.3,45.9
2026-08-14,418:WA:SNTL,0,0,0,59.2,59,55.8,61.2,52.2
2026-08-15,418:WA:SNTL,0,0,0,59.2,59,56.3,64,51.6
2026-08-16,418:WA:SNTL,0,0,0,59.2,59,55.8,64.8,46.4
2026-08-17,418:WA:SNTL,0,0,0,59.2,59,59.7,71.8,51.4
2026-08-18,418:WA:SNTL,0,0,0,59.2,59.2,55.4,66.7,47.5
2026-08-19,418:WA:SNTL,0,0,0,59.2,59.3,57.9,69.8,49.5
2026-08-20,418:WA:SNTL,0,0,0,59.2,59.3,65.1,75.6,54.5
2026-08-21,418:WA:SNTL,0,0,0,59.2,59.3,70,80.2,61.2
2026-08-22,418:WA:SNTL,0,0,0,59.2,59.3,56.3,65.5,44.8
2026-08-23,418:WA:SNTL,0,0,0,59.2,59.3,48,58.5,43
2026-08-24,418:WA:SNTL,0,0,0,59.2,59.3,59.7,71.4,48.6
2026-08-25,418:WA:SNTL,0,0,0,59.2,59.3,64,75.6,54.9
2026-08-26,418:WA:SNTL,0,0,0,59.2,59.3,58.3,66.6,47.7
2026-08-27,418:WA:SNTL,0,0,0,59.2,59.3,47.8,55,42.6
2026-08-28,418:WA:SNTL,0,0,0,59.2,59.3,45.1,57,39.4
2026-08-29,418:WA:SNTL,0,0,0,59.2,59.5,37.9,42.8,33.1
2026-08-30,418:WA:SNTL,0,0,0,59.4,59.5,43.3,54.7,33.8
2026-08-31,418:WA:SNTL,0,0,0,59.5,59.6,58.3,69.3,50.2
2026-09-01,418:WA:SNTL,0,0,0,59.5,59.7,50.4,60.1,41.7
2026-09-02,418:WA:SNTL,0,0,0,59.5,59.8,41.4,47.7,35.6
2026-09-03,418:WA:SNTL,0,0,0,59.7,60,37.2,46.4,32.9
2026-09-04,418:WA:SNTL,0,0,0,59.9,59.6,39.2,43.5,34.9
2026-09-05,418:WA:SNTL,0,0,0,60,60.3,40.1,45.1,37.2
2026-09-06,418:WA:SNTL,0,0,0,60.1,60.4,43.3,49.1,38.5
2026-09-07,418:WA:SNTL,0,0,0,60.1,60.4,40.6,44.8,38.1
2026-09-08,418:WA:SNTL,0,0,0,60.1,60.4,49.6,60.4,38.1
2026-09-09,418:WA:SNTL,0,0,0,60.1,60.4,56.1,67.1,46.2
2026-09-10,418:WA:SNTL,0,0,0,60.1,60.7,48.4,56.3,40.8
2026-09-11,418:WA:SNTL,0,0,0,60.1,60.7,44.6,54.5,35.4
2026-09-12,418:WA:SNTL,0,0,0,60.1,60.8,46.4,55.4,39.6
2026-09-13,418:WA:SNTL,0,0,0,61,60.8,36.3,39.7,32
2026-09-14,418:WA:SNTL,0,0,0,61.1,60.9,38.1,42.3,35.2
2026-09-15,418:WA:SNTL,0,0,0,61.1,60.9,39.9,43.5,36
2026-09-16,418:WA:SNTL,0,0,0,61.3,60.9,48.7,59.7,37.8
2026-09-17,418:WA:SNTL,0,0,0,61.3,60.9,55,65.8,43.3
2026-09-18,418:WA:SNTL,0,0,0,61.3,60.9,50.5,59.7,43.9
2026-09-19,418:WA:SNTL,0,0,0,61.3,61.1,56.7,66,50.7
2026-09-20,418:WA:SNTL,0,0,0,61.3,61.3,58.5,68.2,51.4
2026-09-21,418:WA:SNTL,0,0,0,61.3,61.5,54.7,66.9,41.4
2026-09-22,418:WA:SNTL,0,0,0,61.3,61.6,42.4,51.1,37
2026-09-23,418:WA:SNTL,0,0,0,61.3,61.6,42.3,51.8,36.9
2026-09-24,418:WA:SNTL,0,0,0,61.3,61.6,50.9,59.4,42.4
2026-09-25,418:WA:SNTL,0,0,0,61.3,61.6,36.5,44.4,29.5
2026-09-26,418:WA:SNTL,0,0,0,61.3,61.6,35.8,46.9,26.8
2026-09-27,418:WA:SNTL,0,0,0,61.3,61.6,41.9,53.1,34.5
2026-09-28,418:WA:SNTL,0,0,0,61.4,61.6,41.9,51.4,35.2
2026-09-29,418:WA:SNTL,0,0,0,61.7,61.7,43.5,47.7,37.2
2026-09-30,418:WA:SNTL,0,0,0,61.7,62.8,42.1,49.3,35.1
2026-10-01,418:WA:SNTL,0,0,0,0.1,0,49.5,57.2,44.2
2026-10-02,418:WA:SNTL,0.1,0,0,0,0.1,48,55.9,43.2
2026-10-03,418:WA:SNTL,0.1,0,0,0.1,0.1,55,64.9,48.6
2026-10-04,418:WA:SNTL,0.1,0,0,0.1,0.2,56.3,65.8,50.4
2026-10-05,418:WA:SNTL,0,0,0,,,51.4,59.5,42.4
2025-10-01,943:WA:SNTL,0,0,0,0.3,0,43.7,52,37.2
2025-10-02,943:WA:SNTL,0,0,0,0.4,0,45.3,52.7,40.8
2025-10-03,943:WA:SNTL,0,0,0,0.4,0.1,45,53.8,39.6
2025-10-04,943:WA:SNTL,0,0,0,0.4,0.1,45.9,53.6,42.1
2025-10-05,943:WA:SNTL,0,0,0,0.4,0.1,43.3,52.5,37
2025-10-06,943:WA:SNTL,0,0,0,0.4,0.1,52.3,65.3,43.3
2025-10-07,943:WA:SNTL,0,0,0,0.4,0.2,53.4,64.8,44.6
2025-10-08,943:WA:SNTL,0,0,0,0.4,0.4,41.7,48.4,39.4
2025-10-09,943:WA:SNTL,0,0,0,0.4,0.6,47.3,53.8,39.2
2025-10-10,943:WA:SNTL,0,0,0,0.4,0.6,45.1,49.3,40.3
2025-10-11,943:WA:SNTL,0,0,0,0.4,0.6,41,47.7,36.7
2025-10-12,943:WA:SNTL,0.6,0,0,1,0.7,36.7,41.4,33.4
2025-10-13,943:WA:SNTL,0.4,0,0,1,0.9,34,43.7,30.6
2025-10-14,943:WA:SNTL,0.4,0,0,1.1,1,36.1,42.4,32.5
2025-10-15,943:WA:SNTL,0.3,0,0,1.1,1,41.5,54,36.1
2025-10-16,943:WA:SNTL,0.1,0,0,1.1,1,44.2,51.4,41.2
2025-10-17,943:WA:SNTL,0,0,0,1.1,1.2,41.2,50.4,34.7
2025-10-18,943:WA:SNTL,0,0,0,1.3,1.5,41.5,45.9,35.1
2025-10-19,943:WA:SNTL,0,0,0,1.6,1.9,38.8,46.6,35.4
2025-10-20,943:WA:SNTL,0,0,0,1.7,2.2,39.7,47.8,34.7
2025-10-21,943:WA:SNTL,0,0,0,1.7,2.6,43.5,50.2,39
2025-10-22,943:WA:SNTL,0,0,0,1.7,2.6,48.2,55.9,40.8
2025-10-23,943:WA:SNTL,0,0,0,1.7,2.8,45.3,53.6,40.3
2025-10-24,943:WA:SNTL,0,0,0,2.4,2.8,42.1,51.8,32.7
2025-10-25,943:WA:SNTL,0.7,0,0,3.8,2.8,35.4,38.3,32.5
2025-10-26,943:WA:SNTL,0.7,0,0,4,2.8,33.4,37.2,29.7
2025-10-27,943:WA:SNTL,0.7,0,0,4,3.6,33.4,44.2,29.7
2025-10-28,943:WA:SNTL,0.2,0,0,4.4,3.6,40.5,52,32.5
2025-10-29,943:WA:SNTL,0.1,0,0,4.5,3.6,37.2,43.2,34.2
2025-10-30,943:WA:SNTL,0,0,0,4.5,3.8,43.5,51.1,34.5
2025-10-31,943:WA:SNTL,0,0,0,4.8,4.4,48.4,53.8,44.6
2025-11-01,943:WA:SNTL,0,0,0,5.6,4.6,41.4,48.4,33.4
2025-11-02,943:WA:SNTL,0,0,0,5.6,4.7,35.8,42.1,32.9
2025-11-03,943:WA:SNTL,0,0,0,5.7,4.8,36.9,40.6,32.9
2025-11-04,943:WA:SNTL,0,0,0,6.1,5.1,39.7,45.1,32.7
2025-11-05,943:WA:SNTL,0,0,0,10.1,5.2,41.9,44.6,37.9
2025-11-06,943:WA:SNTL,0,0,0,11.5,5.2,39.2,44.8,34.3
2025-11-07,943:WA:SNTL,0,0,0,11.5,5.3,34.7,39.7,32.9
2025-11-08,943:WA:SNTL,0,0,0,11.5,5.6,43.5,53.6,32.9
2025-11-09,943:WA:SNTL,0,0,0,11.5,6,54,59,46.4
2025-11-10,943:WA:SNTL,0,0,0,11.6,6,43,52,35.1
2025-11-11,943:WA:SNTL,0,0,0,11.6,6.2,38.3,44.8,31.6
2025-11-12,943:WA:SNTL,0,0,0,11.7,6.6,47.1,54.1,41.2
2025-11-13,943:WA:SNTL,0,0,0,11.8,7.2,44.6,49.1,39.9
2025-11-14,943:WA:SNTL,0,0,0,12,7.4,39.4,42.3,37.9
2025-11-15,943:WA:SNTL,0,0,0,12,7.6,43.5,47.7,41.2
2025-11-16,943:WA:SNTL,0,0,0,12,7.6,45.7,51.1,42.1
2025-11-17,943:WA:SNTL,0,0,0,12.3,7.8,36,42.4,31.3
2025-11-18,943:WA:SNTL,0,0,0,12.3,8,32.5,35.4,30
2025-11-19,943:WA:SNTL,0,0.2,0,12.3,9.6,36.1,40.5,30
2025-11-20,943:WA:SNTL,0,0.2,0,12.4,10,36.1,41,33.6
2025-11-21,943:WA:SNTL,0,0.5,0,12.4,10.4,39.2,43.9,33.6
2025-11-22,943:WA:SNTL,0,0.6,0,12.4,10.5,43.9,46.8,40.5
2025-11-23,943:WA:SNTL,0,0.6,0,12.6,11.1,36.7,42.6,29.3
2025-11-24,943:WA:SNTL,0,0.6,0,12.6,11.4,30.2,35.6,27.1
2025-11-25,943:WA:SNTL,0.1,0.6,0,12.7,11.4,35.1,40.8,30.2
2025-11-26,943:WA:SNTL,0.1,0.7,0,13,11.4,36.9,43,32.7
2025-11-27,943:WA:SNTL,0,0.7,0,13.4,12,39,44.6,35.2
2025-11-28,943:WA:SNTL,0,1.1,0,13.5,12.2,35.2,39.9,33.4
2025-11-29,943:WA:SNTL,0,1.4,0,13.5,12.4,36.5,40.6,29.5
2025-11-30,943:WA:SNTL,0.2,1.6,0,13.5,12.4,32.9,36.3,29.3
2025-12-01,943:WA:SNTL,0.1,1.6,0,13.5,12.6,37.4,41.9,34.2
2025-12-02,943:WA:SNTL,0.1,1.5,0,13.7,12.8,34.3,37.9,31.1
2025-12-03,943:WA:SNTL,0.1,1.2,0,13.7,13.8,34,36,30.6
2025-12-04,943:WA:SNTL,0,1,0,14,13.9,39,42.3,35.1
2025-12-05,943:WA:SNTL,0,1,0,14,14,41.7,46.4,39
2025-12-06,943:WA:SNTL,0,1.2,0,14,14.1,38.3,42.8,35.2
2025-12-07,943:WA:SNTL,0,1.3,0,14.2,14.3,39.2,45.7,36
2025-12-08,943:WA:SNTL,0,1.4,0,15.2,15.4,41.2,46.9,36.7
2025-12-09,943:WA:SNTL,0,1.6,0,15.5,15.6,38.8,49.8,34.9
2025-12-10,943:WA:SNTL,0,1.6,0,16,15.7,46.9,53.1,43.5
2025-12-11,943:WA:SNTL,0,1.6,0,16.4,16.6,39,44.8,36.1
2025-12-12,943:WA:SNTL,0,1.6,0,16.4,17.6,42.1,45,38.5
2025-12-13,943:WA:SNTL,0,1.6,0,16.4,18.2,46.2,54.5,37
2025-12-14,943:WA:SNTL,0,1.6,0,16.4,18.4,46.8,51.8,42.3
2025-12-15,943:WA:SNTL,0,2,0,17.8,19.6,43.3,48.9,34.9
2025-12-16,943:WA:SNTL,0,2.4,0,19.5,19.7,39.2,42.1,34.5
2025-12-17,943:WA:SNTL,0,2.2,0,19.9,19.7,31.5,39.6,28.9
2025-12-18,943:WA:SNTL,0,2.4,0,20.2,20.3,35.8,42.6,29.3
2025-12-19,943:WA:SNTL,0.1,2.6,0,20.2,20.8,28.4,31.6,26.2
2025-12-20,943:WA:SNTL,0.3,2.6,0,20.3,21.1,31.1,35.2,28.2
2025-12-21,943:WA:SNTL,0.4,2.8,0,20.3,21.2,32.9,37.8,28.9
2025-12-22,943:WA:SNTL,1.3,2.8,9,21.1,21.2,30.4,34.7,25.3
2025-12-23,943:WA:SNTL,1.3,2.8,8,21.2,21.4,28,32.5,23.4
2025-12-24,943:WA:SNTL,2.1,2.9,11,22.4,21.4,31.8,36.3,27.9
2025-12-25,943:WA:SNTL,2.2,2.9,10,22.6,21.4,32,35.1,27.7
2025-12-26,943:WA:SNTL,2.3,3,12,22.7,21.4,30,34.2,24.8
2025-12-27,943:WA:SNTL,2.3,3.2,10,22.7,21.4,24.1,26.8,21.4
2025-12-28,943:WA:SNTL,2.3,3.4,11,22.7,21.4,31.3,36,24.1
2025-12-29,943:WA:SNTL,2.2,3.5,10,22.7,21.8,35.8,37.8,33.8
2025-12-30,943:WA:SNTL,2.2,3.4,10,22.7,21.8,39.4,44.2,36.7
2025-12-31,943:WA:SNTL,2.1,3.5,10,22.7,21.9,,,
2026-01-01,943:WA:SNTL,2.2,3.4,8,22.8,22.4,40.1,44.2,35.4
2026-01-02,943:WA:SNTL,2.1,3.4,6,22.8,22.6,39.2,45.1,35.4
2026-01-03,943:WA:SNTL,2.1,3.4,7,23.5,22.8,38.5,42.1,34.9
2026-01-04,943:WA:SNTL,2.3,3.4,6,23.6,22.9,34,36.5,30.9
2026-01-05,943:WA:SNTL,2.1,3.5,6,23.6,23.5,28.9,31.5,26.2
2026-01-06,943:WA:SNTL,2.5,3.4,8,23.8,23.6,32.2,36,27.5
2026-01-07,943:WA:SNTL,2.6,3.4,10,23.9,23.8,27.9,31.5,25.5
2026-01-08,943:WA:SNTL,2.4,3.6,10,23.9,24.2,30,35.4,25
2026-01-09,943:WA:SNTL,2.5,3.6,10,23.9,25.8,36.3,43.2,31.1
2026-01-10,943:WA:SNTL,2.5,3.6,8,24,25.9,42.1,46.6,39
2026-01-11,943:WA:SNTL,2.3,3.8,6,24.6,25.9,42.1,47.1,37.8
2026-01-12,943:WA:SNTL,1.7,3.8,3,24.9,26,45.9,48.4,41.9
2026-01-13,943:WA:SNTL,1.6,3.6,4,24.9,26,46.8,50.2,44.6
2026-01-14,943:WA:SNTL,1.6,4,3,24.9,26,46.4,52.3,40.5
2026-01-15,943:WA:SNTL,1.5,4.2,4,25,26,41.7,48.2,32.2
2026-01-16,943:WA:SNTL,1.5,4.6,4,25,26,45.7,50.9,41.4
2026-01-17,943:WA:SNTL,1.6,4.6,4,25,26.4,48,54.1,45.1
2026-01-18,943:WA:SNTL,1.6,4.8,4,25,26.6,48.9,55.2,45.5
2026-01-19,943:WA:SNTL,1.6,4.8,4,25,26.7,47.1,53.1,44.2
2026-01-20,943:WA:SNTL,1.7,5.2,4,25,26.7,45.1,50.4,41.5
2026-01-21,943:WA:SNTL,2,5.2,4,25,27,41.2,48.2,38.1
2026-01-22,943:WA:SNTL,2.2,6,4,25,27.4,37.6,42.8,30
2026-01-23,943:WA:SNTL,2.2,5.8,4,25,28.2,32.9,39.6,30.9
2026-01-24,943:WA:SNTL,2.2,5.8,4,25,28.3,35.1,42.6,32.4
2026-01-25,943:WA:SNTL,2,6,4,25,28.4,36.3,45.5,32.9
2026-01-26,943:WA:SNTL,2.2,6.2,4,25,28.4,39,44.4,35.4
2026-01-27,943:WA:SNTL,2.1,6.4,4,25,28.4,42.3,47.8,36.3
2026-01-28,943:WA:SNTL,2.1,6.4,3,25.1,28.6,39.6,44.6,36.3
2026-01-29,943:WA:SNTL,1.7,6.6,2,25.4,28.6,41.7,46.6,37.9
2026-01-30,943:WA:SNTL,1.4,6.6,2,25.8,28.6,43.2,48.2,39.6
2026-01-31,943:WA:SNTL,0.9,6.6,1,25.8,28.7,45.7,49.1,40.1
2026-02-01,943:WA:SNTL,0.7,6.6,0,26.1,29.2,39.4,48,35.1
2026-02-02,943:WA:SNTL,0.5,6.6,0,26.1,29.2,40.3,44.6,35.4
2026-02-03,943:WA:SNTL,0.1,6.5,0,26.1,29.2,47.5,54.9,40.5
2026-02-04,943:WA:SNTL,0,6.4,0,26.1,29.2,52.5,61.2,47.3
2026-02-05,943:WA:SNTL,0,6.4,0,26.1,29.3,54,64.6,46.8
2026-02-06,943:WA:SNTL,0,6.4,0,26.2,29.6,48.9,58.5,43.3
2026-02-07,943:WA:SNTL,0,6.2,0,26.4,29.7,41.7,47.8,32.9
2026-02-08,943:WA:SNTL,0,6.4,0,26.4,29.7,34.5,39.2,31.3
2026-02-09,943:WA:SNTL,0,6.2,0,26.4,30,34.5,41.7,30.9
2026-02-10,943:WA:SNTL,0,6.2,0,26.4,30.1,34.3,41.7,31.3
2026-02-11,943:WA:SNTL,0,6,0,26.4,30.4,34.5,45.1,30.2
2026-02-12,943:WA:SNTL,0.4,6.2,0,26.4,30.4,37.6,46.4,34.5
2026-02-13,943:WA:SNTL,0.6,6.3,0,26.6,30.4,34.3,38.3,28.4
2026-02-14,943:WA:SNTL,0.6,6.4,0,26.6,30.5,28.9,36.5,24.1
2026-02-15,943:WA:SNTL,0.6,6.4,0,26.6,30.5,27.1,37.2,21.4
2026-02-16,943:WA:SNTL,0.6,7,0,26.6,31,28,36.1,22.1
2026-02-17,943:WA:SNTL,0.9,7,3,26.9,31,26.8,34,21
2026-02-18,943:WA:SNTL,1.2,7.5,4,27.2,31,25.3,32.9,20.5
2026-02-19,943:WA:SNTL,1.1,7.6,5,27.2,31.2,22.5,25.7,17.6
2026-02-20,943:WA:SNTL,1.2,7.6,4,27.2,31.2,25.3,34.2,17.8
2026-02-21,943:WA:SNTL,2,7.8,13,27.8,31.2,32,34.5,28.6
2026-02-22,943:WA:SNTL,3.6,7.9,23,29.5,31.3,34.5,36.1,34
2026-02-23,943:WA:SNTL,3.8,7.8,21,29.7,31.3,32.2,37.6,28.4
2026-02-24,943:WA:SNTL,3.8,7.8,20,29.7,31.4,29.1,38.8,24.4
2026-02-25,943:WA:SNTL,3.8,7.8,19,29.7,31.8,29.5,42.8,23.9
2026-02-26,943:WA:SNTL,3.8,7.7,17,29.7,32,34,44.8,28.8
2026-02-27,943:WA:SNTL,3.8,7.4,16,29.7,32.2,33.3,42.1,29.1
2026-02-28,943:WA:SNTL,3.9,7.8,16,29.7,32.2,33.8,46.9,27.1
2026-03-01,943:WA:SNTL,3.9,7.8,15,29.7,32.2,38.5,53.1,33.1
2026-03-02,943:WA:SNTL,3.9,8,14,29.7,32.2,41,55,36.1
2026-03-03,943:WA:SNTL,3.8,7.8,12,29.7,32.2,41.5,49.5,36
2026-03-04,943:WA:SNTL,4,7.8,12,29.9,32.2,36.1,39.2,32.9
2026-03-05,943:WA:SNTL,3.9,8.2,11,29.9,32.4,34.3,41.2,30.2
2026-03-06,943:WA:SNTL,4,8,9,30,32.4,39.7,46.8,34.5
2026-03-07,943:WA:SNTL,3.7,7.8,8,30,32.6,44.6,55.9,38.8
2026-03-08,943:WA:SNTL,3.7,7.8,8,30,32.6,35.8,44.1,27
2026-03-09,943:WA:SNTL,3.8,7.8,6,30,32.6,26.4,34.5,21.2
2026-03-10,943:WA:SNTL,3.9,8,6,30.1,32.6,27.3,37.9,19.8
2026-03-11,943:WA:SNTL,3.8,8.4,7,30.7,32.6,34.7,42.1,27.7
2026-03-12,943:WA:SNTL,4.1,9,10,31,32.6,30.9,37.4,28
2026-03-13,943:WA:SNTL,4.5,9,12,31.3,33.4,29.8,32.9,27.7
2026-03-14,943:WA:SNTL,4.5,9,11,31.3,33.8,25.7,36.7,19.9
2026-03-15,943:WA:SNTL,4.6,8.8,12,31.4,33.8,32.4,39.6,23.7
2026-03-16,943:WA:SNTL,4.1,8.8,8,31.4,33.8,44.8,55.8,37.2
2026-03-17,943:WA:SNTL,3.4,8.8,6,31.5,33.8,46.8,53.6,42.6
2026-03-18,943:WA:SNTL,2.5,8.6,4,31.5,33.8,48.9,57.2,43.9
2026-03-19,943:WA:SNTL,1.7,8.7,1,31.6,33.8,46.6,50.5,42.6
2026-03-20,943:WA:SNTL,0.9,8.8,0,31.7,34,43.2,51.4,34.2
2026-03-21,943:WA:SNTL,0.9,8.7,0,31.7,34,31.6,35.2,28.6
2026-03-22,943:WA:SNTL,1,8.7,0,31.8,34,30.7,34.3,28
2026-03-23,943:WA:SNTL,0.9,8.6,0,31.8,34,35.2,44.4,27
2026-03-24,943:WA:SNTL,0.5,8.6,0,32.7,34.4,39.6,45.7,32.9
2026-03-25,943:WA:SNTL,0.4,8.7,0,32.7,35,32.5,39.6,26.4
2026-03-26,943:WA:SNTL,0.5,8.6,0,32.7,35.1,30.7,39.7,24.1
2026-03-27,943:WA:SNTL,0.5,8.6,0,32.7,35.2,37.8,48.4,32.2
2026-03-28,943:WA:SNTL,0.3,8.4,0,32.7,35.4,36.1,40.8,32
2026-03-29,943:WA:SNTL,0.6,7.9,0,33,35.7,29.5,33.6,21.2
2026-03-30,943:WA:SNTL,0.7,7.4,0,33.1,35.8,27.1,37.4,20.5
2026-03-31,943:WA:SNTL,0.4,6.8,0,33.1,36,35.1,44.2,27
2026-04-01,943:WA:SNTL,0.3,6.3,0,33.2,36,34.7,38.8,32.5
2026-04-02,943:WA:SNTL,0.3,6.6,0,33.2,36,34.9,41.9,31.5
2026-04-03,943:WA:SNTL,0.2,6.6,0,33.2,36.2,37.2,42.1,32.9
2026-04-04,943:WA:SNTL,0.1,7.2,0,33.2,36.2,41.9,52.3,34.2
2026-04-05,943:WA:SNTL,0,7.2,0,33.2,36.2,50.2,61.5,43.7
2026-04-06,943:WA:SNTL,0,7.1,0,33.2,36.2,49.3,61.5,41.2
2026-04-07,943:WA:SNTL,0,6.8,0,33.2,36.9,37,45.5,31.3
2026-04-08,943:WA:SNTL,0,6.4,0,33.2,37,38.8,52.2,32
2026-04-09,943:WA:SNTL,0,6.2,0,33.2,37,44.8,58.3,35.4
2026-04-10,943:WA:SNTL,0,5.8,0,33.2,37,48.2,56.1,42.6
2026-04-11,943:WA:SNTL,0,5.6,0,33.6,37.1,41.5,45.9,37.4
2026-04-12,943:WA:SNTL,0,5.8,0,33.6,37.2,40.6,43.7,37.9
2026-04-13,943:WA:SNTL,0,5.8,0,33.6,37.2,37.4,43.5,33.8
2026-04-14,943:WA:SNTL,0,5.8,0,33.8,37.2,35.1,39,32.2
2026-04-15,943:WA:SNTL,0,5.7,0,33.9,37.2,30.4,35.1,24.6
2026-04-16,943:WA:SNTL,0,5.1,0,33.9,37.4,32,39.9,26.2
2026-04-17,943:WA:SNTL,0,4.2,0,33.9,37.6,34.2,41,28
2026-04-18,943:WA:SNTL,0,4.2,0,33.9,37.8,44.6,56.8,34.5
2026-04-19,943:WA:SNTL,0,3.9,0,33.9,37.8,51.4,64.8,43.5
2026-04-20,943:WA:SNTL,0,3.5,0,33.9,37.9,52.3,66.6,44.2
2026-04-21,943:WA:SNTL,0,3.5,0,34,38,45.7,50,42.1
2026-04-22,943:WA:SNTL,0,3.1,0,34.1,38.2,43.2,52.2,37.8
2026-04-23,943:WA:SNTL,0,2.5,0,34.1,38.2,40.1,47.7,36.3
2026-04-24,943:WA:SNTL,0,2.1,0,34.1,38.2,40.8,51.3,34.9
2026-04-25,943:WA:SNTL,0,1,0,34.1,38.6,41,52,35.4
2026-04-26,943:WA:SNTL,0,0.3,0,34.1,38.6,43.7,56.7,35.8
2026-04-27,943:WA:SNTL,0,0.1,0,34.1,38.6,44.2,54.5,39.2
2026-04-28,943:WA:SNTL,0,0.1,0,34.3,38.6,39.6,43.7,35.4
2026-04-29,943:WA:SNTL,0,0,0,34.3,38.7,43.7,57.4,35.4
2026-04-30,943:WA:SNTL,0,0,0,34.3,38.8,51.3,63.1,44.2
2026-05-01,943:WA:SNTL,0,0,0,34.3,39,51.8,63.7,46
2026-05-02,943:WA:SNTL,0,0,0,34.3,39.1,54.3,68.2,45.7
2026-05-03,943:WA:SNTL,0,0,0,34.3,39.4,57.2,72.3,48.6
2026-05-04,943:WA:SNTL,0,0,0,34.3,39.6,57.9,71.2,49.8
2026-05-05,943:WA:SNTL,0,0,0,34.3,39.6,57.7,70.2,50.9
2026-05-06,943:WA:SNTL,0,0,0,34.3,39.6,50.2,59.4,37.6
2026-05-07,943:WA:SNTL,0,0,0,34.3,39.6,43.9,56.5,36.7
2026-05-08,943:WA:SNTL,0,0,0,34.3,39.6,43.3,52,39.6
2026-05-09,943:WA:SNTL,0,0,0,34.3,39.6,47.1,57.4,37.6
2026-05-10,943:WA:SNTL,0,0,0,34.3,39.6,45.1,49.8,39.7
2026-05-11,943:WA:SNTL,0,0,0,34.3,39.6,47.5,61.5,37.6
2026-05-12,943:WA:SNTL,0,0,0,34.3,39.6,57.7,70.7,50
2026-05-13,943:WA:SNTL,0,0,0,34.4,39.6,45.5,53.4,39.7
2026-05-14,943:WA:SNTL,0,0,0,34.4,39.6,40.1,45.5,33.8
2026-05-15,943:WA:SNTL,0,0,0,34.4,39.6,37.4,44.2,33.4
2026-05-16,943:WA:SNTL,0,0,0,34.5,39.6,35.8,45.5,31.1
2026-05-17,943:WA:SNTL,0,0,0,34.5,39.6,41.7,54.1,30.9
2026-05-18,943:WA:SNTL,0,0,0,34.5,39.6,45.1,57.4,39
2026-05-19,943:WA:SNTL,0,0,0,34.5,39.6,44.1,48,39.7
2026-05-20,943:WA:SNTL,0,0,0,34.5,39.8,46.8,59.4,37.4
2026-05-21,943:WA:SNTL,0,0,0,34.5,39.8,51.4,66,40.5
2026-05-22,943:WA:SNTL,0,0,0,34.5,40,51.4,60.3,45.1
2026-05-23,943:WA:SNTL,0,0,0,34.5,40,52,64.9,43.9
2026-05-24,943:WA:SNTL,0,0,0,34.5,40.2,51.3,63,41.2
2026-05-25,943:WA:SNTL,0,0,0,34.7,40.2,46,52.9,39.2
2026-05-26,943:WA:SNTL,0,0,0,35,40.3,42.1,47.1,38.8
2026-05-27,943:WA:SNTL,0,0,0,35,40.3,53.4,65.5,44.4
2026-05-28,943:WA:SNTL,0,0,0,35,40.4,58.5,71.2,50.2
2026-05-29,943:WA:SNTL,0,0,0,35.1,40.6,43.9,54.1,34.2
2026-05-30,943:WA:SNTL,0,0,0,35.1,40.6,40.1,51.1,32.7
2026-05-31,943:WA:SNTL,0,0,0,35.1,40.6,45,59.2,34.7
2026-06-01,943:WA:SNTL,0,0,0,35.1,40.7,51.8,64,41
2026-06-02,943:WA:SNTL,0,0,0,35.1,40.8,56.8,69.6,47.3
2026-06-03,943:WA:SNTL,0,0,0,35.2,40.8,52,58.6,43.2
2026-06-04,943:WA:SNTL,0,0,0,35.2,41,42.3,49.8,38.8
2026-06-05,943:WA:SNTL,0,0,0,35.2,41.1,41.4,50.9,36.1
2026-06-06,943:WA:SNTL,0,0,0,35.5,41.2,37.2,42.1,33.8
2026-06-07,943:WA:SNTL,0,0,0,35.5,41.4,40.1,45.1,34.3
2026-06-08,943:WA:SNTL,0,0,0,36,41.6,43,45.9,39.7
2026-06-09,943:WA:SNTL,0,0,0,36.1,41.6,44.2,52.2,37.6
2026-06-10,943:WA:SNTL,0,0,0,36.1,41.6,41.2,48,35.4
2026-06-11,943:WA:SNTL,0,0,0,36.1,41.6,46,60.1,37
2026-06-12,943:WA:SNTL,0,0,0,36.1,41.8,50.2,62.4,40.5
2026-06-13,943:WA:SNTL,0,0,0,36.1,41.8,56.3,72.1,45.5
2026-06-14,943:WA:SNTL,0,0,0,36.1,41.8,62.4,76.8,51.6
2026-06-15,943:WA:SNTL,0,0,0,36.1,41.8,65.7,79.9,57.6
2026-06-16,943:WA:SNTL,0,0,0,36.1,41.8,56.5,66.7,48.4
2026-06-17,943:WA:SNTL,0,0,0,36.1,41.9,52.3,64.4,44.4
2026-06-18,943:WA:SNTL,0,0,0,36.1,42.1,55.4,69.8,45.3
2026-06-19,943:WA:SNTL,0,0,0,36.1,42.2,60.1,73.4,51.1
2026-06-20,943:WA:SNTL,0,0,0,36.1,42.3,53.1,65.1,46
2026-06-21,943:WA:SNTL,0,0,0,36.1,42.4,55.9,69.1,45.9
2026-06-22,943:WA:SNTL,0,0,0,36.1,42.5,59.4,72.7,50.4
2026-06-23,943:WA:SNTL,0,0,0,36.1,42.8,62.6,76.6,54.1
2026-06-24,943:WA:SNTL,0,0,0,36.4,42.8,57.7,68.4,51.3
2026-06-25,943:WA:SNTL,0,0,0,36.4,43,50.5,57,45.1
2026-06-26,943:WA:SNTL,0,0,0,36.5,43,48.4,54.9,42.3
2026-06-27,943:WA:SNTL,0,0,0,36.7,43,44.8,51.1,41.2
2026-06-28,943:WA:SNTL,0,0,0,36.7,43,47.3,57.2,42.4
2026-06-29,943:WA:SNTL,0,0,0,36.7,43,48,57.7,43.9
2026-06-30,943:WA:SNTL,0,0,0,36.7,43.1,46.2,55.2,42.4
2026-07-01,943:WA:SNTL,0,0,0,36.7,43.2,46.9,54,43
2026-07-02,943:WA:SNTL,0,0,0,36.7,43.4,49.8,59,42.6
2026-07-03,943:WA:SNTL,0,0,0,36.7,43.4,50.4,59.9,45.3
2026-07-04,943:WA:SNTL,0,0,0,36.7,43.4,51.4,63.1,44.8
2026-07-05,943:WA:SNTL,0,0,0,36.7,43.4,52.5,66.6,43.7
2026-07-06,943:WA:SNTL,0,0,0,36.7,43.4,58.6,74.1,48.4
2026-07-07,943:WA:SNTL,0,0,0,36.7,43.4,57.7,70.2,51.8
2026-07-08,943:WA:SNTL,0,0,0,36.7,43.4,55,65.3,49.5
2026-07-09,943:WA:SNTL,0,0,0,36.7,44.4,54.9,66,46.8
2026-07-10,943:WA:SNTL,0,0,0,36.7,43.4,53.2,61.2,48.9
2026-07-11,943:WA:SNTL,0,0,0,36.7,43.5,50.9,56.7,44.8
2026-07-12,943:WA:SNTL,0,0,0,36.7,43.5,47.1,54.7,41.5
2026-07-13,943:WA:SNTL,0,0,0,36.7,43.5,54,68.9,43.9
2026-07-14,943:WA:SNTL,0,0,0,36.7,43.5,58.6,72,49.5
2026-07-15,943:WA:SNTL,0,0,0,36.7,43.5,62.1,74.5,53.4
2026-07-16,943:WA:SNTL,0,0,0,37,43.5,55.2,60.3,49.6
2026-07-17,943:WA:SNTL,0,0,0,37,43.5,50.2,54.9,48.6
2026-07-18,943:WA:SNTL,0,0,0,37,43.5,51.4,62.8,46.6
2026-07-19,943:WA:SNTL,0,0,0,37,43.5,53.6,66.2,45.7
2026-07-20,943:WA:SNTL,0,0,0,37,43.5,63.3,78.3,49.8
2026-07-21,943:WA:SNTL,0,0,0,37,43.5,69.1,82.2,61.5
2026-07-22,943:WA:SNTL,0,0,0,37,43.5,69.8,86.2,61
2026-07-23,943:WA:SNTL,0,0,0,37,43.5,63.5,74.7,57.2
2026-07-24,943:WA:SNTL,0,0,0,37,43.5,61.9,72.7,55.9
2026-07-25,943:WA:SNTL,0,0,0,37,43.5,54.7,62.4,48.9
2026-07-26,943:WA:SNTL,0,0,0,37,43.6,51.8,54.3,48.4
2026-07-27,943:WA:SNTL,0,0,0,37,43.6,54.7,61.7,48.9
2026-07-28,943:WA:SNTL,0,0,0,37,43.6,53.2,61.9,44.6
2026-07-29,943:WA:SNTL,0,0,0,37,43.6,50.2,62.1,40.6
2026-07-30,943:WA:SNTL,0,0,0,37,43.6,53.8,66.9,45.9
2026-07-31,943:WA:SNTL,0,0,0,37,43.6,59.4,73,51.1
2026-08-01,943:WA:SNTL,0,0,0,37,43.6,53.1,65.8,43.9
2026-08-02,943:WA:SNTL,0,0,0,37,43.6,47.5,54.9,42.6
2026-08-03,943:WA:SNTL,0,0,0,37,43.6,52.5,67.1,42.6
2026-08-04,943:WA:SNTL,0,0,0,37,43.6,59,73.8,48.6
2026-08-05,943:WA:SNTL,0,0,0,37,43.6,63.9,78.8,55.2
2026-08-06,943:WA:SNTL,0,0,0,37,43.8,64.8,79.7,56.3
2026-08-07,943:WA:SNTL,0,0,0,37,43.8,64.6,77.4,56.8
2026-08-08,943:WA:SNTL,0,0,0,37,43.8,61.7,72.9,54
2026-08-09,943:WA:SNTL,0,0,0,37,43.8,56.8,68.9,50.5
2026-08-10,943:WA:SNTL,0,0,0,37,43.8,56.7,69.4,48.9
2026-08-11,943:WA:SNTL,0,0,0,37,43.8,57.2,70,50
2026-08-12,943:WA:SNTL,0,0,0,37,43.8,58.5,69.8,53.4
2026-08-13,943:WA:SNTL,0,0,0,37,43.8,60.8,73.8,52.7
2026-08-14,943:WA:SNTL,0,0,0,37,43.8,59.5,71.2,54.9
2026-08-15,943:WA:SNTL,0,0,0,37,43.8,59.2,69.1,53.8
2026-08-16,943:WA:SNTL,0,0,0,37,43.9,56.8,67.6,51.4
2026-08-17,943:WA:SNTL,0,0,0,37,43.9,58.8,72.9,50.2
2026-08-18,943:WA:SNTL,0,0,0,37,43.9,60.6,73.8,54.7
2026-08-19,943:WA:SNTL,0,0,0,37,43.9,62.2,76.6,54.9
2026-08-20,943:WA:SNTL,0,0,0,37,43.9,63.7,77.4,56.1
2026-08-21,943:WA:SNTL,0,0,0,37,44.1,67.1,78.4,59.9
2026-08-22,943:WA:SNTL,0,0,0,37,44.2,59.2,70.7,51.6
2026-08-23,943:WA:SNTL,0,0,0,37,44.2,51.8,56.8,47.8
2026-08-24,943:WA:SNTL,0,0,0,37,44.4,59,73.2,48
2026-08-25,943:WA:SNTL,0,0,0,37,44.4,66.7,76.8,60.6
2026-08-26,943:WA:SNTL,0,0,0,37,44.4,58.6,66.9,53.2
2026-08-27,943:WA:SNTL,0,0,0,37,44.4,54,63.1,48
2026-08-28,943:WA:SNTL,0,0,0,37.1,44.4,48.6,61,44.6
2026-08-29,943:WA:SNTL,0,0,0,37.1,44.4,46.8,54.7,41.7
2026-08-30,943:WA:SNTL,0,0,0,37.1,44.4,48.2,55.6,41.5
2026-08-31,943:WA:SNTL,0,0,0,37.1,44.4,53.1,64.2,45.3
2026-09-01,943:WA:SNTL,0,0,0,37.1,44.6,52.7,59.9,46.4
2026-09-02,943:WA:SNTL,0,0,0,37.1,44.6,,50.2,41
2026-09-03,943:WA:SNTL,0,0,0,37.2,44.6,44.8,51.4,41.2
2026-09-04,943:WA:SNTL,0,0,0,37.2,44.6,46,52.2,41.2
2026-09-05,943:WA:SNTL,0,0,0,37.2,44.7,46.8,55.4,42.6
2026-09-06,943:WA:SNTL,0,0,0,37.2,44.8,49.5,61.7,42.6
2026-09-07,943:WA:SNTL,0,0,0,37.2,44.8,48.7,57.7,44.6
2026-09-08,943:WA:SNTL,0,0,0,37.2,44.8,51.1,65.7,43.9
2026-09-09,943:WA:SNTL,0,0,0,37.2,44.8,58.1,72.7,49.5
2026-09-10,943:WA:SNTL,0,0,0,37.2,44.8,52.5,59.9,45.3
2026-09-11,943:WA:SNTL,0,0,0,37.2,44.8,46.4,54.5,41.9
2026-09-12,943:WA:SNTL,0,0,0,37.2,44.8,50,59.2,45.7
2026-09-13,943:WA:SNTL,0,0,0,37.4,45,47.7,54.5,40.6
2026-09-14,943:WA:SNTL,0,0,0,37.4,45,45,51.6,41.2
2026-09-15,943:WA:SNTL,0,0,0,37.4,45.1,46.8,51.8,44.4
2026-09-16,943:WA:SNTL,0,0,0,37.4,45.5,50.9,64.8,44.6
2026-09-17,943:WA:SNTL,0,0,0,37.4,45.6,55.4,69.1,49.3
2026-09-18,943:WA:SNTL,0,0,0,37.4,45.6,54.5,67.8,49.1
2026-09-19,943:WA:SNTL,0,0,0,37.4,45.6,55.2,68,50.2
2026-09-20,943:WA:SNTL,0,0,0,37.4,45.7,56.7,68.7,51.3
2026-09-21,943:WA:SNTL,0,0,0,37.4,45.7,54.1,64.8,47.3
2026-09-22,943:WA:SNTL,0,0,0,37.4,46,47.5,52.2,44.1
2026-09-23,943:WA:SNTL,0,0,0,37.4,46.1,45.1,50,38.3
2026-09-24,943:WA:SNTL,0,0,0,37.7,46.1,44.8,50.4,38.8
2026-09-25,943:WA:SNTL,0,0,0,38.6,46.1,42.6,47.1,35.1
2026-09-26,943:WA:SNTL,0,0,0,38.7,46.1,38.8,48.9,33.6
2026-09-27,943:WA:SNTL,0,0,0,38.7,46.1,42.8,54.5,36.7
2026-09-28,943:WA:SNTL,0,0,0,38.7,46.4,47.7,56.7,40.1
2026-09-29,943:WA:SNTL,0,0,0,38.8,46.6,48.7,52,41.5
2026-09-30,943:WA:SNTL,0,0,0,38.8,46.6,43,52.2,37.4
2026-10-01,943:WA:SNTL,0,0,0,0,0,50.7,59.9,43.7
2026-10-02,943:WA:SNTL,0,0,5,0,0,50.9,57.7,47.1
2026-10-03,943:WA:SNTL,0,0,5,0,0.1,52.2,62.2,45.9
2026-10-04,943:WA:SNTL,0,0,5,0,0.1,55,66,49.3
2026-10-05,943:WA:SNTL,0,0,5,0,0.1,53.6,62.2,47.7
2025-10-01,1107:WA:SNTL,0,0,0,1.4,0,40.6,43.9,37.9
2025-10-02,1107:WA:SNTL,0,0,0,2.2,0.2,41.7,44.6,39.4
2025-10-03,1107:WA:SNTL,0,0,0,2.2,0.4,43.9,50.4,38.7
2025-10-04,1107:WA:SNTL,0,0,0,2.2,0.7,44.1,51.3,38.7
2025-10-05,1107:WA:SNTL,0,0,0,2.2,0.7,42.8,51.4,34.3
2025-10-06,1107:WA:SNTL,0,0,0,2.2,0.8,52.7,62.6,43.3
2025-10-07,1107:WA:SNTL,0,0,0,2.2,1.4,53.2,61.3,43
2025-10-08,1107:WA:SNTL,0,0,0,2.2,1.6,41,47.3,35.6
2025-10-09,1107:WA:SNTL,0,0,0,2.3,2.1,44.1,50.2,38.5
2025-10-10,1107:WA:SNTL,0,0,0,2.3,2.4,41.4,47.8,35.2
2025-10-11,1107:WA:SNTL,0,0,0,2.3,2.4,37,42.3,33.1
2025-10-12,1107:WA:SNTL,0,0,0,2.4,2.4,33.1,37.4,30.4
2025-10-13,1107:WA:SNTL,0,0,0,2.4,2.6,32.9,41.4,27.7
2025-10-14,1107:WA:SNTL,0,0,0,2.4,4,38.3,48.7,30.2
2025-10-15,1107:WA:SNTL,0,0,0,2.6,4.6,44.6,54,37.4
2025-10-16,1107:WA:SNTL,0,0,0,2.6,5,47.1,54,42.4
2025-10-17,1107:WA:SNTL,0,0,0,2.6,6.4,39,44.8,34.3
2025-10-18,1107:WA:SNTL,0,0,0,3.6,8,38.5,45,34.2
2025-10-19,1107:WA:SNTL,0,0,0,4.4,8.3,35.4,39.4,33.6
2025-10-20,1107:WA:SNTL,0,0,0,4.5,8.8,36.5,40.8,32.7
2025-10-21,1107:WA:SNTL,0,0.1,0,4.5,9.8,44.8,50.9,36.7
2025-10-22,1107:WA:SNTL,0,0,0,4.9,10.6,43.2,53.8,37
2025-10-23,1107:WA:SNTL,0,0,0,5,10.7,39.9,43,37.4
2025-10-24,1107:WA:SNTL,0.2,0,0,7.7,10.8,37.9,43,31.8
2025-10-25,1107:WA:SNTL,2.2,0,14,9.2,11.6,33.1,34.9,30.9
2025-10-26,1107:WA:SNTL,2.6,0,15,10.2,11.8,31.3,38.8,26.8
2025-10-27,1107:WA:SNTL,2.6,0,15,10.2,12.2,32.2,45.1,27.3
2025-10-28,1107:WA:SNTL,2.6,0,10,11.8,12.4,36.7,42.8,31.3
2025-10-29,1107:WA:SNTL,2.4,0,9,11.8,12.8,35.1,40.6,32.2
2025-10-30,1107:WA:SNTL,2.3,0,8,11.9,13.3,44.4,53.6,32
2025-10-31,1107:WA:SNTL,1.6,0,4,13.8,14.2,43.5,46.6,41.2
2025-11-01,1107:WA:SNTL,0.7,0,2,16.4,15,39,47.3,31.3
2025-11-02,1107:WA:SNTL,0.9,0.4,3,16.6,15.2,32.7,39.6,29.8
2025-11-03,1107:WA:SNTL,0.8,0.4,1,16.6,15.2,33.6,37.6,30.4
2025-11-04,1107:WA:SNTL,0.9,0.4,1,17.1,15.8,37.6,42.6,30.6
2025-11-05,1107:WA:SNTL,1.2,0.8,1,22.8,16,38.8,44.4,34.7
2025-11-06,1107:WA:SNTL,1.5,0.4,4,26,17.4,36.5,42.1,31.5
2025-11-07,1107:WA:SNTL,1.7,0,4,26.3,18.6,32.4,39,30.2
2025-11-08,1107:WA:SNTL,1.6,0.2,4,26.5,18.7,42.3,53.2,30.4
2025-11-09,1107:WA:SNTL,0.9,0.1,1,26.5,19.2,50.2,54.3,45.5
2025-11-10,1107:WA:SNTL,0.6,0.5,1,26.6,19.2,40.6,45.5,34.9
2025-11-11,1107:WA:SNTL,0.3,1.1,1,26.7,19.8,40.1,47.1,32
2025-11-12,1107:WA:SNTL,0,1.3,0,27.6,22.8,43.2,45.3,41.5
2025-11-13,1107:WA:SNTL,0,1,0,29.1,25.4,42.8,44.6,39.2
2025-11-14,1107:WA:SNTL,0,1.3,0,30.2,26.2,37.2,40.5,33.1
2025-11-15,1107:WA:SNTL,0,1.8,0,30.2,26.2,42.6,46.6,40.5
2025-11-16,1107:WA:SNTL,0,2.4,0,30.5,26.6,43,45,39.4
2025-11-17,1107:WA:SNTL,0,3,0,30.6,27.5,33.3,39.9,28.6
2025-11-18,1107:WA:SNTL,0,3.2,0,30.6,28.6,30.9,35.6,28.2
2025-11-19,1107:WA:SNTL,0,3.2,0,30.6,31,34.5,40.3,27.3
2025-11-20,1107:WA:SNTL,0,3.8,0,30.7,31.9,33.8,38.3,31.8
2025-11-21,1107:WA:SNTL,0,4.4,0,30.8,32.1,37.6,41.7,32.5
2025-11-22,1107:WA:SNTL,0,5.3,0,31.3,32.1,39,40.1,37.8
2025-11-23,1107:WA:SNTL,0,6.1,0,32.3,32.4,34,39.4,25.5
2025-11-24,1107:WA:SNTL,0,6.8,0,32.8,32.4,28,34,24.6
2025-11-25,1107:WA:SNTL,0.9,7.1,6,34.2,32.4,32,36.5,27.5
2025-11-26,1107:WA:SNTL,1,8,6,34.6,33,36,41.2,31.5
2025-11-27,1107:WA:SNTL,0.8,8,4,35,34.4,36.3,39.2,32.9
2025-11-28,1107:WA:SNTL,0.7,8,4,35,34.6,35.4,42.8,30
2025-11-29,1107:WA:SNTL,0.5,8.6,4,35,34.7,35.8,43,28.9
2025-11-30,1107:WA:SNTL,0.5,9.7,4,35,34.9,33.4,40.8,28
2025-12-01,1107:WA:SNTL,0.7,10,3,35,35.2,37.9,43.9,34.7
2025-12-02,1107:WA:SNTL,0.6,9.9,2,35,35.8,33.4,37.4,30.4
2025-12-03,1107:WA:SNTL,0.7,9.6,3,35.2,37.9,34.3,37.8,31.3
2025-12-04,1107:WA:SNTL,0.7,10,3,35.5,38.4,37.6,39.2,36.5
2025-12-05,1107:WA:SNTL,0.6,11.6,1,36,39.6,38.1,42.1,34.2
2025-12-06,1107:WA:SNTL,1.1,13,6,36.5,41.4,33.6,34.7,32.7
2025-12-07,1107:WA:SNTL,1.4,13.3,5,37.5,42.3,35.4,40.3,33.6
2025-12-08,1107:WA:SNTL,1,13.1,3,41.7,44.2,38.5,42.8,33.8
2025-12-09,1107:WA:SNTL,1,13,2,43.2,44.4,35.6,43.9,32
2025-12-10,1107:WA:SNTL,0,14.5,0,47,45.4,43,44.1,39.7
2025-12-11,1107:WA:SNTL,0,14.6,0,47.7,46.7,38.7,43,35.6
2025-12-12,1107:WA:SNTL,0,15.2,0,47.7,50,39.9,43,36.1
2025-12-13,1107:WA:SNTL,0,15.8,0,47.8,50.2,45.7,50.7,36.9
2025-12-14,1107:WA:SNTL,0,16.7,0,48.6,50.7,40.6,45.5,37.8
2025-12-15,1107:WA:SNTL,0,17,0,53,50.8,39,46,31.3
2025-12-16,1107:WA:SNTL,0.8,17.1,2,58.2,51,36,40.3,31.3
2025-12-17,1107:WA:SNTL,1.4,17.8,7,59,51.8,28.6,34.9,25.5
2025-12-18,1107:WA:SNTL,2.6,19.1,13,60.6,52.3,31.3,39,24.8
2025-12-19,1107:WA:SNTL,3.3,20,20,61.2,54,25.2,26.6,23.7
2025-12-20,1107:WA:SNTL,5.1,21,30,62.1,55.2,28.2,30.6,25.3
2025-12-21,1107:WA:SNTL,6.4,20.8,36,62.8,55.4,29.5,32,24.8
2025-12-22,1107:WA:SNTL,8.2,21.4,43,63.8,56,27,29.1,24.1
2025-12-23,1107:WA:SNTL,8.3,22.2,38,64.8,56.6,26.2,30.6,23
2025-12-24,1107:WA:SNTL,9.1,22,39,66.4,57.4,29.7,35.8,25.2
2025-12-25,1107:WA:SNTL,10.1,22.1,44,67,59.6,30.9,34.3,25.2
2025-12-26,1107:WA:SNTL,10.8,22.4,48,67.8,59.6,27.1,30.7,21.4
2025-12-27,1107:WA:SNTL,10.7,22.2,44,67.9,60.8,22.1,31.8,17.2
2025-12-28,1107:WA:SNTL,10.9,23.1,42,68.1,61.4,30,36.3,21.7
2025-12-29,1107:WA:SNTL,11,23.6,41,68.1,62.8,35.2,43.7,31.1
2025-12-30,1107:WA:SNTL,11,23.8,41,68.1,63.2,41.2,47.3,36.1
2025-12-31,1107:WA:SNTL,11,23.6,40,68.1,63.5,44.1,53.8,39
2026-01-01,1107:WA:SNTL,11,23.5,39,68.2,63.6,39.2,45.5,33.6
2026-01-02,1107:WA:SNTL,10.7,23.6,38,68.5,63.7,38.1,41.2,35.1
2026-01-03,1107:WA:SNTL,12,24.2,43,70,63.7,35.2,41,33.3
2026-01-04,1107:WA:SNTL,13,24.8,50,70.6,64,31.3,34.3,27.3
2026-01-05,1107:WA:SNTL,13,25.6,47,71.2,65.2,26.6,40.3,22.8
2026-01-06,1107:WA:SNTL,14.8,26.2,60,72.3,65.7,28.6,31.8,24.4
2026-01-07,1107:WA:SNTL,15.9,26.2,66,73.8,66.4,25.7,30,24.3
2026-01-08,1107:WA:SNTL,16,26.6,62,74,67.2,26.6,33.8,21
2026-01-09,1107:WA:SNTL,16.2,27,61,74.2,68.5,32,36.1,28.9
2026-01-10,1107:WA:SNTL,16.1,27,56,75.2,69.3,35.1,38.1,31.3
2026-01-11,1107:WA:SNTL,16,28.2,49,77.8,70.3,37.9,42.1,34.5
2026-01-12,1107:WA:SNTL,15.5,28.5,42,79,70.6,42.1,45.5,39.2
2026-01-13,1107:WA:SNTL,15.2,28.4,42,79,71,47.7,54.7,40.3
2026-01-14,1107:WA:SNTL,15.2,28.2,41,79,71.7,47.8,58.8,37.6
2026-01-15,1107:WA:SNTL,15.1,28,41,79,72.4,42.6,55.2,33.6
2026-01-16,1107:WA:SNTL,15.1,28.6,40,79,74,47.1,54.1,41.5
2026-01-17,1107:WA:SNTL,15.1,29,40,79,75.3,50.4,59.2,46.2
2026-01-18,1107:WA:SNTL,15,30.6,39,79,76.5,49.6,58.3,45
2026-01-19,1107:WA:SNTL,15,33,39,79,77,49.6,58.6,45.1
2026-01-20,1107:WA:SNTL,14.9,33.2,39,79,77.2,46.4,51.4,40.8
2026-01-21,1107:WA:SNTL,14.8,32.8,39,79,77.4,42.4,51.6,37.9
2026-01-22,1107:WA:SNTL,14.8,34.5,38,79,77.5,39.7,46.2,35.4
2026-01-23,1107:WA:SNTL,14.4,34.6,38,79,78,32.7,39.9,28.8
2026-01-24,1107:WA:SNTL,14.3,34.5,38,79,78.5,36.7,46.6,30.9
2026-01-25,1107:WA:SNTL,14.1,34.5,38,79,78.6,38.1,47.7,33.3
2026-01-26,1107:WA:SNTL,14,34.8,38,79,78.8,36.5,43.3,33.6
2026-01-27,1107:WA:SNTL,14.6,35.4,39,79.2,78.9,37,42.6,32.2
2026-01-28,1107:WA:SNTL,16,35.8,47,81.3,79.5,34.3,37,31.8
2026-01-29,1107:WA:SNTL,16,36.6,46,83.3,79.8,37,39,34
2026-01-30,1107:WA:SNTL,16.5,36.8,44,84.7,79.8,38.7,41,34.5
2026-01-31,1107:WA:SNTL,16.5,37,42,85.2,79.8,41.5,43.3,38.5
2026-02-01,1107:WA:SNTL,17.4,37,42,86.5,79.8,35.2,42.1,33.4
2026-02-02,1107:WA:SNTL,18,37,44,87.4,79.8,36.9,41.4,32.7
2026-02-03,1107:WA:SNTL,17.9,37.4,42,87.4,80.2,45.7,53.4,39
2026-02-04,1107:WA:SNTL,17.3,38.6,41,87.4,80.6,52,56.1,47.3
2026-02-05,1107:WA:SNTL,17.3,39.2,41,87.4,81.7,53.2,65.3,46.2
2026-02-06,1107:WA:SNTL,17.1,39.8,40,87.4,82.8,44.4,50.4,38.3
2026-02-07,1107:WA:SNTL,17.5,40.3,40,89.3,83.4,36.7,39,30
2026-02-08,1107:WA:SNTL,17.2,40.6,40,89.3,83.4,33.1,41.7,28
2026-02-09,1107:WA:SNTL,17.4,40.4,38,89.6,83.4,31.1,36.9,28
2026-02-10,1107:WA:SNTL,17.4,41.2,38,89.6,83.4,32.5,41.7,27.7
2026-02-11,1107:WA:SNTL,17.4,41.2,40,89.6,83.5,35.2,45.9,28.2
2026-02-12,1107:WA:SNTL,17.2,40.9,40,89.7,84.3,36.7,45.5,33.1
2026-02-13,1107:WA:SNTL,17.5,40.8,41,90,84.7,31.3,33.6,26.1
2026-02-14,1107:WA:SNTL,17.2,40.9,43,90,85.9,27.3,39.2,20.5
2026-02-15,1107:WA:SNTL,17.3,40.2,42,90,86.6,27,38.8,19
2026-02-16,1107:WA:SNTL,17.1,40.5,42,90,87.6,24.6,30.4,21
2026-02-17,1107:WA:SNTL,17,40.6,47,90.2,87.7,22.8,28.4,18.9
2026-02-18,1107:WA:SNTL,16.9,40.7,46,90.4,88,22.3,27.9,18.1
2026-02-19,1107:WA:SNTL,16.4,41.2,44,90.4,88.2,21.6,26.4,16.9
2026-02-20,1107:WA:SNTL,16.6,41.3,48,90.7,88.4,23,27.1,16.2
2026-02-21,1107:WA:SNTL,17.9,41.6,60,92,88.6,29.7,33.1,25.7
2026-02-22,1107:WA:SNTL,20.3,41.6,74,94.4,90,31.5,32.7,30.4
2026-02-23,1107:WA:SNTL,21.1,42.5,71,95.3,90.6,28.9,32.7,26.2
2026-02-24,1107:WA:SNTL,21,42.6,70,95.3,91,28.4,36.3,21.7
2026-02-25,1107:WA:SNTL,21.2,42.5,68,95.4,91.6,27.7,33.8,21.9
2026-02-26,1107:WA:SNTL,21.3,42.6,67,95.4,91.8,31.5,36.1,28.4
2026-02-27,1107:WA:SNTL,21.3,42.8,66,95.4,93,32.5,41.5,26.8
2026-02-28,1107:WA:SNTL,21.4,43.4,65,95.4,93.6,36.5,44.2,27.9
2026-03-01,1107:WA:SNTL,21.5,43.8,64,95.4,94.8,42.3,50,34.5
2026-03-02,1107:WA:SNTL,21.6,44.2,63,95.4,96.6,44.4,53.8,35.6
2026-03-03,1107:WA:SNTL,21.3,45.8,60,96,97.1,36,37.6,34.2
2026-03-04,1107:WA:SNTL,21.9,46.7,63,96.6,97.8,34.3,39.7,30.7
2026-03-05,1107:WA:SNTL,22,47.9,61,96.7,97.9,32,39,27.7
2026-03-06,1107:WA:SNTL,22.4,48.9,58,96.9,98,37.2,43.7,32.5
2026-03-07,1107:WA:SNTL,22.6,49.5,57,96.9,98,41,44.4,37.2
2026-03-08,1107:WA:SNTL,23,49.6,56,96.9,98.4,32.2,38.8,22.3
2026-03-09,1107:WA:SNTL,23.8,50.6,66,97.1,99.5,22.8,29.3,18.9
2026-03-10,1107:WA:SNTL,24.6,51.6,60,97.6,99.5,22.6,27,16
2026-03-11,1107:WA:SNTL,26.2,52,66,99.8,99.7,31.5,37.9,25.7
2026-03-12,1107:WA:SNTL,27.1,51.8,68,100.5,100.8,26.8,30,24.6
2026-03-13,1107:WA:SNTL,27.6,51.9,72,100.9,101.5,30,33.3,24.6
2026-03-14,1107:WA:SNTL,27.5,51.6,69,100.9,101.6,24.3,35.6,18
2026-03-15,1107:WA:SNTL,28.2,51.9,72,100.9,101.6,30.2,37.8,20.5
2026-03-16,1107:WA:SNTL,28.2,52,67,102.5,102,40.6,45.3,36.5
2026-03-17,1107:WA:SNTL,27.8,52.7,62,103.6,102,43.5,48.9,40.8
2026-03-18,1107:WA:SNTL,27.3,52.7,59,104.4,102.2,41.4,45.3,38.3
2026-03-19,1107:WA:SNTL,26.8,52.8,56,105,102.4,41.7,45.3,37.8
2026-03-20,1107:WA:SNTL,25.9,52.7,54,106.2,103.4,38.1,43.7,32.2
2026-03-21,1107:WA:SNTL,25.6,52.8,55,106.2,104,31.3,39.4,25.7
2026-03-22,1107:WA:SNTL,25.9,54.1,54,106.2,104.5,31.8,39.7,27.3
2026-03-23,1107:WA:SNTL,25.4,55,54,106.4,104.8,36.9,44.6,28.6
2026-03-24,1107:WA:SNTL,26.9,55.8,54,108.4,104.8,33.1,38.3,28.2
2026-03-25,1107:WA:SNTL,27.2,56,64,108.7,104.8,27,32.7,20.7
2026-03-26,1107:WA:SNTL,27.3,56.4,62,108.8,105,26.8,36.9,18.5
2026-03-27,1107:WA:SNTL,27.3,56.8,60,108.9,105,36.1,45.5,26.2
2026-03-28,1107:WA:SNTL,27.3,57.6,59,108.9,106.1,34,40.6,30
2026-03-29,1107:WA:SNTL,27.1,57.8,59,108.9,107.4,27.9,32.9,17.6
2026-03-30,1107:WA:SNTL,27.4,57.6,60,109,107.8,27.7,37.6,17.6
2026-03-31,1107:WA:SNTL,27.4,57.2,59,109.2,108.3,35.8,45.5,29.7
2026-04-01,1107:WA:SNTL,28.3,57,67,110,108.6,30.4,34,27.5
2026-04-02,1107:WA:SNTL,28.4,57,63,110,108.8,31.6,37.4,26.8
2026-04-03,1107:WA:SNTL,28.4,56.8,62,110,109.3,34.5,42.4,29.7
2026-04-04,1107:WA:SNTL,28.2,57.2,62,110,109.6,42.3,52.3,32.7
2026-04-05,1107:WA:SNTL,27.6,57.1,59,110,110,52.2,62.1,44.8
2026-04-06,1107:WA:SNTL,27.4,56.5,58,110,110.8,49.1,58.6,38.7
2026-04-07,1107:WA:SNTL,27.1,56.6,56,110,111.2,38.3,47.1,31.5
2026-04-08,1107:WA:SNTL,27.1,56.6,56,110,111.2,40.1,50.7,31.1
2026-04-09,1107:WA:SNTL,27,56.2,56,110.1,111.2,46,56.1,34.7
2026-04-10,1107:WA:SNTL,26.5,56.3,54,110.1,111.7,47.3,55.8,40.6
2026-04-11,1107:WA:SNTL,26.4,56.6,54,110.8,111.9,38.7,44.2,35.1
2026-04-12,1107:WA:SNTL,26.3,57.4,54,110.8,112.2,37.9,42.4,34
2026-04-13,1107:WA:SNTL,26,58.7,53,110.8,113.4,34.7,43.2,30.2
2026-04-14,1107:WA:SNTL,27.6,59.4,68,111.7,114.1,30.2,32.2,24.3
2026-04-15,1107:WA:SNTL,27.7,59.5,67,112.7,114.2,26.6,36.3,20.7
2026-04-16,1107:WA:SNTL,27.7,59.6,65,112.7,114.8,28.9,37.6,21.7
2026-04-17,1107:WA:SNTL,27.5,59.2,63,112.8,114.9,32.5,40.8,24.3
2026-04-18,1107:WA:SNTL,27.2,58.4,60,112.9,115,42.8,50.7,33.3
2026-04-19,1107:WA:SNTL,26.6,57.7,57,112.9,115.9,50.4,60.8,43
2026-04-20,1107:WA:SNTL,26.2,56.8,54,112.9,116,50.4,61.9,43.3
2026-04-21,1107:WA:SNTL,25.9,56.5,53,112.9,116.2,42.4,48.2,37.6
2026-04-22,1107:WA:SNTL,25.5,56.2,52,112.9,116.2,41.9,51.1,36.9
2026-04-23,1107:WA:SNTL,24.9,55.8,51,112.9,116.2,41,50.5,34.7
2026-04-24,1107:WA:SNTL,24.3,55.4,49,112.9,116.4,40.1,48.6,33.4
2026-04-25,1107:WA:SNTL,24,54.9,48,112.9,117.1,40.6,50.5,33.8
2026-04-26,1107:WA:SNTL,23.4,54,46,112.9,117.3,41.9,51.4,34
2026-04-27,1107:WA:SNTL,22.8,54,44,112.9,117.4,43.3,53.1,36
2026-04-28,1107:WA:SNTL,22.4,53.8,44,113,117.7,37.8,47.3,33.4
2026-04-29,1107:WA:SNTL,21.7,53.2,41,113,117.8,43.3,55.9,32.7
2026-04-30,1107:WA:SNTL,20.9,52.7,41,113,118.2,50.7,59.5,43.2
2026-05-01,1107:WA:SNTL,19.7,52.1,38,113,118.4,51.6,60.3,44.4
2026-05-02,1107:WA:SNTL,18.5,51.2,34,113,118.4,52.9,64.6,44.2
2026-05-03,1107:WA:SNTL,17.1,51.4,32,113,118.5,57.7,69.6,48.4
2026-05-04,1107:WA:SNTL,15.6,51.9,28,113,118.5,57.9,68.7,50.7
2026-05-05,1107:WA:SNTL,14,51.2,24,113,118.5,57,66.2,49.8
2026-05-06,1107:WA:SNTL,12.6,50.4,22,113,118.6,51.6,63.5,37.8
2026-05-07,1107:WA:SNTL,11.5,49.4,20,113,118.6,45.7,56.3,36.9
2026-05-08,1107:WA:SNTL,10.5,48.6,18,113,118.8,45.1,53.2,37.8
2026-05-09,1107:WA:SNTL,9.6,48.5,16,113,119,48.7,57.2,37.8
2026-05-10,1107:WA:SNTL,8.3,48.2,12,113,119.4,46.2,53.2,38.5
2026-05-11,1107:WA:SNTL,7,47.6,11,113,119.4,48.6,61,37.6
2026-05-12,1107:WA:SNTL,5.4,46.5,9,113,119.4,55.4,65.8,48.4
2026-05-13,1107:WA:SNTL,4.4,45,7,113.2,119.4,40.1,49.5,34.3
2026-05-14,1107:WA:SNTL,3.8,43.3,2,113.3,119.4,35.8,41.9,31.8
2026-05-15,1107:WA:SNTL,4.2,41.9,7,113.8,119.4,32.9,37.6,30.7
2026-05-16,1107:WA:SNTL,4,40.7,9,113.8,119.4,32.7,41.7,28.4
2026-05-17,1107:WA:SNTL,3.4,40,5,113.9,119.4,39,49.5,28
2026-05-18,1107:WA:SNTL,2.5,39.6,4,113.9,119.4,43.3,53.2,37
2026-05-19,1107:WA:SNTL,1.5,38.8,3,113.9,119.6,43.3,49.6,38.8
2026-05-20,1107:WA:SNTL,0.4,37.8,1,113.9,119.8,46.4,57.9,36.5
2026-05-21,1107:WA:SNTL,0,36.9,0,113.9,120.5,51.4,63.9,41.5
2026-05-22,1107:WA:SNTL,0,35.5,0,113.9,120.7,52.3,62.4,45.5
2026-05-23,1107:WA:SNTL,0,34.2,0,113.9,120.8,51.1,61.5,42.4
2026-05-24,1107:WA:SNTL,0,33.6,0,113.9,120.8,49.3,59.4,41
2026-05-25,1107:WA:SNTL,0,32.9,0,114.3,120.8,38.7,47.8,33.6
2026-05-26,1107:WA:SNTL,0,32.4,0,114.3,120.8,39.7,48.2,33.8
2026-05-27,1107:WA:SNTL,0,31.6,0,114.3,120.8,52.7,64.9,41.2
2026-05-28,1107:WA:SNTL,0,30.8,0,114.3,120.8,57.6,68,49.8
2026-05-29,1107:WA:SNTL,0,30.2,0,114.3,120.8,44.6,52,33.3
2026-05-30,1107:WA:SNTL,0,29.4,0,114.3,120.9,39.7,52,32.4
2026-05-31,1107:WA:SNTL,0,28.6,0,114.3,121,44.2,57.4,33.8
2026-06-01,1107:WA:SNTL,0,27.8,0,114.3,121.2,51.3,64.2,39.6
2026-06-02,1107:WA:SNTL,0,26.6,0,114.3,121.2,56.8,68.4,46.6
2026-06-03,1107:WA:SNTL,0,25.8,0,114.3,121.2,49.5,55.6,41.4
2026-06-04,1107:WA:SNTL,0,25.2,0,114.3,121.4,42.8,51.6,36.1
2026-06-05,1107:WA:SNTL,0,24.6,0,114.4,121.4,36.5,43.7,32.7
2026-06-06,1107:WA:SNTL,0,23.4,0,114.8,121.4,34.9,40.5,32
2026-06-07,1107:WA:SNTL,0,22.4,0,114.9,122.2,39,48.7,31.8
2026-06-08,1107:WA:SNTL,0,21.6,0,115.4,122.2,40.3,42.6,38.5
2026-06-09,1107:WA:SNTL,0,20.9,0,115.4,122.6,39,44.2,35.2
2026-06-10,1107:WA:SNTL,0,20.6,0,115.4,122.8,41.4,52.7,34.2
2026-06-11,1107:WA:SNTL,0,19.6,0,115.4,122.8,47.7,60.1,36.7
2026-06-12,1107:WA:SNTL,0,18.7,0,115.4,122.8,50,61.5,41
2026-06-13,1107:WA:SNTL,0,17.6,0,115.4,123.2,56.3,70.7,44.2
2026-06-14,1107:WA:SNTL,0,16.9,0,115.4,123.2,62.4,75.2,50.5
2026-06-15,1107:WA:SNTL,0,16.2,0,115.4,123.2,64.6,75.7,56.3
2026-06-16,1107:WA:SNTL,0,15.1,0,115.4,123.2,54.9,64,45.5
2026-06-17,1107:WA:SNTL,0,13.6,0,115.4,123.3,52.9,64.8,43.7
2026-06-18,1107:WA:SNTL,0,12,0,115.4,123.3,55.8,68.9,44.6
2026-06-19,1107:WA:SNTL,0,10,0,115.4,123.3,59.4,70.2,51.3
2026-06-20,1107:WA:SNTL,0,8.2,0,115.4,123.3,53.6,63.9,44.1
2026-06-21,1107:WA:SNTL,0,6,0,115.4,123.3,54.3,65.7,44.1
2026-06-22,1107:WA:SNTL,0,3.8,0,115.4,123.5,57.7,71.1,47.5
2026-06-23,1107:WA:SNTL,0,2.4,0,115.7,123.8,59.9,71.8,52.5
2026-06-24,1107:WA:SNTL,0,1.2,0,115.7,123.8,61.7,71.2,52.7
2026-06-25,1107:WA:SNTL,0,0,0,115.9,124.2,48.9,55,41.7
2026-06-26,1107:WA:SNTL,0,0,0,116.2,124.4,42.8,45.9,36.7
2026-06-27,1107:WA:SNTL,0,0,0,116.3,124.4,41.7,49.8,35.1
2026-06-28,1107:WA:SNTL,0,0,0,116.3,124.4,47.1,56.8,39.9
2026-06-29,1107:WA:SNTL,0,0,0,116.3,124.4,48.9,59.7,41.2
2026-06-30,1107:WA:SNTL,0,0,0,116.3,124.6,48.6,58.1,41.7
2026-07-01,1107:WA:SNTL,0,0,0,116.3,124.8,45.5,54,39.9
2026-07-02,1107:WA:SNTL,0,0,0,116.3,124.9,46.9,51.8,41.5
2026-07-03,1107:WA:SNTL,0,0,0,116.3,125,50.4,61.5,40.8
2026-07-04,1107:WA:SNTL,0,0,0,116.3,125,51.4,59.4,44.4
2026-07-05,1107:WA:SNTL,0,0,0,116.3,125,52.2,66.7,40.1
2026-07-06,1107:WA:SNTL,0,0,0,116.3,125.2,60.1,70.7,48.6
2026-07-07,1107:WA:SNTL,0,0,0,116.3,125.2,58.1,67.3,49.3
2026-07-08,1107:WA:SNTL,0,0,0,116.3,125.2,54.3,63.1,47.1
2026-07-09,1107:WA:SNTL,0,0,0,116.3,125.2,55.2,65.8,47.7
2026-07-10,1107:WA:SNTL,0,0,0,116.3,125.2,52.5,62.2,47.3
2026-07-11,1107:WA:SNTL,0,0,0,116.3,125.2,46.2,53.8,40.5
2026-07-12,1107:WA:SNTL,0,0,0,116.3,125.2,47.3,57.9,38.3
2026-07-13,1107:WA:SNTL,0,0,0,116.3,125.3,53.8,67.5,42.4
2026-07-14,1107:WA:SNTL,0,0,0,116.3,125.3,58.6,69.4,49.5
2026-07-15,1107:WA:SNTL,0,0,0,116.3,125.3,61.9,72.7,53.1
2026-07-16,1107:WA:SNTL,0,0,0,116.4,125.3,54.1,59,48.7
2026-07-17,1107:WA:SNTL,0,0,0,116.4,125.3,50.2,60.1,44.2
2026-07-18,1107:WA:SNTL,0,0,0,116.4,125.3,50.4,63.7,42.4
2026-07-19,1107:WA:SNTL,0,0,0,116.4,125.3,55.2,68.2,45.7
2026-07-20,1107:WA:SNTL,0,0,0,116.4,125.4,62.4,73.8,49.5
2026-07-21,1107:WA:SNTL,0,0,0,116.4,125.4,69.1,79.9,61.5
2026-07-22,1107:WA:SNTL,0,0,0,116.4,125.4,70.5,81.3,62.4
2026-07-23,1107:WA:SNTL,0,0,0,116.4,125.4,62.6,71.2,56.5
2026-07-24,1107:WA:SNTL,0,0,0,116.4,125.4,61.2,70.2,54.3
2026-07-25,1107:WA:SNTL,0,0,0,116.6,125.4,49.1,54.3,46.9
2026-07-26,1107:WA:SNTL,0,0,0,116.8,125.4,47.3,49.5,45.9
2026-07-27,1107:WA:SNTL,0,0,0,116.8,125.4,50.5,59.2,47.1
2026-07-28,1107:WA:SNTL,0,0,0,117.1,125.4,48.2,55.2,41.5
2026-07-29,1107:WA:SNTL,0,0,0,117.1,126.6,50.5,60.3,40.8
2026-07-30,1107:WA:SNTL,0,0,0,117.1,126.6,54.1,63.7,45.1
2026-07-31,1107:WA:SNTL,0,0,0,117.1,126.6,59,70.2,50.4
2026-08-01,1107:WA:SNTL,0,0,0,117.2,126.6,47.3,53.6,41.9
2026-08-02,1107:WA:SNTL,0,0,0,117.2,126.6,45.1,53.4,40.5
2026-08-03,1107:WA:SNTL,0,0,0,117.2,126.6,51.8,65.8,40.3
2026-08-04,1107:WA:SNTL,0,0,0,117.2,126.6,59.2,72.3,47.7
2026-08-05,1107:WA:SNTL,0,0,0,117.2,126.6,64.2,74.8,55.4
2026-08-06,1107:WA:SNTL,0,0,0,117.2,126.6,65.5,75.9,57.4
2026-08-07,1107:WA:SNTL,0,0,0,117.2,126.6,63.7,74.5,55.8
2026-08-08,1107:WA:SNTL,0,0,0,117.2,126.6,60.3,69.6,51.6
2026-08-09,1107:WA:SNTL,0,0,0,117.2,126.6,56.3,67.1,49.5
2026-08-10,1107:WA:SNTL,0,0,0,117.2,126.6,56.5,67.6,47.8
2026-08-11,1107:WA:SNTL,0,0,0,117.2,126.6,55.9,67.1,48.2
2026-08-12,1107:WA:SNTL,0,0,0,117.2,126.6,54.7,64.6,50.2
2026-08-13,1107:WA:SNTL,0,0,0,117.2,126.6,57.2,68,50.5
2026-08-14,1107:WA:SNTL,0,0,0,117.2,126.6,59.7,68.5,53.8
2026-08-15,1107:WA:SNTL,0,0,0,117.2,126.6,57.4,65.1,51.1
2026-08-16,1107:WA:SNTL,0,0,0,117.2,126.6,54.3,61.7,49.8
2026-08-17,1107:WA:SNTL,0,0,0,117.2,126.6,57.9,70.3,48.9
2026-08-18,1107:WA:SNTL,0,0,0,117.2,126.6,60.4,70,53.6
2026-08-19,1107:WA:SNTL,0,0,0,117.2,126.6,62.1,71.8,54.1
2026-08-20,1107:WA:SNTL,0,0,0,117.2,126.7,64.6,75.2,54.7
2026-08-21,1107:WA:SNTL,0,0,0,117.2,126.7,67.3,77.7,59.2
2026-08-22,1107:WA:SNTL,0,0,0,117.2,126.7,59,69.4,49.5
2026-08-23,1107:WA:SNTL,0,0,0,117.2,126.7,53.6,63.5,46.9
2026-08-24,1107:WA:SNTL,0,0,0,117.2,126.7,61.2,72,50
2026-08-25,1107:WA:SNTL,0,0,0,117.3,126.7,63,70,55.9
2026-08-26,1107:WA:SNTL,0,0,0,117.3,127,56.3,64,47.8
2026-08-27,1107:WA:SNTL,0,0,0,117.4,127,47.8,52.3,44.1
2026-08-28,1107:WA:SNTL,0,0,0,117.4,127,48.2,57.4,43.3
2026-08-29,1107:WA:SNTL,0,0,0,117.4,127,44.6,52.3,39.9
2026-08-30,1107:WA:SNTL,0,0,0,117.5,126.2,46.4,54.1,38.7
2026-08-31,1107:WA:SNTL,0,0,0,117.5,127,54.9,65.8,44.2
2026-09-01,1107:WA:SNTL,0,0,0,117.6,127,51.3,58.3,44.2
2026-09-02,1107:WA:SNTL,0,0,0,119.1,127,42.6,45,39.6
2026-09-03,1107:WA:SNTL,0,0,0,119.4,127,41.9,47.3,38.5
2026-09-04,1107:WA:SNTL,0,0,0,119.6,127,43.2,48.9,38.3
2026-09-05,1107:WA:SNTL,0,0,0,119.6,127,44.2,50.5,40.6
2026-09-06,1107:WA:SNTL,0,0,0,119.6,127,47.8,58.3,40.8
2026-09-07,1107:WA:SNTL,0,0,0,119.6,127,47.7,55.6,42.3
2026-09-08,1107:WA:SNTL,0,0,0,119.6,127,51.6,62.4,42.8
2026-09-09,1107:WA:SNTL,0,0,0,119.6,127.2,62.6,69.6,55.8
2026-09-10,1107:WA:SNTL,0,0,0,119.7,127.2,52.5,59.5,43.9
2026-09-11,1107:WA:SNTL,0,0,0,119.8,127.2,46.4,54.1,41.7
2026-09-12,1107:WA:SNTL,0,0,0,119.9,127.2,47.7,54,43.9
2026-09-13,1107:WA:SNTL,0,0,0,120,127.5,45.1,52,39.6
2026-09-14,1107:WA:SNTL,0,0,0,120,127.5,44.1,54,38.3
2026-09-15,1107:WA:SNTL,0,0,0,120,127.7,44.4,50.2,41.7
2026-09-16,1107:WA:SNTL,0,0,0,120,128.4,51.4,62.2,42.1
2026-09-17,1107:WA:SNTL,0,0,0,120,128.4,56.7,66.9,50.2
2026-09-18,1107:WA:SNTL,0,0,0,120,128.4,55.4,64.8,49.1
2026-09-19,1107:WA:SNTL,0,0,0,120,128.4,56.7,66.7,50.2
2026-09-20,1107:WA:SNTL,0,0,0,120,128.4,59.2,68,52
2026-09-21,1107:WA:SNTL,0,0,0,120,128.5,55.4,63.7,44.6
2026-09-22,1107:WA:SNTL,0,0,0,120,129,46.9,54.7,42.4
2026-09-23,1107:WA:SNTL,0,0,0,120.2,129,44.1,50.7,37.2
2026-09-24,1107:WA:SNTL,0,0,0,121.4,129,43.7,49.8,38.1
2026-09-25,1107:WA:SNTL,0,0,0,122.3,129,39.7,45.3,32.4
2026-09-26,1107:WA:SNTL,0,0,0,122.3,129,38.7,48.4,32
2026-09-27,1107:WA:SNTL,0,0,0,122.3,129,44.2,53.6,35.6
2026-09-28,1107:WA:SNTL,0,0,0,122.5,134.5,45.7,53.6,39.9
2026-09-29,1107:WA:SNTL,0,0,0,123.5,133.6,46.2,50.5,38.5
2026-09-30,1107:WA:SNTL,0,0,0,123.5,134.7,42.4,50.7,35.2
2026-10-01,1107:WA:SNTL,0,0,0,0,0,50.5,57.6,43
2026-10-02,1107:WA:SNTL,0,0,0,0,0.2,49.3,55,44.1
2026-10-03,1107:WA:SNTL,0,0,,,,53.4,62.6,43.7
2026-10-04,1107:WA:SNTL,0,0,0,,,56.8,65.5,50.2
2026-10-05,1107:WA:SNTL,0,0,0,,,54,61.9,47.1
2025-10-01,974:WA:SNTL,0,0,0,0.6,0,39,42.3,35.8
2025-10-02,974:WA:SNTL,0,0,0,1.1,0.1,40.1,45.1,34.2
2025-10-03,974:WA:SNTL,0,0,0,1.2,0.1,40.6,48.2,34.5
2025-10-04,974:WA:SNTL,0,0,0,1.2,0.2,41.4,48.6,35.4
2025-10-05,974:WA:SNTL,0,0,0,1.2,0.2,37.8,46,32.7
2025-10-06,974:WA:SNTL,0,0,0,1.2,0.3,46.4,57.2,36.5
2025-10-07,974:WA:SNTL,0,0,0,1.2,0.5,48.6,58.5,39.6
2025-10-08,974:WA:SNTL,0,0,0,1.2,0.9,36.7,42.6,31.8
2025-10-09,974:WA:SNTL,0,0,0,1.2,0.9,41.2,48.6,34
2025-10-10,974:WA:SNTL,0,0,0,1.2,1.1,40.1,46.9,32.9
2025-10-11,974:WA:SNTL,0,0,0,1.2,1.1,36.1,42.1,31.8
2025-10-12,974:WA:SNTL,0.7,0,1,1.8,1.2,31.8,36,28.6
2025-10-13,974:WA:SNTL,0.7,0,2,1.9,1.3,28.8,33.6,25.7
2025-10-14,974:WA:SNTL,0.7,0,1,1.9,1.5,29.1,36.3,25.7
2025-10-15,974:WA:SNTL,0.8,0,2,2,1.6,35.8,45,29.5
2025-10-16,974:WA:SNTL,0.6,0,0,2.1,1.7,42.1,48.9,36.9
2025-10-17,974:WA:SNTL,0.2,0,0,2.1,1.8,36.7,43.3,30
2025-10-18,974:WA:SNTL,0,0,0,2.5,2.4,37.4,43,30.6
2025-10-19,974:WA:SNTL,0.4,0,0,3.1,3,34.3,38.5,32.9
2025-10-20,974:WA:SNTL,0.2,0,0,3.2,3,34.9,40.1,30.2
2025-10-21,974:WA:SNTL,0.1,0,0,3.2,3.1,39.9,47.8,34.7
2025-10-22,974:WA:SNTL,0,0,0,3.2,3.7,41.2,50.4,36.3
2025-10-23,974:WA:SNTL,0,0,0,3.2,3.8,40.5,46,37.9
2025-10-24,974:WA:SNTL,0.1,0,0,4.7,3.8,37.2,41.9,29.8
2025-10-25,974:WA:SNTL,1.4,0,5,5.3,3.8,32.2,34.7,28.9
2025-10-26,974:WA:SNTL,1.9,0,10,6.1,3.8,30,34,26.6
2025-10-27,974:WA:SNTL,1.9,0,7,6.1,4.2,29.5,35.1,25.5
2025-10-28,974:WA:SNTL,1.6,0,4,7.1,4.7,34.9,42.6,26.8
2025-10-29,974:WA:SNTL,1.5,0.2,4,7.2,4.9,34,39.7,31.6
2025-10-30,974:WA:SNTL,1.5,0,3,7.2,5.6,38.3,48.6,29.7
2025-10-31,974:WA:SNTL,0.4,0,0,8,5.6,43,47.5,39.2
2025-11-01,974:WA:SNTL,0,0,0,9.2,5.7,38.1,44.8,31.5
2025-11-02,974:WA:SNTL,0,0.5,0,9.2,5.9,31.3,35.4,28.9
2025-11-03,974:WA:SNTL,0,0.6,0,9.2,6.3,32,36,29.5
2025-11-04,974:WA:SNTL,0.2,0.3,0,9.3,6.8,34.7,41.9,28.2
2025-11-05,974:WA:SNTL,0.3,0.7,0,11.8,7,37.6,42.6,33.6
2025-11-06,974:WA:SNTL,0.6,0.6,1,13.5,8.1,35.4,40.3,30.4
2025-11-07,974:WA:SNTL,0.7,0.3,0,13.8,8.5,30.6,34.2,28
2025-11-08,974:WA:SNTL,0.7,0.9,2,13.9,8.5,34.7,45.7,26.6
2025-11-09,974:WA:SNTL,0,1,0,13.9,8.5,47.8,52.7,41
2025-11-10,974:WA:SNTL,0,1.3,0,14,8.5,40.1,45.3,30.4
2025-11-11,974:WA:SNTL,0,1.7,0,14,8.9,35.6,41.4,29.3
2025-11-12,974:WA:SNTL,0,1.8,0,14.3,9.7,41.5,45.5,36.1
2025-11-13,974:WA:SNTL,0,1.6,0,15.1,10,41.9,43.7,38.3
2025-11-14,974:WA:SNTL,0,1.8,0,15.3,10.7,36.3,39.4,32.7
2025-11-15,974:WA:SNTL,0,1.9,0,15.4,11,41.2,44.8,38.1
2025-11-16,974:WA:SNTL,0,1.9,0,15.5,11.2,42.1,44.8,38.8
2025-11-17,974:WA:SNTL,0,2.7,0,15.6,11.6,32.5,39,29.3
2025-11-18,974:WA:SNTL,0,3,0,15.6,13,30,33.6,26.4
2025-11-19,974:WA:SNTL,0,2.6,0,15.7,13,31.3,35.8,26.2
2025-11-20,974:WA:SNTL,0,2.6,0,15.7,13.7,32.4,36.7,29.5
2025-11-21,974:WA:SNTL,0.2,2.6,0,15.8,14.2,35.2,39.4,30.2
2025-11-22,974:WA:SNTL,0.2,2.5,0,15.8,14.4,38.5,40.6,37.2
2025-11-23,974:WA:SNTL,0,3.1,0,16,14.4,32.5,38.1,25.7
2025-11-24,974:WA:SNTL,0.1,3.3,0,16,14.5,26.8,31.8,22.6
2025-11-25,974:WA:SNTL,0.8,3.6,3,16.4,14.6,30.7,36.1,23.5
2025-11-26,974:WA:SNTL,0.9,4,3,16.6,15.5,33.3,36.3,29.7
2025-11-27,974:WA:SNTL,1,4,2,16.9,17.5,35.1,38.3,31.8
2025-11-28,974:WA:SNTL,1,4.3,2,16.9,17.5,30,32.9,27
2025-11-29,974:WA:SNTL,1,4.9,3,16.9,17.7,30.4,35.8,25.5
2025-11-30,974:WA:SNTL,0.9,5.4,2,16.9,17.7,29.5,34.3,24.6
2025-12-01,974:WA:SNTL,1.1,5.9,1,17.2,17.7,35.1,38.5,31.3
2025-12-02,974:WA:SNTL,1.2,7.4,0,17.2,17.7,32.4,34.5,28.8
2025-12-03,974:WA:SNTL,1.2,7.5,2,17.3,20.4,32.4,34.5,28.2
2025-12-04,974:WA:SNTL,1.2,6.9,1,18,20.6,36.1,37.8,33.8
2025-12-05,974:WA:SNTL,0.8,7.5,0,18.2,21,37,41,33.6
2025-12-06,974:WA:SNTL,1.1,7.9,0,18.4,21.1,32.7,33.8,31.8
2025-12-07,974:WA:SNTL,1.2,8,1,18.8,21.1,34.2,38.1,32.9
2025-12-08,974:WA:SNTL,0.9,8,0,20.2,22.1,36.9,41.2,32.4
2025-12-09,974:WA:SNTL,0.8,8.8,0,20.8,22.2,34.3,42.3,30.9
2025-12-10,974:WA:SNTL,0.2,9.9,0,22.9,22.2,42.1,43,39
2025-12-11,974:WA:SNTL,0.2,10,0,23.4,22.3,35.2,41.4,32.2
2025-12-12,974:WA:SNTL,0,10,0,23.4,24.1,38.7,41.2,34.5
2025-12-13,974:WA:SNTL,0,9.7,0,23.5,24.3,41.2,47.8,34
2025-12-14,974:WA:SNTL,0,9.8,0,23.6,25.3,40.1,43.9,37.9
2025-12-15,974:WA:SNTL,0,9.8,0,25.3,25.4,38.3,44.1,30.4
2025-12-16,974:WA:SNTL,0.7,10,2,27.2,25.9,33.8,37.2,30.4
2025-12-17,974:WA:SNTL,1.6,10,6,27.8,25.9,27.5,33.6,25
2025-12-18,974:WA:SNTL,2.8,12.1,8,29.1,26.4,30.6,36.3,24.3
2025-12-19,974:WA:SNTL,3.6,12.3,18,29.9,27.6,24.1,25.9,23
2025-12-20,974:WA:SNTL,4.5,13.7,22,30.8,27.7,27,28.9,24.4
2025-12-21,974:WA:SNTL,5.3,13.6,29,31.6,27.7,28.6,30.9,23
2025-12-22,974:WA:SNTL,7,14.6,32,32.6,29,25.5,28,22.6
2025-12-23,974:WA:SNTL,7,15.3,29,32.7,30.1,24.3,27,21.6
2025-12-24,974:WA:SNTL,7.3,15.3,33,34.4,30.6,27.3,33.4,22.5
2025-12-25,974:WA:SNTL,7.8,15.6,32,34.7,31.1,28.6,32.5,23.5
2025-12-26,974:WA:SNTL,8.2,16,35,35,31.5,25.9,29.7,21.2
2025-12-27,974:WA:SNTL,8.2,16.3,32,35.1,31.6,20.1,24.6,14.7
2025-12-28,974:WA:SNTL,8.2,16.3,27,35.2,31.9,27.9,31.8,19.9
2025-12-29,974:WA:SNTL,8.2,16.6,28,35.2,33.1,31.8,33.8,28.9
2025-12-30,974:WA:SNTL,8.2,16.7,26,35.2,33.6,34,36.1,32
2025-12-31,974:WA:SNTL,8.2,16.6,25,35.2,33.6,,,
2026-01-01,974:WA:SNTL,8.2,17.7,26,35.3,33.6,34.5,38.7,32.2
2026-01-02,974:WA:SNTL,8.3,17.7,27,35.4,33.6,34.7,37.6,32.9
2026-01-03,974:WA:SNTL,9,18.7,30,36.1,33.7,34.2,39.4,32.5
2026-01-04,974:WA:SNTL,9.3,19.4,30,36.3,33.7,30.4,33.4,27.7
2026-01-05,974:WA:SNTL,9.3,19.3,32,36.4,34.3,25.7,28.9,22.5
2026-01-06,974:WA:SNTL,10.8,19.5,39,37.1,34.5,27.7,30.6,23.4
2026-01-07,974:WA:SNTL,11.7,20.1,44,37.4,34.6,24.3,27.3,22.6
2026-01-08,974:WA:SNTL,11.8,19.4,43,37.4,35.7,25.5,29.8,21
2026-01-09,974:WA:SNTL,11.8,20,41,38.4,36.5,29.8,32.9,27.9
2026-01-10,974:WA:SNTL,11.7,20.3,36,38.6,36.8,34,37.4,29.8
2026-01-11,974:WA:SNTL,11.6,20.9,28,39.1,36.8,37,40.8,34
2026-01-12,974:WA:SNTL,10,20.9,25,39.6,36.8,41.2,44.1,37.8
2026-01-13,974:WA:SNTL,9.9,20.9,25,39.6,37.1,41.2,47.7,38.5
2026-01-14,974:WA:SNTL,9.9,21.5,25,39.7,37.1,40.8,50.9,35.2
2026-01-15,974:WA:SNTL,10.4,21.7,25,39.8,37.4,36.3,44.2,30.4
2026-01-16,974:WA:SNTL,10.1,21.4,24,39.9,38.4,38.7,45.7,34.7
2026-01-17,974:WA:SNTL,10.3,22.3,24,39.9,39.2,43.9,50,39.6
2026-01-18,974:WA:SNTL,10.2,23,24,40,39.7,41.2,46.2,37.8
2026-01-19,974:WA:SNTL,10.2,23.7,24,40,40.2,43.3,51.6,39.2
2026-01-20,974:WA:SNTL,10.3,23.7,24,40,40.5,39,44.2,33.8
2026-01-21,974:WA:SNTL,10.3,23.6,24,40,40.5,36.7,44.4,30.7
2026-01-22,974:WA:SNTL,10.3,24.2,25,40,40.6,35.2,41.9,28.2
2026-01-23,974:WA:SNTL,10.3,24.8,24,40,40.8,27,31.1,24.6
2026-01-24,974:WA:SNTL,9.9,24.9,24,40,40.8,30.7,40.1,24.8
2026-01-25,974:WA:SNTL,9.3,26.2,24,40,41,32,40.3,27
2026-01-26,974:WA:SNTL,9.4,26.4,24,40,41.6,33.4,40.5,29.5
2026-01-27,974:WA:SNTL,9.6,26.4,24,40,42.1,35.8,40.8,32.2
2026-01-28,974:WA:SNTL,9.9,25.9,26,40.3,42.8,32.9,35.1,30.4
2026-01-29,974:WA:SNTL,10,26.5,24,40.9,44.8,35.6,37.2,33.1
2026-01-30,974:WA:SNTL,10.2,26.7,22,41.7,46.2,36.7,39,32.7
2026-01-31,974:WA:SNTL,10,26.8,21,42.1,46.8,37.8,41.9,34.2
2026-02-01,974:WA:SNTL,10.4,27.2,22,42.4,46.8,33.4,38.8,31.5
2026-02-02,974:WA:SNTL,10.7,27.1,22,42.7,46.8,34.7,39,31.6
2026-02-03,974:WA:SNTL,10.3,27.5,20,42.8,46.8,40.6,49.3,35.4
2026-02-04,974:WA:SNTL,10.2,27.9,20,43,46.9,44.8,52,40.8
2026-02-05,974:WA:SNTL,10.2,28.9,20,43.1,48.1,47.3,58.1,41.2
2026-02-06,974:WA:SNTL,9.9,28.9,19,43.1,48.6,42.6,47.7,37.4
2026-02-07,974:WA:SNTL,9.9,29,19,43.8,48.8,35.1,37.9,28.8
2026-02-08,974:WA:SNTL,10.3,29.1,18,43.8,48.8,28.2,36.3,24.4
2026-02-09,974:WA:SNTL,10.1,29.1,18,43.9,49,29.5,34.2,25.9
2026-02-10,974:WA:SNTL,10.7,29.1,17,43.9,49,28.9,34.9,25.7
2026-02-11,974:WA:SNTL,10.5,29.1,19,43.9,49,30.2,40.8,24.1
2026-02-12,974:WA:SNTL,9.3,29.1,19,44,49.1,32.9,41,28.4
2026-02-13,974:WA:SNTL,11.1,29.8,18,44.2,49.1,30,33.1,25.2
2026-02-14,974:WA:SNTL,12,30,22,44.3,49.1,24.1,30.2,17.2
2026-02-15,974:WA:SNTL,11.1,30.7,22,44.3,49.1,23.7,32.4,17.4
2026-02-16,974:WA:SNTL,10.9,30.6,22,44.4,49.1,22.8,28.2,16.9
2026-02-17,974:WA:SNTL,10.7,31.4,24,44.6,49.2,21.6,29.3,15.6
2026-02-18,974:WA:SNTL,10.7,31.4,23,44.7,49.2,20.5,25.3,14.7
2026-02-19,974:WA:SNTL,10.6,31.4,21,44.7,49.2,18.3,23,13.5
2026-02-20,974:WA:SNTL,10.1,31.5,24,44.8,49.2,20.5,25,13.5
2026-02-21,974:WA:SNTL,10.9,31.7,33,46.1,49.5,28.9,32.9,23.5
2026-02-22,974:WA:SNTL,12.6,32.2,44,47.8,50.9,30.4,32.4,29.1
2026-02-23,974:WA:SNTL,13.4,32.3,45,48.8,51.1,26.8,30.4,24.3
2026-02-24,974:WA:SNTL,13.4,33.5,40,48.8,51.1,25.2,32.9,20.3
2026-02-25,974:WA:SNTL,13.5,33.8,40,48.8,51.8,25.3,32.2,18.5
2026-02-26,974:WA:SNTL,13.5,34.2,39,48.9,51.8,29.8,34.7,26.6
2026-02-27,974:WA:SNTL,13.7,34.5,38,48.9,51.9,28.6,36.7,24.1
2026-02-28,974:WA:SNTL,13.8,34.5,38,48.9,52.2,29.7,38.8,23.2
2026-03-01,974:WA:SNTL,13.8,34.7,36,48.9,52.7,33.4,43.2,27.5
2026-03-02,974:WA:SNTL,13.8,34.9,36,49,53.1,37.6,49.1,32
2026-03-03,974:WA:SNTL,13.6,34.9,32,49,53.2,34.9,38.5,32.9
2026-03-04,974:WA:SNTL,14,35.6,37,49.3,53.3,32.4,35.4,29.7
2026-03-05,974:WA:SNTL,14.1,36.2,32,49.4,54.1,30.2,36.5,26.6
2026-03-06,974:WA:SNTL,13.2,36.3,34,49.7,54.1,35.6,41.9,30.9
2026-03-07,974:WA:SNTL,12.7,36.1,31,49.7,54.1,39,42.6,36.3
2026-03-08,974:WA:SNTL,13.1,36.1,24,49.8,54.2,30.7,37.6,20.1
2026-03-09,974:WA:SNTL,13.6,36.9,28,49.9,55.3,21.4,27,18.5
2026-03-10,974:WA:SNTL,13.9,37.4,32,50.1,55.4,21,25.3,15.8
2026-03-11,974:WA:SNTL,15,37.9,36,51,55.4,29.3,34.3,23.5
2026-03-12,974:WA:SNTL,16.1,38.1,40,51.7,55.4,24.8,27.3,22.8
2026-03-13,974:WA:SNTL,16.8,38.5,44,52.2,55.4,27.1,30.6,22.8
2026-03-14,974:WA:SNTL,17,38.6,43,52.3,55.5,20.7,29.7,15.8
2026-03-15,974:WA:SNTL,17.5,39,44,52.6,55.5,27.3,35.4,17.8
2026-03-16,974:WA:SNTL,16.8,39,38,53,55.8,39.2,43.3,34.7
2026-03-17,974:WA:SNTL,15.8,39,34,53.3,55.9,40.6,44.8,38.1
2026-03-18,974:WA:SNTL,14.7,39,31,53.6,56.7,40.6,44.8,38.1
2026-03-19,974:WA:SNTL,13.9,38.9,28,53.6,57,40.1,43.3,36
2026-03-20,974:WA:SNTL,13.2,38.9,26,54.1,57.9,36.1,41.2,29.3
2026-03-21,974:WA:SNTL,13.3,38.9,27,54.2,58.1,28.9,36.3,23
2026-03-22,974:WA:SNTL,13.6,38.8,25,54.2,58.4,27.3,32,24.1
2026-03-23,974:WA:SNTL,13.5,39,26,54.3,58.5,32.7,40.6,23.7
2026-03-24,974:WA:SNTL,13.9,39.5,29,55,58.6,31.8,36.3,26.6
2026-03-25,974:WA:SNTL,14.9,39.6,34,55.3,58.7,25.7,32.4,20.8
2026-03-26,974:WA:SNTL,15.4,39.6,30,55.4,58.8,23.7,34.2,13.8
2026-03-27,974:WA:SNTL,15.7,39.7,29,55.5,58.8,30.7,42.4,22.5
2026-03-28,974:WA:SNTL,16,40.4,29,55.5,59.6,31.6,36.7,27.7
2026-03-29,974:WA:SNTL,16.8,41.1,31,55.7,59.7,25,30.2,14.7
2026-03-30,974:WA:SNTL,17.3,41.6,30,55.8,59.7,23,31.3,14.5
2026-03-31,974:WA:SNTL,17.6,42,28,56,59.7,31.3,41.7,22.3
2026-04-01,974:WA:SNTL,18.2,42.3,33,56.3,59.8,29.8,34,26.6
2026-04-02,974:WA:SNTL,18.5,43.4,35,56.4,59.8,31.1,38.5,28.2
2026-04-03,974:WA:SNTL,18.8,43.6,34,56.4,59.8,32.7,37.9,28.2
2026-04-04,974:WA:SNTL,18.8,43.2,33,56.4,59.8,37.6,49.1,30.2
2026-04-05,974:WA:SNTL,17.4,43.3,32,56.4,60,47.5,59.4,39.2
2026-04-06,974:WA:SNTL,16.1,43.3,30,56.4,60.9,44.1,56.8,34.5
2026-04-07,974:WA:SNTL,16.4,42.8,30,56.4,61.7,32.9,41.7,27.7
2026-04-08,974:WA:SNTL,16.7,42.5,30,56.4,61.7,35.2,46.8,27.1
2026-04-09,974:WA:SNTL,16.5,42.1,30,56.4,61.7,40.3,50.9,29.3
2026-04-10,974:WA:SNTL,16.2,41.6,29,56.5,62.2,42.6,52.2,36.5
2026-04-11,974:WA:SNTL,16,41.5,28,56.6,62.5,37,40.1,32.4
2026-04-12,974:WA:SNTL,15.7,41.7,26,56.6,62.6,36.5,42.4,32.2
2026-04-13,974:WA:SNTL,15.4,42.2,28,56.6,63.3,34.3,41.4,29.7
2026-04-14,974:WA:SNTL,16.8,41.7,36,57.1,63.8,29.7,30.9,25
2026-04-15,974:WA:SNTL,16.8,42,34,57.6,63.8,25.2,33.3,20.7
2026-04-16,974:WA:SNTL,16.8,42.3,33,57.6,63.8,27.3,36,18.3
2026-04-17,974:WA:SNTL,16.8,42.3,33,57.6,63.8,28.8,34.3,21.6
2026-04-18,974:WA:SNTL,16.1,42.3,32,57.7,63.9,35.8,46.9,26.8
2026-04-19,974:WA:SNTL,15.2,42.3,30,57.7,64.2,45.9,60.3,35.6
2026-04-20,974:WA:SNTL,14.9,42.4,28,57.7,64.3,46.6,60.3,37.2
2026-04-21,974:WA:SNTL,14.8,41.7,27,57.7,64.4,40.3,46.2,36.3
2026-04-22,974:WA:SNTL,14.2,41.7,25,57.8,64.4,38.7,47.5,33.6
2026-04-23,974:WA:SNTL,13.7,41.3,25,57.8,64.4,35.4,41.5,31.1
2026-04-24,974:WA:SNTL,13.1,41,24,57.8,64.4,36.3,44.8,29.8
2026-04-25,974:WA:SNTL,13,40.6,23,57.8,64.4,36.1,44.6,29.7
2026-04-26,974:WA:SNTL,12.6,40.5,22,57.8,64.4,38.7,48.9,30
2026-04-27,974:WA:SNTL,11.8,39.5,21,57.8,64.5,40.5,50.5,33.4
2026-04-28,974:WA:SNTL,11.3,39,20,57.9,64.6,35.4,39.7,31.6
2026-04-29,974:WA:SNTL,10.4,38.8,17,57.9,64.6,39.7,49.3,31.1
2026-04-30,974:WA:SNTL,9.3,38.5,16,57.9,64.6,46.6,57.2,38.7
2026-05-01,974:WA:SNTL,8.3,38.2,15,57.9,64.6,46.2,54.7,39
2026-05-02,974:WA:SNTL,6.8,38.2,12,57.9,64.6,47.8,59.7,38.8
2026-05-03,974:WA:SNTL,5.2,38.4,9,57.9,64.6,52.2,62.1,42.8
2026-05-04,974:WA:SNTL,3.2,38.1,7,57.9,64.6,53.4,62.8,44.1
2026-05-05,974:WA:SNTL,1.9,37.3,4,57.9,64.6,53.2,61.5,44.8
2026-05-06,974:WA:SNTL,1.2,37.4,2,57.9,64.7,48,59,33.8
2026-05-07,974:WA:SNTL,0.6,36.8,1,57.9,64.7,41.4,52.9,33.3
2026-05-08,974:WA:SNTL,0.4,35.9,0,57.9,64.9,42.3,51.8,36.1
2026-05-09,974:WA:SNTL,0.2,35.6,0,57.9,65.4,45,55.8,33.6
2026-05-10,974:WA:SNTL,0.1,35.5,0,57.9,65.8,43.2,50.5,35.1
2026-05-11,974:WA:SNTL,0,34.8,0,57.9,65.8,43.5,52.7,33.8
2026-05-12,974:WA:SNTL,0,34.1,0,57.9,65.8,53.2,66.9,42.1
2026-05-13,974:WA:SNTL,0,32.9,0,57.9,65.8,39,46,34.3
2026-05-14,974:WA:SNTL,0,32.4,0,57.9,65.8,35.8,42.8,31.1
2026-05-15,974:WA:SNTL,0,31.8,0,58.1,65.8,32.2,37.9,29.7
2026-05-16,974:WA:SNTL,0,31.5,1,58.2,65.8,31.3,37.8,26.8
2026-05-17,974:WA:SNTL,0,31,0,58.2,65.8,37.8,46.6,27.9
2026-05-18,974:WA:SNTL,0,30.3,0,58.3,65.8,41.2,50.7,32.7
2026-05-19,974:WA:SNTL,0,29.4,0,58.3,65.8,40.6,48.6,32.9
2026-05-20,974:WA:SNTL,0,29,0,58.3,65.9,42.1,51.3,33.1
2026-05-21,974:WA:SNTL,0,28.7,0,58.3,66.1,47.7,57.4,36.1
2026-05-22,974:WA:SNTL,0,27.8,0,58.3,66.6,48.6,58.8,40.8
2026-05-23,974:WA:SNTL,0,27.3,0,58.3,67,48.4,60.4,38.8
2026-05-24,974:WA:SNTL,0,26.7,0,58.3,67,46.9,58.1,36.5
2026-05-25,974:WA:SNTL,0,25.7,0,58.6,67,38.7,46.2,33.1
2026-05-26,974:WA:SNTL,0,24.6,0,58.7,67,37.8,41.7,33.8
2026-05-27,974:WA:SNTL,0,23,0,58.7,67.1,48.7,59,40.3
2026-05-28,974:WA:SNTL,0,21.4,0,58.7,67.3,54.3,63.7,44.6
2026-05-29,974:WA:SNTL,0,20.1,0,58.7,67.9,42.8,51.1,30.9
2026-05-30,974:WA:SNTL,0,19.2,0,58.7,67.9,36.9,46.2,28.6
2026-05-31,974:WA:SNTL,0,18.5,0,58.7,67.9,40.8,52.2,29.8
2026-06-01,974:WA:SNTL,0,17.4,0,58.8,67.9,47.1,58.5,35.1
2026-06-02,974:WA:SNTL,0,16,0,58.8,67.9,52.3,62.6,41
2026-06-03,974:WA:SNTL,0,14.5,0,58.8,67.9,48.4,55,41.7
2026-06-04,974:WA:SNTL,0,13.5,0,58.8,67.9,39.6,45.7,36.1
2026-06-05,974:WA:SNTL,0,12.4,0,58.8,67.9,36.9,46.8,31.6
2026-06-06,974:WA:SNTL,0,11,0,59,67.9,33.6,37.4,29.1
2026-06-07,974:WA:SNTL,0,10.2,0,59,68,36,40.6,30.9
2026-06-08,974:WA:SNTL,0,9.5,0,59.2,68.1,39.4,42.8,34.2
2026-06-09,974:WA:SNTL,0,9,0,59.3,68.2,38.1,43.7,34
2026-06-10,974:WA:SNTL,0,8,0,59.3,68.2,38.1,45.3,32.4
2026-06-11,974:WA:SNTL,0,7,0,59.3,69.1,43,52.2,32.4
2026-06-12,974:WA:SNTL,0,5.9,0,59.3,69.1,45.3,54.7,34.7
2026-06-13,974:WA:SNTL,0,4.2,0,59.3,69.1,50.9,63.5,38.8
2026-06-14,974:WA:SNTL,0,2.8,0,59.3,69.1,57.9,69.6,44.1
2026-06-15,974:WA:SNTL,0,1.4,0,59.3,69.1,61.3,73.4,52.2
2026-06-16,974:WA:SNTL,0,1,0,59.3,69.1,52.7,61.9,41.7
2026-06-17,974:WA:SNTL,0,0.5,0,59.3,69.4,47.5,56.5,39.4
2026-06-18,974:WA:SNTL,0,0.3,0,59.4,69.5,50.4,61,39.6
2026-06-19,974:WA:SNTL,0,0,0,59.4,69.5,54.5,64,45.5
2026-06-20,974:WA:SNTL,0,0,0,59.4,69.5,48.4,57.4,40.1
2026-06-21,974:WA:SNTL,0,0,0,59.4,69.5,50.9,61.3,39.7
2026-06-22,974:WA:SNTL,0,0,0,59.4,69.5,54,65.1,43.2
2026-06-23,974:WA:SNTL,0,0,0,59.4,69.5,58.3,68.5,47.7
2026-06-24,974:WA:SNTL,0,0,0,59.4,69.5,57.9,68.2,46.4
2026-06-25,974:WA:SNTL,0,0,0,59.4,69.5,47.1,55.2,41.7
2026-06-26,974:WA:SNTL,0,0,0,59.5,69.5,43.5,52.7,37
2026-06-27,974:WA:SNTL,0,0,0,59.5,69.5,40.5,48.4,33.6
2026-06-28,974:WA:SNTL,0,0,0,59.5,69.5,43.9,54.9,37.6
2026-06-29,974:WA:SNTL,0,0,0,59.5,69.5,44.8,52.2,38.8
2026-06-30,974:WA:SNTL,0,0,0,59.5,69.5,42.8,52.5,37.4
2026-07-01,974:WA:SNTL,0,0,0,59.5,69.5,43.7,51.6,36.9
2026-07-02,974:WA:SNTL,0,0,0,59.5,69.5,45.7,54.1,38.1
2026-07-03,974:WA:SNTL,0,0,0,59.5,69.5,48,59,40.6
2026-07-04,974:WA:SNTL,0,0,0,59.5,69.5,48.4,58.8,38.8
2026-07-05,974:WA:SNTL,0,0,0,59.5,69.5,47.8,57.9,38.3
2026-07-06,974:WA:SNTL,0,0,0,59.5,69.5,54.9,64.9,43.7
2026-07-07,974:WA:SNTL,0,0,0,59.6,69.5,53.2,61.7,46
2026-07-08,974:WA:SNTL,0,0,0,59.6,69.5,51.3,60.6,44.1
2026-07-09,974:WA:SNTL,0,0,0,59.6,69.5,51.4,62.6,41.5
2026-07-10,974:WA:SNTL,0,0,0,59.6,69.5,51.1,58.8,46
2026-07-11,974:WA:SNTL,0,0,0,59.6,69.5,46.2,54.3,41.2
2026-07-12,974:WA:SNTL,0,0,0,59.6,69.5,42.6,47.1,37.4
2026-07-13,974:WA:SNTL,0,0,0,59.6,69.5,49.3,58.6,40.1
2026-07-14,974:WA:SNTL,0,0,0,59.6,69.5,53.1,63.1,44.1
2026-07-15,974:WA:SNTL,0,0,0,59.6,69.5,56.7,66.2,46.4
2026-07-16,974:WA:SNTL,0,0,0,59.9,69.5,51.8,60.1,46.9
2026-07-17,974:WA:SNTL,0,0,0,59.9,69.5,46.6,49.3,44.8
2026-07-18,974:WA:SNTL,0,0,0,59.9,69.5,47.1,53.6,42.4
2026-07-19,974:WA:SNTL,0,0,0,59.9,69.5,49.6,58.5,41.5
2026-07-20,974:WA:SNTL,0,0,0,59.9,69.5,59.2,71.4,45.5
2026-07-21,974:WA:SNTL,0,0,0,59.9,69.5,64,73,54.1
2026-07-22,974:WA:SNTL,0,0,0,59.9,69.5,66.4,79.5,56.8
2026-07-23,974:WA:SNTL,0,0,0,59.9,69.5,59.7,68.2,52.9
2026-07-24,974:WA:SNTL,0,0,0,59.9,69.5,58.8,68.4,50.9
2026-07-25,974:WA:SNTL,0,0,0,59.9,69.5,49.6,55.4,46.6
2026-07-26,974:WA:SNTL,0,0,0,59.9,69.5,48.4,55,45.7
2026-07-27,974:WA:SNTL,0,0,0,59.9,69.5,50.9,60.4,46.2
2026-07-28,974:WA:SNTL,0,0,0,59.9,69.5,48.9,58.1,40.5
2026-07-29,974:WA:SNTL,0,0,0,59.9,69.5,46.9,58.6,36.5
2026-07-30,974:WA:SNTL,0,0,0,59.9,69.5,49.8,58.6,40.1
2026-07-31,974:WA:SNTL,0,0,0,59.9,69.5,55.6,68.5,45.7
2026-08-01,974:WA:SNTL,0,0,0,59.9,69.5,48.2,56.7,41.7
2026-08-02,974:WA:SNTL,0,0,0,59.9,69.5,43.3,52.5,37
2026-08-03,974:WA:SNTL,0,0,0,59.9,69.5,47.7,60.6,37.4
2026-08-04,974:WA:SNTL,0,0,0,59.9,69.5,55.6,67.1,44.8
2026-08-05,974:WA:SNTL,0,0,0,59.9,69.5,59.4,69.8,48.9
2026-08-06,974:WA:SNTL,0,0,0,59.9,69.5,60.4,70.3,49.1
2026-08-07,974:WA:SNTL,0,0,0,59.9,69.5,60.1,69.3,51.4
2026-08-08,974:WA:SNTL,0,0,0,59.9,69.5,56.1,68,46.8
2026-08-09,974:WA:SNTL,0,0,0,59.9,69.5,52.9,64.6,44.4
2026-08-10,974:WA:SNTL,0,0,0,59.9,69.5,53.4,64.2,43
2026-08-11,974:WA:SNTL,0,0,0,59.9,69.5,52.7,61,43.9
2026-08-12,974:WA:SNTL,0,0,0,60,69.5,52.3,61.2,47.1
2026-08-13,974:WA:SNTL,0,0,0,60,69.5,55.2,66.6,46.6
2026-08-14,974:WA:SNTL,0,0,0,60,69.5,55.9,63,50
2026-08-15,974:WA:SNTL,0,0,0,60,69.5,54.3,62.1,48.9
2026-08-16,974:WA:SNTL,0,0,0,60,69.5,52,58.8,46.8
2026-08-17,974:WA:SNTL,0,0,0,60,69.5,54.3,64.6,45.3
2026-08-18,974:WA:SNTL,0,0,0,60,69.5,56.5,65.7,48.9
2026-08-19,974:WA:SNTL,0,0,0,60,69.5,57.7,67.3,48.6
2026-08-20,974:WA:SNTL,0,0,0,60,69.5,60.1,68.7,51.1
2026-08-21,974:WA:SNTL,0,0,0,60,69.5,63.1,75,54.1
2026-08-22,974:WA:SNTL,0,0,0,60,69.5,56.3,64.4,47.1
2026-08-23,974:WA:SNTL,0,0,0,60,69.5,49.5,57.7,46
2026-08-24,974:WA:SNTL,0,0,0,60,69.6,56.1,68,45.7
2026-08-25,974:WA:SNTL,0,0,0,60,69.6,61.9,74.3,53.4
2026-08-26,974:WA:SNTL,0,0,0,60,69.6,55.6,66.6,47.7
2026-08-27,974:WA:SNTL,0,0,0,60,69.7,48,55.6,41.9
2026-08-28,974:WA:SNTL,0,0,0,60,69.7,45.1,53.4,39.6
2026-08-29,974:WA:SNTL,0,0,0,60,69.7,43.9,54.1,37.8
2026-08-30,974:WA:SNTL,0,0,0,60,69.8,44.8,52.2,37.6
2026-08-31,974:WA:SNTL,0,0,0,60,69.9,51.1,64.4,42.1
2026-09-01,974:WA:SNTL,0,0,0,60,69.9,,,
2026-09-02,974:WA:SNTL,0,0,0,60.1,70,,,
2026-09-03,974:WA:SNTL,0,0,0,60.3,70,,,
2026-09-04,974:WA:SNTL,0,0,0,60.3,70,41.4,46.8,36.1
2026-09-05,974:WA:SNTL,0,0,0,60.3,70.2,42.6,50,37.2
2026-09-06,974:WA:SNTL,0,0,0,60.3,70.2,44.2,54.7,37
2026-09-07,974:WA:SNTL,0,0,0,60.3,70.2,44.8,51.1,39.4
2026-09-08,974:WA:SNTL,0,0,0,60.3,70.4,47.8,57.9,40.1
2026-09-09,974:WA:SNTL,0,0,0,60.3,70.4,55.4,68,45
2026-09-10,974:WA:SNTL,0,0,0,60.3,70.4,50,59.5,39
2026-09-11,974:WA:SNTL,0,0,0,60.3,70.4,42.4,48.6,37
2026-09-12,974:WA:SNTL,0,0,0,60.3,70.4,45.9,51.8,39.9
2026-09-13,974:WA:SNTL,0,0,0,60.3,70.6,45.5,55,38.8
2026-09-14,974:WA:SNTL,0,0,0,60.3,70.7,41.9,50.5,35.8
2026-09-15,974:WA:SNTL,0,0,0,60.3,70.7,43,48.7,40.3
2026-09-16,974:WA:SNTL,0,0,0,60.3,71.2,46.8,58.5,39.6
2026-09-17,974:WA:SNTL,0,0,0,60.3,71.4,52,65.7,43.9
2026-09-18,974:WA:SNTL,0,0,0,60.3,71.4,50.7,59.4,43.7
2026-09-19,974:WA:SNTL,0,0,0,60.3,71.4,51.6,59.9,45
2026-09-20,974:WA:SNTL,0,0,0,60.3,71.6,53.4,67.3,46.8
2026-09-21,974:WA:SNTL,0,0,0,60.4,71.7,51.1,61.9,44.2
2026-09-22,974:WA:SNTL,0,0,0,60.4,71.9,44.4,50.7,40.8
2026-09-23,974:WA:SNTL,0,0,0,60.4,71.9,41.7,47.5,36
2026-09-24,974:WA:SNTL,0,0,0,61,71.9,40.6,47.5,35.4
2026-09-25,974:WA:SNTL,0,0,0,61.2,71.9,38.7,43.5,32
2026-09-26,974:WA:SNTL,0,0,0,61.3,71.9,34.7,43,30.4
2026-09-27,974:WA:SNTL,0,0,0,61.3,71.9,39.2,50,31.8
2026-09-28,974:WA:SNTL,0,0,0,61.4,71.9,43.3,52.9,35.8
2026-09-29,974:WA:SNTL,0,0,0,61.8,71.9,45.1,49.5,34.3
2026-09-30,974:WA:SNTL,0,0,0,61.8,71.9,39.4,49.3,32.7
2026-10-01,974:WA:SNTL,0,0,0,0,0,47.3,56.5,37.9
2026-10-02,974:WA:SNTL,0,0,1,0,0.1,48.4,54.3,44.2
2026-10-03,974:WA:SNTL,0,0,1,0,0.1,49.1,61.9,41.5
2026-10-04,974:WA:SNTL,0,0,1,0,0.2,51.4,64,44.6
2026-10-05,974:WA:SNTL,0,0,1,0,0.2,49.8,59.2,44.2
2025-10-01,672:WA:SNTL,0.2,0,1,0.4,0.1,43.9,48,40.8
2025-10-02,672:WA:SNTL,0.2,0,1,0.5,0.1,44.1,49.3,38.8
2025-10-03,672:WA:SNTL,0.2,0,2,0.5,0.2,44.8,50.9,41.2
2025-10-04,672:WA:SNTL,0.2,0,2,0.6,0.5,43.2,45.5,40.1
2025-10-05,672:WA:SNTL,0.2,0,2,0.7,0.6,43.3,50.4,37.6
2025-10-06,672:WA:SNTL,0.2,0,1,0.8,1,49.3,57,43
2025-10-07,672:WA:SNTL,0.2,0,1,0.8,1.2,51.4,58.1,46.6
2025-10-08,672:WA:SNTL,0.2,0,1,0.8,1.9,44.1,50,39.6
2025-10-09,672:WA:SNTL,0.3,0,1,0.8,2.2,48.2,56.5,41
2025-10-10,672:WA:SNTL,0.2,0,2,0.8,3,43.2,57.2,39.2
2025-10-11,672:WA:SNTL,0.1,0,2,1.7,3.2,38.5,39.9,35.4
2025-10-12,672:WA:SNTL,0.2,0,1,2.4,3.5,33.3,36.5,31.3
2025-10-13,672:WA:SNTL,0.2,0,1,2.4,3.8,33.8,38.5,30.9
2025-10-14,672:WA:SNTL,0.2,0,2,2.5,3.8,35.6,42.4,30.7
2025-10-15,672:WA:SNTL,0.2,0,1,2.5,4.1,39.2,47.1,34
2025-10-16,672:WA:SNTL,0.1,0,1,2.6,4.6,41.5,46.4,38.5
2025-10-17,672:WA:SNTL,0.1,0,0,2.6,5.2,38.1,42.1,35.4
2025-10-18,672:WA:SNTL,0.1,0,2,3.4,5.4,37.6,42.3,34.9
2025-10-19,672:WA:SNTL,0.2,0,1,6,5.8,37,41.7,32.9
2025-10-20,672:WA:SNTL,0.1,0,0,6.2,6.5,37.6,40.3,35.2
2025-10-21,672:WA:SNTL,0.1,0,0,6.3,6.5,41.5,48,36.7
2025-10-22,672:WA:SNTL,0.1,0,1,6.3,7.1,41.9,46.8,38.5
2025-10-23,672:WA:SNTL,0.1,0,2,6.3,7.5,43.7,47.8,40.6
2025-10-24,672:WA:SNTL,0.1,0,0,7.7,7.5,39.7,43.9,33.8
2025-10-25,672:WA:SNTL,0.4,0,2,8,8,34,36.3,32
2025-10-26,672:WA:SNTL,1.9,0,11,9.6,9.4,31.3,32.7,30
2025-10-27,672:WA:SNTL,2.5,0.1,12,10.2,9.9,31.5,32.7,29.8
2025-10-28,672:WA:SNTL,2.9,0.2,10,11.1,10.6,32.5,36.1,29.7
2025-10-29,672:WA:SNTL,2.3,0,8,11.5,10.8,35.1,37.2,32.9
2025-10-30,672:WA:SNTL,2.2,0,7,11.6,12.6,37.2,40.1,33.3
2025-10-31,672:WA:SNTL,2.2,0.2,5,13,13.4,36,42.1,33.4
2025-11-01,672:WA:SNTL,1.2,0.3,2,15.3,13.4,39.4,48.6,32.5
2025-11-02,672:WA:SNTL,1,0.8,2,15.5,14,33.1,35.1,31.8
2025-11-03,672:WA:SNTL,1.3,0.7,4,15.7,14.5,32.7,35.8,31.3
2025-11-04,672:WA:SNTL,1.4,0.6,3,15.8,15.2,33.1,36.1,31.3
2025-11-05,672:WA:SNTL,0.9,0.8,2,16.8,16,38.3,40.6,36
2025-11-06,672:WA:SNTL,0.6,0.9,1,19.2,17.2,37.2,40.1,32.2
2025-11-07,672:WA:SNTL,1.1,0.8,3,19.9,17.4,32.4,33.6,31.8
2025-11-08,672:WA:SNTL,1,0.8,3,19.9,17.4,34.5,37.9,31.6
2025-11-09,672:WA:SNTL,1,0.8,2,19.9,17.5,37.9,49.3,34.7
2025-11-10,672:WA:SNTL,0.3,0.9,2,20.1,18.8,42.8,49.1,36.7
2025-11-11,672:WA:SNTL,0.2,1.2,2,20.1,19,36.9,43.5,31.5
2025-11-12,672:WA:SNTL,0,1.4,2,20.1,19.8,37.9,43.2,35.2
2025-11-13,672:WA:SNTL,0.1,1.2,1,21.2,20.7,41.2,46.9,37.9
2025-11-14,672:WA:SNTL,0.1,1,2,23.2,20.9,40.1,42.6,38.3
2025-11-15,672:WA:SNTL,0,1.2,0,24,21.1,43.9,45.7,42.3
2025-11-16,672:WA:SNTL,0,1.5,0,24,21.8,43.9,45.5,42.4
2025-11-17,672:WA:SNTL,0,1.6,0,24.2,22.3,35.8,43,29.5
2025-11-18,672:WA:SNTL,0,1.6,0,24.3,22.4,30.2,32.2,27.9
2025-11-19,672:WA:SNTL,0,2,0,24.3,22.9,31.1,33.1,28
2025-11-20,672:WA:SNTL,0,2.6,0,24.3,24.7,32.7,34.7,31.6
2025-11-21,672:WA:SNTL,0,3.2,0,24.3,25.6,35.4,38.8,31.3
2025-11-22,672:WA:SNTL,0,3.2,0,24.6,26.8,39.4,40.8,37.8
2025-11-23,672:WA:SNTL,0,4,0,25.7,27.6,36.3,39.6,29.3
2025-11-24,672:WA:SNTL,0.5,4.2,4,26.2,28.7,28.6,30.4,26.6
2025-11-25,672:WA:SNTL,1.5,4.4,9,27.2,29.8,27.9,28.9,27
2025-11-26,672:WA:SNTL,1.5,4.4,8,27.3,30,32.9,36.9,28.8
2025-11-27,672:WA:SNTL,2,5,9,27.8,30.8,31.6,32.5,30.9
2025-11-28,672:WA:SNTL,2,5.2,8,27.8,32,31.3,34,28.4
2025-11-29,672:WA:SNTL,2,5.2,8,27.8,33.2,27,29.3,23.5
2025-11-30,672:WA:SNTL,1.9,5.8,8,27.8,33.5,24.4,29.1,21.4
2025-12-01,672:WA:SNTL,2.2,6.5,9,28.1,34.2,30.7,36.5,23.5
2025-12-02,672:WA:SNTL,2.4,8,9,28.3,34.3,31.3,32.7,28.4
2025-12-03,672:WA:SNTL,2.4,8.2,9,28.3,34.4,29.8,31.6,26.4
2025-12-04,672:WA:SNTL,2.9,8.5,10,29,34.4,32.9,36,30.7
2025-12-05,672:WA:SNTL,2.6,8.4,8,30.2,35,37.2,42.4,35.1
2025-12-06,672:WA:SNTL,2.4,9.4,7,30.9,35.8,34.5,36.3,33.1
2025-12-07,672:WA:SNTL,2.4,9.8,6,32.6,36.6,35.4,39.7,31.8
2025-12-08,672:WA:SNTL,1.4,10.1,2,38.1,36.6,39,44.6,32.4
2025-12-09,672:WA:SNTL,2.4,10.9,6,40.3,37,32.4,38.1,31.3
2025-12-10,672:WA:SNTL,0.1,11.8,1,46.3,37.2,45.7,48.2,32.7
2025-12-11,672:WA:SNTL,0,12.6,0,49.4,37.2,38.1,45.3,32.2
2025-12-12,672:WA:SNTL,0,12.6,0,50.2,37.8,41.5,43.3,39.9
2025-12-13,672:WA:SNTL,0,13,0,50.2,37.8,42.3,47.3,37
2025-12-14,672:WA:SNTL,0,13.3,0,50.2,37.8,44.1,49.5,41.4
2025-12-15,672:WA:SNTL,0,13.3,0,53.8,38.2,41.9,49.8,33.8
2025-12-16,672:WA:SNTL,0,13.2,0,56.4,39.4,37.4,41.4,34.2
2025-12-17,672:WA:SNTL,0.4,13.6,3,58,40.2,29.8,40.6,27.1
2025-12-18,672:WA:SNTL,2.3,13.8,7,60.6,41.7,30.4,37.4,26.8
2025-12-19,672:WA:SNTL,3.2,14.7,14,61.4,42.2,26.4,28.8,25.5
2025-12-20,672:WA:SNTL,4.9,15.1,25,63,42.6,28.9,30.6,26.6
2025-12-21,672:WA:SNTL,5.4,15.2,26,63.6,43.2,29.1,30.7,28
2025-12-22,672:WA:SNTL,6.1,15.6,30,64.6,43.4,28.4,30.9,26.6
2025-12-23,672:WA:SNTL,6.2,15.9,28,64.6,44.2,27.9,30.2,25.5
2025-12-24,672:WA:SNTL,6.5,15.9,26,65,44.6,32,34.9,28.9
2025-12-25,672:WA:SNTL,6.5,16,26,65,45,31.1,32.7,28.8
2025-12-26,672:WA:SNTL,7.6,16.8,31,65.9,45,28.2,31.3,23.4
2025-12-27,672:WA:SNTL,8.1,17.3,34,66.4,45.7,22.5,24.4,19.9
2025-12-28,672:WA:SNTL,8.1,17.8,32,66.6,46.7,20.7,21.9,19.2
2025-12-29,672:WA:SNTL,8.1,18,31,66.6,47.6,21.9,24.3,19.6
2025-12-30,672:WA:SNTL,8,19,30,66.6,48,24.3,27.7,22.5
2025-12-31,672:WA:SNTL,8,19.4,29,66.6,49,,,
2026-01-01,672:WA:SNTL,8.3,20.2,29,66.6,49,27,28.6,23.5
2026-01-02,672:WA:SNTL,8.4,20.5,27,67.4,49,32.9,37.2,26.8
2026-01-03,672:WA:SNTL,8.5,20.9,26,67.4,50.4,32.2,35.2,30.7
2026-01-04,672:WA:SNTL,9.2,21.1,30,68.1,51.4,31.5,32.5,28.9
2026-01-05,672:WA:SNTL,9.7,21.4,34,68.6,51.4,28.6,30.7,26.1
2026-01-06,672:WA:SNTL,11.5,21.4,46,69.9,51.9,28.2,31.1,26.1
2026-01-07,672:WA:SNTL,12.2,22.7,47,70.5,52.1,26.2,27.9,24.8
2026-01-08,672:WA:SNTL,13.2,23,48,71.2,52.2,26.8,29.7,23.7
2026-01-09,672:WA:SNTL,13.3,24.1,47,71.6,52.9,30.6,31.8,28.8
2026-01-10,672:WA:SNTL,13.3,23.8,45,71.9,54.4,31.3,35.1,26.8
2026-01-11,672:WA:SNTL,13.6,24,42,73,54.5,34.5,41.2,31.1
2026-01-12,672:WA:SNTL,12.8,25,35,73.6,55.2,42.8,46,39
2026-01-13,672:WA:SNTL,12.4,25.2,33,73.6,57.4,43.5,48,40.6
2026-01-14,672:WA:SNTL,12.3,25.4,32,73.6,58.2,43.7,51.4,36
2026-01-15,672:WA:SNTL,12.3,25.4,32,73.6,59.1,38.8,43.3,34.3
2026-01-16,672:WA:SNTL,12.3,25.4,32,74,60.3,36.3,41.7,30.7
2026-01-17,672:WA:SNTL,12.3,25.4,31,74,60.8,32.5,38.5,20.8
2026-01-18,672:WA:SNTL,12.2,25.7,31,74,61.2,27,40.8,19.2
2026-01-19,672:WA:SNTL,12.3,26.6,31,74,61.2,21.2,36.7,18.3
2026-01-20,672:WA:SNTL,12.6,27.4,31,74.1,61.3,28.4,45.7,17.6
2026-01-21,672:WA:SNTL,12.9,27.7,31,74.1,61.5,19.2,25.3,17.4
2026-01-22,672:WA:SNTL,12.9,27.8,31,74.1,61.6,18,19.8,16.3
2026-01-23,672:WA:SNTL,12.7,28.6,31,74.1,62.6,19.6,23.4,17.8
2026-01-24,672:WA:SNTL,11.9,29,30,74.1,63.8,25.3,36,14
2026-01-25,672:WA:SNTL,11.2,29.3,30,74.1,64,19.8,30.4,15.8
2026-01-26,672:WA:SNTL,10.9,29.9,30,74.1,64.6,32.5,39,24.6
2026-01-27,672:WA:SNTL,10.9,30.2,31,74.1,65.6,30.2,35.2,25.2
2026-01-28,672:WA:SNTL,11.7,30.8,32,74.5,66.4,31.5,34.5,25.5
2026-01-29,672:WA:SNTL,13,30.9,33,75.4,67.8,33.1,34.3,31.8
2026-01-30,672:WA:SNTL,12.7,31,32,75.8,68.7,36,41.4,31.8
2026-01-31,672:WA:SNTL,12.3,31.5,31,76.3,69.6,37.8,41.4,33.3
2026-02-01,672:WA:SNTL,12.5,32,30,77.1,71.4,34.3,37,30.9
2026-02-02,672:WA:SNTL,12.7,32.2,30,77.6,71.8,34.9,40.1,31.6
2026-02-03,672:WA:SNTL,12.5,32.4,30,77.8,72,36.7,40.6,32.2
2026-02-04,672:WA:SNTL,12.1,32.4,29,77.8,72.2,36.3,43,31.5
2026-02-05,672:WA:SNTL,12,33.6,28,78,74,39.6,46.4,31.6
2026-02-06,672:WA:SNTL,11.9,33.6,28,78,74.9,40.3,50,30.2
2026-02-07,672:WA:SNTL,12.3,33.4,28,78.8,76,34.3,43.5,29.3
2026-02-08,672:WA:SNTL,11.9,33.7,28,79,76.1,33.1,36.5,31.1
2026-02-09,672:WA:SNTL,12.3,34.1,30,79.3,76.2,30.7,32.7,28.2
2026-02-10,672:WA:SNTL,12.3,33.8,29,79.3,76.2,30.6,33.8,27.9
2026-02-11,672:WA:SNTL,12.2,33.8,29,79.3,76.5,31.8,36.1,28.4
2026-02-12,672:WA:SNTL,12.2,34.1,29,79.4,77.3,34.2,38.3,30.6
2026-02-13,672:WA:SNTL,12.5,34.4,31,79.6,77.6,32.2,37,29.5
2026-02-14,672:WA:SNTL,12.8,34.4,33,80,77.6,28.8,32.5,26.1
2026-02-15,672:WA:SNTL,12.8,35,33,80,77.6,29.3,32.5,25.7
2026-02-16,672:WA:SNTL,13,36.8,34,80.3,77.6,26.2,28.9,20.1
2026-02-17,672:WA:SNTL,13,37.4,34,80.3,77.8,23.5,27.9,19.6
2026-02-18,672:WA:SNTL,13.2,38,36,80.6,78.2,23.9,26.8,22.1
2026-02-19,672:WA:SNTL,13.3,38.6,36,80.6,78.4,22.3,26.1,16.3
2026-02-20,672:WA:SNTL,13.3,38.8,35,80.6,78.4,22.6,27,17.1
2026-02-21,672:WA:SNTL,13.5,39.2,36,80.6,79.8,24.6,29.1,21.7
2026-02-22,672:WA:SNTL,13.7,39.4,36,80.6,80.5,30.7,32.5,28.8
2026-02-23,672:WA:SNTL,14.5,40,42,81.4,80.8,29.1,32,26.8
2026-02-24,672:WA:SNTL,14.7,39.8,41,81.7,81.4,29.1,32.4,24.1
2026-02-25,672:WA:SNTL,15,39.9,41,81.7,82,27.7,30,23.9
2026-02-26,672:WA:SNTL,15.3,39.9,42,81.9,82.6,29.8,31.8,27.7
2026-02-27,672:WA:SNTL,15.4,40.4,41,82,83.4,30.7,32.2,29.3
2026-02-28,672:WA:SNTL,15.4,40.7,40,82,83.5,31.5,35.2,26.2
2026-03-01,672:WA:SNTL,15.4,41.8,40,82,83.8,35.2,40.3,30.2
2026-03-02,672:WA:SNTL,15.4,42.2,40,82,84.5,39.2,44.8,35.2
2026-03-03,672:WA:SNTL,15.5,43,38,82.2,85,37.8,40.5,35.8
2026-03-04,672:WA:SNTL,15.6,43,40,83,85.2,33.6,36.7,30.7
2026-03-05,672:WA:SNTL,15.9,43.2,39,83.6,86,31.5,33.4,30
2026-03-06,672:WA:SNTL,16.4,43.8,38,84.4,86.6,34.2,37.4,30.2
2026-03-07,672:WA:SNTL,15.4,43.9,35,85,87,38.3,40.3,36.9
2026-03-08,672:WA:SNTL,15.3,44.1,34,86.4,88.4,32.7,38.1,25.3
2026-03-09,672:WA:SNTL,16.3,44.4,41,87.4,88.8,23.9,25.7,22.3
2026-03-10,672:WA:SNTL,16.9,44.4,45,88.2,89,24.3,28.6,20.5
2026-03-11,672:WA:SNTL,19.9,44.9,52,91.9,89.8,31.1,39.2,26.2
2026-03-12,672:WA:SNTL,21.5,45.2,60,93.9,89.8,27.3,32.7,25.5
2026-03-13,672:WA:SNTL,25.7,45.4,85,97.3,90,28.6,29.8,26.8
2026-03-14,672:WA:SNTL,25.9,45.5,82,98.2,90,24.1,29.3,19.9
2026-03-15,672:WA:SNTL,26.3,45.6,80,98.4,90.2,25.2,32.5,19.8
2026-03-16,672:WA:SNTL,25.5,45.9,75,99,90.9,39.9,46,32.2
2026-03-17,672:WA:SNTL,25.6,45.9,68,100.4,92.4,40.6,46,35.1
2026-03-18,672:WA:SNTL,24.7,46.4,56,101.9,92.4,42.3,45.7,38.1
2026-03-19,672:WA:SNTL,23.7,46.4,52,103.4,92.4,43.2,46.4,39.7
2026-03-20,672:WA:SNTL,22.4,46.4,49,105.4,92.7,40.3,46.4,34.2
2026-03-21,672:WA:SNTL,22.2,46.5,49,105.4,93.2,30.9,34.5,28.6
2026-03-22,672:WA:SNTL,22.5,46.4,49,105.4,93.4,31.3,38.8,24.6
2026-03-23,672:WA:SNTL,22.5,46.2,49,105.6,93.4,37,44.1,32.4
2026-03-24,672:WA:SNTL,22.6,46.2,47,107.2,94,35.4,42.3,30.7
2026-03-25,672:WA:SNTL,22.6,47.2,52,107.5,94.2,29.3,33.1,24.8
2026-03-26,672:WA:SNTL,23,47.3,51,107.8,94.8,28.4,33.8,23.9
2026-03-27,672:WA:SNTL,23.2,47.6,51,107.9,95.5,35.1,45.9,27.1
2026-03-28,672:WA:SNTL,23.2,48.2,50,108,96.2,35.4,40.6,30.2
2026-03-29,672:WA:SNTL,23.7,49.3,54,108.1,97.1,29.5,35.4,23
2026-03-30,672:WA:SNTL,23.9,51.3,53,108.3,97.3,26.4,35.1,18.9
2026-03-31,672:WA:SNTL,24,52.3,52,108.7,97.4,32.7,42.1,26.2
2026-04-01,672:WA:SNTL,24.3,52.5,53,108.8,97.6,31.6,35.4,28.2
2026-04-02,672:WA:SNTL,24.8,53.4,56,109.4,97.8,30.4,33.1,27.9
2026-04-03,672:WA:SNTL,24.9,53,55,109.5,97.8,32.9,39.2,27.9
2026-04-04,672:WA:SNTL,24.8,52.8,53,109.5,98,41.5,52.3,33.8
2026-04-05,672:WA:SNTL,24.4,52.3,51,109.8,98.3,46.8,55.8,39.6
2026-04-06,672:WA:SNTL,23.7,52.6,49,109.8,98.6,48.2,57.4,39.6
2026-04-07,672:WA:SNTL,23.5,53.4,49,109.8,99.1,35.1,40.1,29.5
2026-04-08,672:WA:SNTL,23.4,52.6,48,109.8,99.6,39,49.5,31.3
2026-04-09,672:WA:SNTL,23.2,52.9,47,110,100.1,45.1,54.9,36
2026-04-10,672:WA:SNTL,22.9,53.4,46,110,101,45.5,53.1,41.5
2026-04-11,672:WA:SNTL,22.4,53.4,45,110,101.2,39.2,45.3,36
2026-04-12,672:WA:SNTL,21.7,53.4,44,110.1,101.6,39.6,48,35.8
2026-04-13,672:WA:SNTL,21.4,53.5,44,110.4,102.6,33.3,36.7,30.2
2026-04-14,672:WA:SNTL,23,53.4,53,111.8,103,31.5,33.3,29.7
2026-04-15,672:WA:SNTL,24.4,53.2,66,113.2,103,27.1,33.3,24.8
2026-04-16,672:WA:SNTL,24.6,53.2,62,113.5,103,28.6,33.6,24.6
2026-04-17,672:WA:SNTL,24.6,53.2,59,113.6,103.2,32.7,40.8,27.5
2026-04-18,672:WA:SNTL,24.5,52.8,56,113.6,103.3,40.3,49.8,32.4
2026-04-19,672:WA:SNTL,24.1,52.7,53,113.6,103.4,46.4,56.5,38.8
2026-04-20,672:WA:SNTL,23.7,52.6,49,113.7,103.4,50.2,60.1,44.1
2026-04-21,672:WA:SNTL,22.9,52.8,46,113.7,103.4,42.8,50.5,38.3
2026-04-22,672:WA:SNTL,22,52.5,44,114.3,104.2,36.7,38.5,34.2
2026-04-23,672:WA:SNTL,21.5,52.2,44,114.3,104.4,33.6,35.6,31.8
2026-04-24,672:WA:SNTL,21.5,51.9,44,114.4,104.4,37.2,45.5,30.4
2026-04-25,672:WA:SNTL,21.4,51.3,43,114.4,104.8,40.1,48,33.8
2026-04-26,672:WA:SNTL,21,51.2,42,114.4,105,41.9,49.5,36.3
2026-04-27,672:WA:SNTL,20.3,51.2,40,114.4,105.8,38.7,46.6,33.1
2026-04-28,672:WA:SNTL,19.7,51.6,40,114.4,105.8,36,39.6,33.3
2026-04-29,672:WA:SNTL,19,51.2,38,114.4,106.1,44.6,55.9,34.5
2026-04-30,672:WA:SNTL,18,51,36,114.4,106.8,51.4,60.4,44.2
2026-05-01,672:WA:SNTL,16.6,51.2,34,114.4,107,53.4,64.4,46.6
2026-05-02,672:WA:SNTL,15.2,51.4,30,114.4,107.2,56.3,66.9,46.2
2026-05-03,672:WA:SNTL,13.8,51,27,114.4,107.6,60.1,70.2,53.8
2026-05-04,672:WA:SNTL,12.5,50.6,25,114.4,108,58.1,66.6,50.7
2026-05-05,672:WA:SNTL,11.2,50.4,23,114.4,108.2,50.9,57.7,45.7
2026-05-06,672:WA:SNTL,9.9,50.2,20,114.4,108.7,45.5,54.1,40.6
2026-05-07,672:WA:SNTL,8.8,50,19,114.4,108.7,43,50.9,37.8
2026-05-08,672:WA:SNTL,8,49.3,17,114.4,108.7,43.3,48.6,39.9
2026-05-09,672:WA:SNTL,6.9,48.3,15,114.4,108.7,49.5,61,37.4
2026-05-10,672:WA:SNTL,5.9,47.2,12,114.4,108.8,46,52,40.1
2026-05-11,672:WA:SNTL,4.7,46.2,10,114.5,109,50.7,62.4,38.1
2026-05-12,672:WA:SNTL,3.2,45.2,8,114.5,109.4,58.1,70.2,46.9
2026-05-13,672:WA:SNTL,2.4,44.4,5,116.2,109.8,39.7,47.1,35.2
2026-05-14,672:WA:SNTL,1.9,42.7,4,116.8,109.9,37.2,39.6,34.9
2026-05-15,672:WA:SNTL,2.4,41.2,7,117.4,110.2,32.5,35.1,31.5
2026-05-16,672:WA:SNTL,3.1,39.6,9,118.2,111,32.2,35.1,30.6
2026-05-17,672:WA:SNTL,2.9,38.6,7,118.2,111.2,35.4,39.9,31.1
2026-05-18,672:WA:SNTL,2.2,37.4,6,118.3,111.2,42.3,50.7,34.9
2026-05-19,672:WA:SNTL,1.4,36.4,3,118.3,111.2,41.9,48,38.1
2026-05-20,672:WA:SNTL,0.1,36.4,2,118.3,111.4,45.5,55,39.9
2026-05-21,672:WA:SNTL,0,35.5,1,118.3,112,53.2,64.2,42.3
2026-05-22,672:WA:SNTL,0,34.4,0,118.3,112.2,54.9,65.3,47.1
2026-05-23,672:WA:SNTL,0,33.1,0,118.3,112.2,50.9,60.1,45.5
2026-05-24,672:WA:SNTL,0,31.4,0,118.3,112.2,51.3,61.5,42.8
2026-05-25,672:WA:SNTL,0,30.2,0,118.3,112.6,45.7,52.3,37.2
2026-05-26,672:WA:SNTL,0,29.2,0,118.3,112.6,40.3,45.5,36.3
2026-05-27,672:WA:SNTL,0,28.6,0,118.3,112.6,51.1,63.1,41.7
2026-05-28,672:WA:SNTL,0,28,0,118.3,112.6,58.1,68.4,50.2
2026-05-29,672:WA:SNTL,0,27.2,0,118.6,112.6,41,50.4,36.9
2026-05-30,672:WA:SNTL,0,25.9,0,118.6,113.2,37.4,43.9,33.1
2026-05-31,672:WA:SNTL,0,24.4,0,118.6,113.2,43.3,56.1,32.5
2026-06-01,672:WA:SNTL,0,22.4,0,118.6,113.6,53.1,64.4,41.9
2026-06-02,672:WA:SNTL,0,20.6,0,118.6,113.6,58.1,68.9,47.5
2026-06-03,672:WA:SNTL,0,19,0,118.6,113.6,52,57.6,43.9
2026-06-04,672:WA:SNTL,0,17.4,0,118.6,113.6,45.5,53.6,40.5
2026-06-05,672:WA:SNTL,0,16.2,0,119,113.7,39.6,48.6,34.9
2026-06-06,672:WA:SNTL,0,14.9,0,119.4,113.7,35.6,40.5,33.1
2026-06-07,672:WA:SNTL,0,13.6,0,119.4,114.1,38.8,44.8,34.2
2026-06-08,672:WA:SNTL,0,11.9,0,120.1,114.6,43.5,50.7,37.8
2026-06-09,672:WA:SNTL,0,10.8,0,122.4,114.8,40.5,43.7,36.5
2026-06-10,672:WA:SNTL,0,10.5,0,122.6,114.8,39.6,44.6,36
2026-06-11,672:WA:SNTL,0,9.3,0,122.6,115,47.7,59.7,37.9
2026-06-12,672:WA:SNTL,0,8.6,0,122.6,115.1,51.4,61.3,42.1
2026-06-13,672:WA:SNTL,0,8,0,122.6,115.2,60.6,72.3,49.1
2026-06-14,672:WA:SNTL,0,7.3,0,122.6,115.2,65.1,76.3,56.3
2026-06-15,672:WA:SNTL,0,6.4,0,122.6,116.2,67.3,76.5,58.1
2026-06-16,672:WA:SNTL,0,5.5,0,122.6,116.8,55.2,61.7,44.8
2026-06-17,672:WA:SNTL,0,4,0,122.6,117,52,62.4,43.5
2026-06-18,672:WA:SNTL,0,2.4,0,122.6,117,57.6,68.7,44.8
2026-06-19,672:WA:SNTL,0,1,0,122.6,117.2,63.9,72.7,53.6
2026-06-20,672:WA:SNTL,0,0.6,0,122.6,118,51.4,61.3,43.5
2026-06-21,672:WA:SNTL,0,0.2,0,122.6,118,52.9,65.3,42.1
2026-06-22,672:WA:SNTL,0,0,0,122.6,118,62.1,73.4,50.9
2026-06-23,672:WA:SNTL,0,0,0,122.6,118.1,67.3,76.5,59.7
2026-06-24,672:WA:SNTL,0,0,0,122.6,118.2,65.3,75,54
2026-06-25,672:WA:SNTL,0,0,0,122.7,118.4,53.6,59.7,44.6
2026-06-26,672:WA:SNTL,0,0,0,123.7,118.4,45.7,52.5,42.4
2026-06-27,672:WA:SNTL,0,0,0,123.8,118.4,41.9,45.3,38.5
2026-06-28,672:WA:SNTL,0,0,0,123.9,118.4,43.9,46.9,41
2026-06-29,672:WA:SNTL,0,0,0,123.9,118.4,43.5,45.5,41.5
2026-06-30,672:WA:SNTL,0,0,0,123.9,118.4,44.4,50.2,41
2026-07-01,672:WA:SNTL,0,0,0,123.9,118.4,43.7,52.7,38.8
2026-07-02,672:WA:SNTL,0,0,0,124,118.4,48.9,57.6,42.3
2026-07-03,672:WA:SNTL,0,0,0,124,118.4,52.5,61.2,48
2026-07-04,672:WA:SNTL,0,0,0,124,118.4,52.3,60.8,46.9
2026-07-05,672:WA:SNTL,0,0,0,124,118.4,53.8,63.5,44.4
2026-07-06,672:WA:SNTL,0,0,0,124,118.4,65.3,76.6,55.9
2026-07-07,672:WA:SNTL,0,0,0,124,118.4,59.7,68.7,48.7
2026-07-08,672:WA:SNTL,0,0,0,124,118.4,54,63.5,48
2026-07-09,672:WA:SNTL,0,0,0,124,118.4,55,67.1,47.5
2026-07-10,672:WA:SNTL,0,0,0,124,118.4,56.8,66.7,49.1
2026-07-11,672:WA:SNTL,0,0,0,124,118.4,53.6,63,47.7
2026-07-12,672:WA:SNTL,0,0,0,124,118.4,50.7,61.7,42.6
2026-07-13,672:WA:SNTL,0,0,0,124.1,118.4,57.4,68.4,46.8
2026-07-14,672:WA:SNTL,0,0,0,124.1,118.4,63.1,73.8,54.5
2026-07-15,672:WA:SNTL,0,0,0,124.1,118.4,64.6,73.2,56.5
2026-07-16,672:WA:SNTL,0,0,0,124.1,118.4,57.6,66.7,48.2
2026-07-17,672:WA:SNTL,0,0,0,124.1,118.4,51.3,59.5,46
2026-07-18,672:WA:SNTL,0,0,0,124.1,118.4,51.6,60.1,46.4
2026-07-19,672:WA:SNTL,0,0,0,124.1,118.4,55.8,66.2,47.1
2026-07-20,672:WA:SNTL,0,0,0,124.2,118.4,67.5,76.5,56.3
2026-07-21,672:WA:SNTL,0,0,0,124.2,118.4,72.7,82.2,65.1
2026-07-22,672:WA:SNTL,0,0,0,124.6,118.4,73.9,87.3,58.3
2026-07-23,672:WA:SNTL,0,0,0,124.6,118.4,57.2,60.3,54
2026-07-24,672:WA:SNTL,0,0,0,124.6,118.4,60.6,70.9,53.1
2026-07-25,672:WA:SNTL,0,0,0,124.6,118.4,53.2,57.7,50.4
2026-07-26,672:WA:SNTL,0,0,0,124.6,118.5,54,62.2,49.6
2026-07-27,672:WA:SNTL,0,0,0,124.6,118.5,57,66.6,50.2
2026-07-28,672:WA:SNTL,0,0,0,124.6,118.5,53.1,60.1,49.8
2026-07-29,672:WA:SNTL,0,0,0,124.6,118.5,53.8,64.4,45.5
2026-07-30,672:WA:SNTL,0,0,0,124.6,118.5,55.4,65.3,46.6
2026-07-31,672:WA:SNTL,0,0,0,124.6,118.6,60.6,72.3,50.2
2026-08-01,672:WA:SNTL,0,0,0,124.8,118.6,50,56.7,44.4
2026-08-02,672:WA:SNTL,0,0,0,124.8,118.7,45.7,50.9,43.2
2026-08-03,672:WA:SNTL,0,0,0,124.9,118.7,53.1,62.6,42.6
2026-08-04,672:WA:SNTL,0,0,0,124.9,118.7,62.6,72.3,53.6
2026-08-05,672:WA:SNTL,0,0,0,124.9,118.7,66.6,77.4,59.4
2026-08-06,672:WA:SNTL,0,0,0,124.9,118.7,66.6,76.6,60.1
2026-08-07,672:WA:SNTL,0,0,0,124.9,118.7,64.9,74.3,57.9
2026-08-08,672:WA:SNTL,0,0,0,124.9,118.7,61.5,71.2,54.7
2026-08-09,672:WA:SNTL,0,0,0,124.9,118.7,56.5,66.4,50.5
2026-08-10,672:WA:SNTL,0,0,0,124.9,118.8,55.2,65.1,47.7
2026-08-11,672:WA:SNTL,0,0,0,124.9,119,56.1,65.8,48.7
2026-08-12,672:WA:SNTL,0,0,0,124.9,119.6,54.3,63.1,49.1
2026-08-13,672:WA:SNTL,0,0,0,124.9,119.7,58.1,65.5,51.3
2026-08-14,672:WA:SNTL,0,0,0,124.9,119.9,61,69.6,55.6
2026-08-15,672:WA:SNTL,0,0,0,124.9,119.9,57.7,64.6,53.6
2026-08-16,672:WA:SNTL,0,0,0,124.9,119.9,54.7,60.4,51.8
2026-08-17,672:WA:SNTL,0,0,0,124.9,120,57.6,66.4,51.8
2026-08-18,672:WA:SNTL,0,0,0,124.9,120,59.4,69.4,51.6
2026-08-19,672:WA:SNTL,0,0,0,124.9,120,60.1,68.7,54.1
2026-08-20,672:WA:SNTL,0,0,0,124.9,120,65.5,74.7,56.8
2026-08-21,672:WA:SNTL,0,0,0,124.9,120,69.1,82.2,58.6
2026-08-22,672:WA:SNTL,0,0,0,124.9,120,56.5,65.5,49.5
2026-08-23,672:WA:SNTL,0,0,0,124.9,120,50.5,56.1,48.2
2026-08-24,672:WA:SNTL,0,0,0,124.9,120,63.3,73.9,48.2
2026-08-25,672:WA:SNTL,0,0,0,124.9,120,67.6,79.7,59.2
2026-08-26,672:WA:SNTL,0,0,0,124.9,120,60.1,66.4,52.5
2026-08-27,672:WA:SNTL,0,0,0,124.9,120.1,52.9,57.7,48.9
2026-08-28,672:WA:SNTL,0,0,0,124.9,120.2,50.7,58.3,46.6
2026-08-29,672:WA:SNTL,0,0,0,125.4,120.6,44.4,47.5,40.3
2026-08-30,672:WA:SNTL,0,0,0,125.4,121.4,46.4,52.3,42.4
2026-08-31,672:WA:SNTL,0,0,0,125.4,121.6,57.7,68.9,46.2
2026-09-01,672:WA:SNTL,0,0,0,125.4,121.6,52.9,,
2026-09-02,672:WA:SNTL,0,0,0,125.6,121.9,47.1,54.7,40.6
2026-09-03,672:WA:SNTL,0,0,0,125.7,122,43.2,50.5,39.7
2026-09-04,672:WA:SNTL,0,0,0,126,122,44.2,52.7,40.8
2026-09-05,672:WA:SNTL,0,0,0,126.1,122,47.5,52.3,43.9
2026-09-06,672:WA:SNTL,0,0,0,126.2,122,50,56.8,45
2026-09-07,672:WA:SNTL,0,0,0,126.2,122,46.2,48.9,44.4
2026-09-08,672:WA:SNTL,0,0,0,126.3,122,51.8,60.6,43.9
2026-09-09,672:WA:SNTL,0,0,0,126.4,122,58.5,65.8,52.2
2026-09-10,672:WA:SNTL,0,0,0,126.4,122.4,53.1,57.7,47.7
2026-09-11,672:WA:SNTL,0,0,0,126.4,122.6,47.8,52.9,43.2
2026-09-12,672:WA:SNTL,0,0,0,126.6,122.6,52,60.1,45.7
2026-09-13,672:WA:SNTL,0,0,0,128,122.8,43.5,45.9,41
2026-09-14,672:WA:SNTL,0,0,0,128,123,43.5,45.7,41.5
2026-09-15,672:WA:SNTL,0,0,0,128.1,123.4,45.3,48.9,41.7
2026-09-16,672:WA:SNTL,0,0,0,128.2,123.7,51.8,61.9,44.8
2026-09-17,672:WA:SNTL,0,0,0,128.2,123.7,56.1,65.5,51.8
2026-09-18,672:WA:SNTL,0,0,0,128.2,123.8,52.2,57.9,48.6
2026-09-19,672:WA:SNTL,0,0,0,128.2,123.8,55.2,63.3,47.3
2026-09-20,672:WA:SNTL,0,0,0,128.2,123.9,60.4,67.5,55.8
2026-09-21,672:WA:SNTL,0,0,0,128.2,123.9,55.8,64,47.1
2026-09-22,672:WA:SNTL,0,0,0,128.2,124.1,48.4,54.7,43.9
2026-09-23,672:WA:SNTL,0,0,0,128.2,125.1,46.2,53.1,42.1
2026-09-24,672:WA:SNTL,0,0,0,128.2,125.4,50.2,57.4,41.2
2026-09-25,672:WA:SNTL,0,0,0,129,125.8,42.8,48.6,36.7
2026-09-26,672:WA:SNTL,0,0,0,129,126,40.5,47.7,34.3
2026-09-27,672:WA:SNTL,0,0,0,129,126,45.7,54,40.5
2026-09-28,672:WA:SNTL,0,0,0,129.1,126,46.4,52.9,41.4
2026-09-29,672:WA:SNTL,0,0,0,130.5,126.5,47.7,50.7,41.9
2026-09-30,672:WA:SNTL,0,0,0,130.5,126.8,43,48.7,36.9
2026-10-01,672:WA:SNTL,0,0,0,0,0.1,50.5,57.9,46.2
2026-10-02,672:WA:SNTL,0,0,0,0,0.1,51.6,56.1,47.3
2026-10-03,672:WA:SNTL,0,0,0,0,0.2,56.1,63,47.1
2026-10-04,672:WA:SNTL,0,0,0,0,0.5,57.2,65.1,53.1
2026-10-05,672:WA:SNTL,0,0,0,0,0.6,53.2,57.9,48.2
2025-10-01,791:WA:SNTL,0,0,0,0.3,0,44.4,50.2,39.2
2025-10-02,791:WA:SNTL,0,0,0,0.3,0.2,43.5,50.9,38.5
2025-10-03,791:WA:SNTL,0,0,0,0.3,0.2,43.9,52,37
2025-10-04,791:WA:SNTL,0,0,0,0.3,0.2,43.9,48.2,39
2025-10-05,791:WA:SNTL,0,0,0,0.3,0.4,42.3,57.2,34.3
2025-10-06,791:WA:SNTL,0,0,0,0.3,0.4,46.8,62.4,37.8
2025-10-07,791:WA:SNTL,0,0,0,0.3,1,48.4,61.9,41.2
2025-10-08,791:WA:SNTL,0,0,0,0.3,1.6,44.4,52.9,38.7
2025-10-09,791:WA:SNTL,0,0,0,0.3,1.8,48.9,58.6,42.1
2025-10-10,791:WA:SNTL,0,0,0,0.3,2,43.9,52.5,37.4
2025-10-11,791:WA:SNTL,0,0,0,1.1,2.2,39,40.6,36.1
2025-10-12,791:WA:SNTL,0,0,0,1.7,2.4,34.3,36.7,32.4
2025-10-13,791:WA:SNTL,0,0,0,1.7,2.5,35.6,42.8,30.7
2025-10-14,791:WA:SNTL,0,0,0,1.7,2.7,34.7,48.2,28
2025-10-15,791:WA:SNTL,0,0,0,1.7,3.2,36.5,53.4,29.5
2025-10-16,791:WA:SNTL,0,0,0,1.7,3.2,38.3,46.4,31.3
2025-10-17,791:WA:SNTL,0,0,0,2,4.2,37.8,42.6,31.1
2025-10-18,791:WA:SNTL,0,0,0,2.6,4.8,35.4,41,31.1
2025-10-19,791:WA:SNTL,0,0,0,4.9,4.8,36.1,40.1,33.1
2025-10-20,791:WA:SNTL,0,0,0,5.1,4.8,37,42.3,32
2025-10-21,791:WA:SNTL,0,0,0,5.1,5,38.8,52.5,31.3
2025-10-22,791:WA:SNTL,0,0,0,5.1,5.4,40.8,50,34.5
2025-10-23,791:WA:SNTL,0,0,0,5.1,6.2,41.4,46,36.3
2025-10-24,791:WA:SNTL,0,0,0,5.9,6.2,39.2,41.7,34.7
2025-10-25,791:WA:SNTL,0.4,0,1,6.6,6.6,32.9,35.1,31.1
2025-10-26,791:WA:SNTL,1.1,0,11,7.6,7.6,31.5,33.8,29.8
2025-10-27,791:WA:SNTL,1.2,0,10,7.9,7.6,30.2,34.2,24.6
2025-10-28,791:WA:SNTL,1.4,0,8,8.5,8.7,30.6,33.1,24.3
2025-10-29,791:WA:SNTL,1,0,6,8.9,9,34.7,37.9,30.4
2025-10-30,791:WA:SNTL,0.9,0,6,8.9,9.8,33.6,40.3,30
2025-10-31,791:WA:SNTL,0.9,0,4,9.9,10.2,34.5,37.9,31.6
2025-11-01,791:WA:SNTL,0.3,0,1,12.3,10.7,36.9,47.5,32.5
2025-11-02,791:WA:SNTL,0.2,0.1,2,12.5,11,32.5,36,29.7
2025-11-03,791:WA:SNTL,0.5,0.1,3,12.7,11.4,32,33.8,30.2
2025-11-04,791:WA:SNTL,0.5,0.4,2,12.8,12,33.1,34.7,31.5
2025-11-05,791:WA:SNTL,0.4,0.4,2,14.4,12,34.9,37.4,32.4
2025-11-06,791:WA:SNTL,0.2,0.6,1,16.4,13.4,36.1,37.6,32.9
2025-11-07,791:WA:SNTL,0.2,0.6,1,16.5,13.5,32.7,36.5,29.5
2025-11-08,791:WA:SNTL,0.2,0.8,0,16.5,13.5,32.9,39.6,28
2025-11-09,791:WA:SNTL,0,0.8,0,16.5,14.1,37.9,43.5,34.7
2025-11-10,791:WA:SNTL,0,0.8,0,16.7,14.2,41.5,45.5,37.2
2025-11-11,791:WA:SNTL,0,1,0,16.7,14.8,36.3,46.2,29.5
2025-11-12,791:WA:SNTL,0,1.5,0,16.7,15.8,36.9,40.6,34.2
2025-11-13,791:WA:SNTL,0,1.4,0,18,16.8,40.8,46.8,37.2
2025-11-14,791:WA:SNTL,0,1.4,0,19.8,17.4,39.4,42.1,37.2
2025-11-15,791:WA:SNTL,0,1.4,0,20.1,17.8,43.9,46.2,41.2
2025-11-16,791:WA:SNTL,0,1.7,0,20.1,18,43.5,45,42.1
2025-11-17,791:WA:SNTL,0,1.8,0,20.3,18.3,36.7,42.4,30.7
2025-11-18,791:WA:SNTL,0,2,0,20.4,18.4,30.7,32.4,28
2025-11-19,791:WA:SNTL,0,2.2,0,20.4,19.1,30.6,32.9,27.1
2025-11-20,791:WA:SNTL,0,3.2,0,20.4,19.9,33.1,36.9,29.3
2025-11-21,791:WA:SNTL,0,3.2,0,20.4,20.5,32.9,36.5,28.4
2025-11-22,791:WA:SNTL,0,3.4,0,20.4,20.8,38.7,41.7,33.6
2025-11-23,791:WA:SNTL,0,3.6,0,21,21.4,36,39.4,30.2
2025-11-24,791:WA:SNTL,0,3.6,0,21.2,22.2,28.8,32,25.3
2025-11-25,791:WA:SNTL,1.1,4.4,10,22.3,23.3,27.3,28.4,25.3
2025-11-26,791:WA:SNTL,1.1,4.4,11,22.4,23.8,30.4,32.4,27
2025-11-27,791:WA:SNTL,1.4,4.6,12,22.6,24.8,30.9,32.4,29.8
2025-11-28,791:WA:SNTL,1.4,4.6,11,22.7,25.4,29.5,34,25.7
2025-11-29,791:WA:SNTL,1.3,4.7,11,22.7,25.8,25.5,28,19.6
2025-11-30,791:WA:SNTL,1.3,5,10,22.8,26.2,23,28.8,18.1
2025-12-01,791:WA:SNTL,1.5,5.8,10,22.9,26.4,29.7,34,24.8
2025-12-02,791:WA:SNTL,1.5,6.8,9,23,26.8,30.4,33.1,25.5
2025-12-03,791:WA:SNTL,1.5,6.9,9,23,27.4,28,30.7,23.5
2025-12-04,791:WA:SNTL,1.9,7,12,23.4,27.6,31.3,32.7,29.5
2025-12-05,791:WA:SNTL,1.8,7.3,8,24.8,28.6,35.4,42.4,32
2025-12-06,791:WA:SNTL,2.2,7.8,9,26.6,29.2,34.5,36.1,32.9
2025-12-07,791:WA:SNTL,2.7,8,10,27.7,29.4,34.9,38.3,32
2025-12-08,791:WA:SNTL,2.4,8.2,8,32.4,29.4,37.6,43.7,32.2
2025-12-09,791:WA:SNTL,3,8.9,11,33.8,29.5,32.5,34.2,31.8
2025-12-10,791:WA:SNTL,1.6,9.1,6,39.6,29.5,44.4,48.6,31.8
2025-12-11,791:WA:SNTL,1.5,9.6,5,41.8,30.2,34.3,44.8,32
2025-12-12,791:WA:SNTL,0.7,9.8,2,42,30.7,41,43.3,34.9
2025-12-13,791:WA:SNTL,0.6,9.8,2,42,31.3,38.1,44.4,33.8
2025-12-14,791:WA:SNTL,0.3,10.2,1,42,31.3,41.4,47.1,37.9
2025-12-15,791:WA:SNTL,0,10.2,0,44.5,31.4,41.2,49.3,33.1
2025-12-16,791:WA:SNTL,1.3,10.3,3,47.6,31.5,33.3,38.1,32
2025-12-17,791:WA:SNTL,2.4,10.6,11,49.1,32.1,28.8,34.3,26.4
2025-12-18,791:WA:SNTL,4,11.3,14,51.7,33.2,30,35.8,27.1
2025-12-19,791:WA:SNTL,4.5,11.6,20,52,34.1,26.8,30.7,25.5
2025-12-20,791:WA:SNTL,5.6,11.7,31,53.5,35.2,28.8,30.4,26.6
2025-12-21,791:WA:SNTL,5.8,11.8,32,54,35.8,28.8,30,27.3
2025-12-22,791:WA:SNTL,6.2,12.2,35,54.5,36,27.1,30.2,22.8
2025-12-23,791:WA:SNTL,6.3,12.8,33,54.6,36.1,26.6,29.1,21.4
2025-12-24,791:WA:SNTL,6.7,13,32,55.1,36.8,31.3,34.3,25.5
2025-12-25,791:WA:SNTL,7,13.3,33,55.3,37.2,29.5,31.6,25.2
2025-12-26,791:WA:SNTL,8.1,13.4,41,56.2,37.2,27.5,31.8,23
2025-12-27,791:WA:SNTL,8.1,13.6,40,56.2,37.4,22.3,24.8,19.9
2025-12-28,791:WA:SNTL,8.2,14,38,56.2,38.3,19.9,23.7,15.4
2025-12-29,791:WA:SNTL,8.2,14.7,36,56.3,39.4,19.6,22.3,17.2
2025-12-30,791:WA:SNTL,8.2,14.8,34,56.4,39.4,22.8,26.8,19.6
2025-12-31,791:WA:SNTL,8.3,15.1,33,56.4,39.4,25.2,28.8,22.6
2026-01-01,791:WA:SNTL,8.4,15.6,33,56.4,39.8,25.9,27.7,24.3
2026-01-02,791:WA:SNTL,8.6,16,32,56.9,39.8,30.9,34.3,26.8
2026-01-03,791:WA:SNTL,8.7,16.2,32,57.2,39.8,30.6,32,28.9
2026-01-04,791:WA:SNTL,9.1,16.6,36,57.5,40.8,31.1,33.1,29.1
2026-01-05,791:WA:SNTL,9.5,17,39,57.9,41.2,29.1,32.4,26.1
2026-01-06,791:WA:SNTL,11.2,17.2,51,59.2,41.7,28.4,31.5,25.9
2026-01-07,791:WA:SNTL,12.2,17.6,55,60.1,42.2,25.9,28.9,22.1
2026-01-08,791:WA:SNTL,13.3,18.1,60,60.5,42.4,26.8,30,23.9
2026-01-09,791:WA:SNTL,13.4,18.4,56,61.1,42.6,29.7,33.6,27
2026-01-10,791:WA:SNTL,13.4,19,53,61.1,43.4,30.7,34.3,27
2026-01-11,791:WA:SNTL,14.1,19.4,49,61.9,44.8,32.7,36.3,31.6
2026-01-12,791:WA:SNTL,13.7,19.9,40,62.4,45.2,41.5,46.8,35.1
2026-01-13,791:WA:SNTL,13.1,20,36,62.4,45.4,39.6,46,34.9
2026-01-14,791:WA:SNTL,13,20.6,35,62.4,45.8,37.2,47.7,29.8
2026-01-15,791:WA:SNTL,12.9,20.8,34,62.4,46.4,35.1,45,31.6
2026-01-16,791:WA:SNTL,12.9,20.8,34,62.4,46.6,33.1,38.3,29.8
2026-01-17,791:WA:SNTL,13,21,34,62.4,47.4,27.3,32.7,20.3
2026-01-18,791:WA:SNTL,13,21.2,34,62.4,47.8,24.4,33.3,17.8
2026-01-19,791:WA:SNTL,13.2,21.6,34,62.4,48.2,20.1,30.2,14.7
2026-01-20,791:WA:SNTL,13.4,22,34,62.4,48.2,22.3,31.1,14.7
2026-01-21,791:WA:SNTL,14.1,22.4,33,62.4,48.4,18.3,20.7,16.5
2026-01-22,791:WA:SNTL,13.6,23.2,33,62.4,48.8,17.6,20.1,15.8
2026-01-23,791:WA:SNTL,13.2,24,33,62.4,49.8,18.3,21.2,15.1
2026-01-24,791:WA:SNTL,12.9,24.6,33,62.4,50.4,21.6,30.4,14.5
2026-01-25,791:WA:SNTL,12.4,24.9,33,62.4,50.8,18.7,22.8,14.4
2026-01-26,791:WA:SNTL,11.7,24.9,33,62.4,51.2,26.6,37.2,18.9
2026-01-27,791:WA:SNTL,11.6,25.7,33,62.4,51.4,24.4,29.7,21.4
2026-01-28,791:WA:SNTL,12,26.8,36,62.8,52,30.6,34.9,25
2026-01-29,791:WA:SNTL,13.6,27,36,63.6,52.2,31.6,33.1,29.8
2026-01-30,791:WA:SNTL,14.8,27.6,36,64.1,52.4,34.3,39.7,31.6
2026-01-31,791:WA:SNTL,14.1,27.8,34,64.2,53,35.6,37.9,32.9
2026-02-01,791:WA:SNTL,14.3,27.9,35,65,53.4,33.3,36.5,30.9
2026-02-02,791:WA:SNTL,14.4,28.1,36,65.7,53.6,33.4,36.1,31.8
2026-02-03,791:WA:SNTL,14.1,28,35,65.7,53.8,34.2,36.7,32.4
2026-02-04,791:WA:SNTL,13.6,28,34,65.7,54.3,34.5,37.2,30.7
2026-02-05,791:WA:SNTL,13.6,27.9,33,65.7,55.2,33.6,41.2,29.5
2026-02-06,791:WA:SNTL,13.6,28.3,33,65.7,55.4,37.2,53.2,31.1
2026-02-07,791:WA:SNTL,14.2,28.2,34,66.4,55.9,32,36.3,28.4
2026-02-08,791:WA:SNTL,14,28.2,33,66.5,56.1,32,35.4,28.2
2026-02-09,791:WA:SNTL,14.3,28.4,34,66.6,56.3,30.4,34.9,26.2
2026-02-10,791:WA:SNTL,14.2,28.4,34,66.6,56.4,28.6,36,24.4
2026-02-11,791:WA:SNTL,14.2,28.6,34,66.6,56.6,28.6,39.9,23.5
2026-02-12,791:WA:SNTL,14.1,28.6,34,66.6,56.6,32.2,43.3,26.2
2026-02-13,791:WA:SNTL,14.4,28.6,36,66.8,56.6,31.6,37.2,29.1
2026-02-14,791:WA:SNTL,14.5,28.5,37,66.9,56.6,28.8,34.9,23.9
2026-02-15,791:WA:SNTL,14.6,28.6,36,66.9,56.8,26.4,36,21.4
2026-02-16,791:WA:SNTL,14.6,28.6,36,66.9,56.9,24.8,31.3,19.6
2026-02-17,791:WA:SNTL,14.6,29,36,66.9,57,21,27.7,16.2
2026-02-18,791:WA:SNTL,14.8,29.4,38,67.1,57.4,23.9,32,17.6
2026-02-19,791:WA:SNTL,15,29.6,38,67.1,57.8,22.5,27.5,15.3
2026-02-20,791:WA:SNTL,15.2,30.1,37,67.2,57.9,21.4,28.9,12.9
2026-02-21,791:WA:SNTL,15.5,30.4,37,67.2,58.7,23.5,28.6,19.8
2026-02-22,791:WA:SNTL,16,30.4,38,67.3,59.9,29.3,31.1,27.7
2026-02-23,791:WA:SNTL,17.1,30.9,44,68,60.2,28.9,31.8,25.5
2026-02-24,791:WA:SNTL,17.5,31.3,43,68.1,60.5,28,32,23.9
2026-02-25,791:WA:SNTL,17.7,31.6,43,68.2,60.7,28.9,32,25.7
2026-02-26,791:WA:SNTL,17.9,31.6,43,68.4,61,31.6,33.4,28.8
2026-02-27,791:WA:SNTL,17.8,31.7,41,68.4,61.1,32.5,37.9,30.7
2026-02-28,791:WA:SNTL,17.4,31.9,41,68.4,61.2,32.2,44.1,24.8
2026-03-01,791:WA:SNTL,17.1,32.3,40,68.4,61.2,33.6,46.9,27
2026-03-02,791:WA:SNTL,17.1,33,40,68.4,61.2,36.1,53.6,29.8
2026-03-03,791:WA:SNTL,17.5,33.2,38,68.8,61.7,36.5,40.5,33.8
2026-03-04,791:WA:SNTL,17.3,33.6,39,69.2,62.2,33.8,38.5,30.2
2026-03-05,791:WA:SNTL,17.2,33.8,39,69.4,62.8,31.6,34.9,30.2
2026-03-06,791:WA:SNTL,17.4,34,39,69.7,64,33.6,37.9,30
2026-03-07,791:WA:SNTL,17.2,33.8,37,69.9,64.8,38.7,41,34.9
2026-03-08,791:WA:SNTL,17.3,33.8,39,71.8,65.2,32.2,39,24.8
2026-03-09,791:WA:SNTL,18.1,34.2,54,73,65.3,24.1,29.1,22.1
2026-03-10,791:WA:SNTL,18.5,34.4,57,73.4,65.4,25.2,32.7,21
2026-03-11,791:WA:SNTL,20.6,34.4,61,75.8,65.6,30.6,40.1,26.4
2026-03-12,791:WA:SNTL,21.6,34.2,74,77,65.6,27.7,33.8,25.5
2026-03-13,791:WA:SNTL,23.9,34,83,78.2,66.2,27,29.3,25.5
2026-03-14,791:WA:SNTL,24,34.5,78,79.3,67.2,23.4,29.7,16
2026-03-15,791:WA:SNTL,24.4,34.2,77,79.7,67.4,24.1,28.9,18.3
2026-03-16,791:WA:SNTL,24.2,34.5,72,79.9,67.9,37.9,45.3,28.4
2026-03-17,791:WA:SNTL,24.6,35.2,68,81.2,68.2,37.6,44.1,34
2026-03-18,791:WA:SNTL,24.2,35.2,62,82.3,69.1,40.8,45.7,36.7
2026-03-19,791:WA:SNTL,24.3,35.6,55,83.4,69.2,41.7,45,38.3
2026-03-20,791:WA:SNTL,23.2,35.6,51,84.7,69.4,39.9,44.8,32.2
2026-03-21,791:WA:SNTL,22.2,35.8,51,84.7,69.8,32.2,36.3,29.8
2026-03-22,791:WA:SNTL,22.4,36,50,84.7,70.2,31.5,44.4,23.2
2026-03-23,791:WA:SNTL,22.2,35.8,49,84.8,70.3,34.5,46.2,25.3
2026-03-24,791:WA:SNTL,23.5,35.8,49,86.8,70.6,34.9,41.4,31.6
2026-03-25,791:WA:SNTL,23,35.8,57,87.7,71.1,30.2,35.8,25.3
2026-03-26,791:WA:SNTL,23.2,35.7,57,87.9,71.1,28.2,41.2,22.3
2026-03-27,791:WA:SNTL,23.2,35.6,54,88,71.2,31.6,44.1,22.8
2026-03-28,791:WA:SNTL,23.1,35.8,53,88,71.6,34,43.3,26.8
2026-03-29,791:WA:SNTL,23.2,35.8,55,88.1,71.7,30.7,37.9,24.4
2026-03-30,791:WA:SNTL,23.3,35.9,52,88.1,71.8,28.2,42.8,18
2026-03-31,791:WA:SNTL,23.2,36.6,52,88.1,72.5,32,43.7,23.9
2026-04-01,791:WA:SNTL,23.5,36.3,54,88.5,72.7,31.5,35.2,27.9
2026-04-02,791:WA:SNTL,23.6,36.2,54,88.7,73.6,31.1,34.3,28
2026-04-03,791:WA:SNTL,23.6,36.2,53,88.7,73.6,33.8,41.2,29.5
2026-04-04,791:WA:SNTL,23.3,36,52,88.7,74,40.3,58.5,29.7
2026-04-05,791:WA:SNTL,23,36,50,88.7,74.2,44.2,58.6,35.6
2026-04-06,791:WA:SNTL,22.7,36,48,88.7,74.6,48.2,62.1,38.5
2026-04-07,791:WA:SNTL,21.9,35.4,46,88.7,74.6,36.7,45.9,28
2026-04-08,791:WA:SNTL,21.4,35.2,45,88.7,74.6,38.1,54,27.7
2026-04-09,791:WA:SNTL,20.9,35,44,88.7,74.6,42.3,57.9,31.3
2026-04-10,791:WA:SNTL,20.2,34.6,43,88.7,74.8,42.8,56.8,35.6
2026-04-11,791:WA:SNTL,19.8,34.4,42,88.8,75,37.9,40.5,33.6
2026-04-12,791:WA:SNTL,19.4,34.7,40,88.9,75.9,38.8,47.8,31.3
2026-04-13,791:WA:SNTL,19.2,35,39,89,76.8,35.8,41.2,32.2
2026-04-14,791:WA:SNTL,19.4,35.2,46,89.8,76.9,32,33.4,30.2
2026-04-15,791:WA:SNTL,19.8,35.1,50,90.3,77,27.9,32,25.2
2026-04-16,791:WA:SNTL,19.8,35,48,90.4,77,28.8,34.5,25
2026-04-17,791:WA:SNTL,19.7,34.8,44,90.4,77.1,34.3,47.7,25.5
2026-04-18,791:WA:SNTL,19.4,34.6,41,90.4,77.2,39.2,53.6,29.3
2026-04-19,791:WA:SNTL,19.1,34.3,40,90.4,77.6,44.4,58.6,34.5
2026-04-20,791:WA:SNTL,18.6,33.7,37,90.4,77.8,48,64,39.4
2026-04-21,791:WA:SNTL,17.4,33.4,35,90.4,77.9,43.7,54.9,38.5
2026-04-22,791:WA:SNTL,16.6,33.3,34,90.9,77.9,38.1,40.1,36
2026-04-23,791:WA:SNTL,16.1,33.2,33,91.1,78,35.2,38.5,32.5
2026-04-24,791:WA:SNTL,15.4,33,31,91.1,78,36.1,48.7,28.8
2026-04-25,791:WA:SNTL,14.5,32.2,29,91.1,78,38.8,51.1,29.3
2026-04-26,791:WA:SNTL,13.7,31.8,27,91.1,78,39.4,52,30
2026-04-27,791:WA:SNTL,12.9,31.8,24,91.1,78.3,39.4,52.2,31.5
2026-04-28,791:WA:SNTL,12.4,31.5,24,91.2,78.8,37.2,41.9,35.1
2026-04-29,791:WA:SNTL,10.9,31.2,20,91.2,79,45,61.3,34
2026-04-30,791:WA:SNTL,9.5,30.6,17,91.2,79.1,48.7,63.7,38.8
2026-05-01,791:WA:SNTL,8.1,30,14,91.2,79.1,50.4,67.1,40.3
2026-05-02,791:WA:SNTL,6.9,29.2,11,91.2,79.2,52.5,68.2,43.9
2026-05-03,791:WA:SNTL,5.1,29,7,91.2,79.2,56.8,73,45.1
2026-05-04,791:WA:SNTL,3.4,28.4,5,91.2,79.5,56.5,71.6,45.5
2026-05-05,791:WA:SNTL,1.8,27.8,1,91.2,79.7,52.2,67.6,41.7
2026-05-06,791:WA:SNTL,0.6,27.4,0,91.2,80.2,47.1,60.8,40.3
2026-05-07,791:WA:SNTL,0.4,26.6,1,91.2,80.3,44.8,58.6,36
2026-05-08,791:WA:SNTL,0.3,26,0,91.2,80.4,43.3,52.3,35.1
2026-05-09,791:WA:SNTL,0.3,25.8,0,91.2,80.4,50,66.6,34.5
2026-05-10,791:WA:SNTL,0,25.4,0,91.2,80.4,46.9,55.8,40.1
2026-05-11,791:WA:SNTL,0,25,0,91.3,80.8,51.1,67.6,37
2026-05-12,791:WA:SNTL,0,24.4,0,91.3,81,56.7,69.6,44.2
2026-05-13,791:WA:SNTL,0,23.9,0,92.9,81.8,41.5,50,37.6
2026-05-14,791:WA:SNTL,0,23,0,93.5,82.4,38.1,43.5,36.1
2026-05-15,791:WA:SNTL,0,21.6,0,93.8,82.4,34.2,37.2,32
2026-05-16,791:WA:SNTL,0,20.4,0,94.3,82.4,33.4,38.8,30.9
2026-05-17,791:WA:SNTL,0,19.6,0,94.3,82.5,37,42.4,32
2026-05-18,791:WA:SNTL,0,18.8,0,94.3,82.6,43,54.5,36.9
2026-05-19,791:WA:SNTL,0,18,0,94.5,82.8,41.9,50.5,37.4
2026-05-20,791:WA:SNTL,0,16.7,0,94.5,82.8,47.7,60.1,39.9
2026-05-21,791:WA:SNTL,0,15.9,0,94.5,83,52.7,67.3,40.1
2026-05-22,791:WA:SNTL,0,15.4,0,94.5,83.3,54.5,69.1,42.4
2026-05-23,791:WA:SNTL,0,14.7,0,94.5,83.4,51.4,62.1,43.3
2026-05-24,791:WA:SNTL,0,13.8,0,94.5,83.4,52.5,64.8,44.4
2026-05-25,791:WA:SNTL,0,13,0,94.5,83.4,46.8,56.7,39.4
2026-05-26,791:WA:SNTL,0,11.6,0,94.6,83.4,41.4,46.8,37.4
2026-05-27,791:WA:SNTL,0,10.2,0,94.6,83.6,52.2,67.5,42.3
2026-05-28,791:WA:SNTL,0,9,0,94.7,83.6,58.6,75.7,47.7
2026-05-29,791:WA:SNTL,0,7.2,0,95.3,83.7,43,51.1,35.1
2026-05-30,791:WA:SNTL,0,6.4,0,95.3,83.7,37.9,43.7,31.5
2026-05-31,791:WA:SNTL,0,5.5,0,95.4,83.7,44.8,59,32.2
2026-06-01,791:WA:SNTL,0,4.4,0,95.4,83.8,51.8,65.5,38.8
2026-06-02,791:WA:SNTL,0,3,0,95.4,83.8,56.5,71.6,43
2026-06-03,791:WA:SNTL,0,2.2,0,95.4,83.8,52.5,59.2,45.3
2026-06-04,791:WA:SNTL,0,1,0,95.5,83.8,46.2,55.4,41.7
2026-06-05,791:WA:SNTL,0,0.6,0,95.6,83.8,41.7,49.3,36.1
2026-06-06,791:WA:SNTL,0,0.1,0,95.8,83.8,37.6,42.4,34.9
2026-06-07,791:WA:SNTL,0,0,0,95.8,83.8,39.6,48.9,33.6
2026-06-08,791:WA:SNTL,0,0,0,96.1,83.8,42.8,52.5,33.1
2026-06-09,791:WA:SNTL,0,0,0,97.8,83.8,40.8,43.9,37
2026-06-10,791:WA:SNTL,0,0,0,98.2,83.9,39.6,45,33.6
2026-06-11,791:WA:SNTL,0,0,0,98.3,83.9,47.5,62.6,33.8
2026-06-12,791:WA:SNTL,0,0,0,98.3,84.4,51.1,64.4,38.5
2026-06-13,791:WA:SNTL,0,0,0,98.3,84.4,58.8,73.2,45
2026-06-14,791:WA:SNTL,0,0,0,98.3,84.6,63.9,79,50
2026-06-15,791:WA:SNTL,0,0,0,98.3,84.6,66.2,79.3,52.9
2026-06-16,791:WA:SNTL,0,0,0,98.3,84.6,54.5,64,41.2
2026-06-17,791:WA:SNTL,0,0,0,98.3,84.6,51.3,65.3,39.9
2026-06-18,791:WA:SNTL,0,0,0,98.3,84.8,57.7,75.6,40.5
2026-06-19,791:WA:SNTL,0,0,0,98.3,85.2,64.4,78.6,52.9
2026-06-20,791:WA:SNTL,0,0,0,98.3,85.6,54,65.1,47.1
2026-06-21,791:WA:SNTL,0,0,0,98.3,85.6,55.8,69.4,45.9
2026-06-22,791:WA:SNTL,0,0,0,98.4,85.6,60.6,77.5,47.5
2026-06-23,791:WA:SNTL,0,0,0,98.4,85.6,64.9,79,52.9
2026-06-24,791:WA:SNTL,0,0,0,98.4,85.8,64,77.9,51.4
2026-06-25,791:WA:SNTL,0,0,0,98.4,85.8,54.3,64.4,46.9
2026-06-26,791:WA:SNTL,0,0,0,98.5,85.8,48.4,58.8,44.2
2026-06-27,791:WA:SNTL,0,0,0,98.5,85.8,43.7,48,40.6
2026-06-28,791:WA:SNTL,0,0,0,98.6,85.8,44.2,46.6,41.5
2026-06-29,791:WA:SNTL,0,0,0,98.7,85.8,44.8,46.6,43
2026-06-30,791:WA:SNTL,0,0,0,98.8,85.8,46.8,54.1,43
2026-07-01,791:WA:SNTL,0,0,0,98.8,85.8,45,51.8,41.2
2026-07-02,791:WA:SNTL,0,0,0,98.8,85.8,50.5,60.6,43.5
2026-07-03,791:WA:SNTL,0,0,0,98.9,86,54.9,67.1,46.6
2026-07-04,791:WA:SNTL,0,0,0,98.9,86,54.1,66,45.1
2026-07-05,791:WA:SNTL,0,0,0,98.9,86.1,56.5,72,45.9
2026-07-06,791:WA:SNTL,0,0,0,98.9,86.1,64,81.3,50.2
2026-07-07,791:WA:SNTL,0,0,0,98.9,86.1,60.3,76.8,49.8
2026-07-08,791:WA:SNTL,0,0,0,98.9,86.1,54.9,66.9,46.9
2026-07-09,791:WA:SNTL,0,0,0,98.9,86.1,57.2,70.9,48.6
2026-07-10,791:WA:SNTL,0,0,0,98.9,86.1,57.7,71.6,46.8
2026-07-11,791:WA:SNTL,0,0,0,98.9,86.1,55.8,66.2,49.5
2026-07-12,791:WA:SNTL,0,0,0,98.9,86.1,54.1,67.3,43.7
2026-07-13,791:WA:SNTL,0,0,0,98.9,86.1,57.2,76.1,40.6
2026-07-14,791:WA:SNTL,0,0,0,98.9,86.1,62.6,79.9,49.1
2026-07-15,791:WA:SNTL,0,0,0,99,86.1,64.2,85.1,53.2
2026-07-16,791:WA:SNTL,0,0,0,99,86.1,60.6,73.4,50.4
2026-07-17,791:WA:SNTL,0,0,0,99,86.1,54.9,69.1,48.6
2026-07-18,791:WA:SNTL,0,0,0,99,86.1,53.4,60.8,48.6
2026-07-19,791:WA:SNTL,0,0,0,99,86.1,57.6,73.8,45.9
2026-07-20,791:WA:SNTL,0,0,0,99,86.1,65.8,81.1,50.4
2026-07-21,791:WA:SNTL,0,0,0,99,86.1,70.9,88,58.5
2026-07-22,791:WA:SNTL,0,0,0,99,86.1,74.7,91.4,59.7
2026-07-23,791:WA:SNTL,0,0,0,99,86.1,60.4,69.4,55.9
2026-07-24,791:WA:SNTL,0,0,0,99,86.1,63.5,79.3,51.8
2026-07-25,791:WA:SNTL,0,0,0,99,86.1,55,67.8,50.4
2026-07-26,791:WA:SNTL,0,0,0,99.1,86.2,55.8,69.6,45.3
2026-07-27,791:WA:SNTL,0,0,0,99.1,86.2,58.3,72.3,47.1
2026-07-28,791:WA:SNTL,0,0,0,99.1,86.2,53.4,63.1,47.1
2026-07-29,791:WA:SNTL,0,0,0,99.1,86.2,55.2,70.5,43.7
2026-07-30,791:WA:SNTL,0,0,0,99.1,86.2,55.8,72,43.5
2026-07-31,791:WA:SNTL,0,0,0,99.1,86.2,61,81.5,46
2026-08-01,791:WA:SNTL,0,0,0,99.1,86.2,52,61.5,45.7
2026-08-02,791:WA:SNTL,0,0,0,99.3,86.2,46,51.8,41.9
2026-08-03,791:WA:SNTL,0,0,0,99.3,86.2,51.8,66.4,38.5
2026-08-04,791:WA:SNTL,0,0,0,99.3,86.2,61,77.7,47.8
2026-08-05,791:WA:SNTL,0,0,0,99.3,86.2,64.9,82.6,53.1
2026-08-06,791:WA:SNTL,0,0,0,99.3,86.2,65.3,82.8,53.1
2026-08-07,791:WA:SNTL,0,0,0,99.3,86.2,64,79.3,52.7
2026-08-08,791:WA:SNTL,0,0,0,99.3,86.2,60.1,74.5,48.9
2026-08-09,791:WA:SNTL,0,0,0,99.3,86.2,55.8,71.1,46
2026-08-10,791:WA:SNTL,0,0,0,99.3,86.4,55.2,70.5,43.2
2026-08-11,791:WA:SNTL,0,0,0,99.3,86.4,55.8,71.2,44.4
2026-08-12,791:WA:SNTL,0,0,0,99.3,86.4,54.7,65.3,46.4
2026-08-13,791:WA:SNTL,0,0,0,99.4,86.6,57.2,74.8,48
2026-08-14,791:WA:SNTL,0,0,0,99.4,86.6,60.4,74.1,50.4
2026-08-15,791:WA:SNTL,0,0,0,99.4,86.6,59.7,71.2,52
2026-08-16,791:WA:SNTL,0,0,0,99.4,86.6,58.3,69.1,53.1
2026-08-17,791:WA:SNTL,0,0,0,99.4,86.6,59.4,75.6,51.1
2026-08-18,791:WA:SNTL,0,0,0,99.4,86.6,60.4,73.4,51.3
2026-08-19,791:WA:SNTL,0,0,0,99.4,86.6,66.2,76.6,53.4
2026-08-20,791:WA:SNTL,0,0,0,99.4,86.6,64.6,82.8,51.3
2026-08-21,791:WA:SNTL,0,0,0,99.4,86.6,68.2,86.7,57.9
2026-08-22,791:WA:SNTL,0,0,0,99.6,86.6,55.9,62.1,52
2026-08-23,791:WA:SNTL,0,0,0,99.6,86.6,50.5,55.4,45
2026-08-24,791:WA:SNTL,0,0,0,99.6,86.6,60.1,75.7,44.6
2026-08-25,791:WA:SNTL,0,0,0,99.6,86.6,64.6,81.3,52.9
2026-08-26,791:WA:SNTL,0,0,0,99.6,86.6,58.6,72.7,49.6
2026-08-27,791:WA:SNTL,0,0,0,99.6,86.9,54.3,64.9,48
2026-08-28,791:WA:SNTL,0,0,0,99.7,87,52.9,64.9,46.8
2026-08-29,791:WA:SNTL,0,0,0,99.9,87,45.7,48.2,44.1
2026-08-30,791:WA:SNTL,0,0,0,99.9,87,47.1,53.2,42.8
2026-08-31,791:WA:SNTL,0,0,0,99.9,87,55.8,69.8,42.4
2026-09-01,791:WA:SNTL,0,0,0,99.9,87,54.1,65.3,47.7
2026-09-02,791:WA:SNTL,0,0,0,100,87,49.3,57.6,39.9
2026-09-03,791:WA:SNTL,0,0,0,100.2,87.2,44.6,52.5,38.5
2026-09-04,791:WA:SNTL,0,0,0,100.3,87.2,44.8,55.9,38.3
2026-09-05,791:WA:SNTL,0,0,0,100.3,87.3,45.7,54.3,39.4
2026-09-06,791:WA:SNTL,0,0,0,100.3,88.4,48,59.9,39.2
2026-09-07,791:WA:SNTL,0,0,0,100.3,88.4,46.8,54.7,41.5
2026-09-08,791:WA:SNTL,0,0,0,100.3,88.6,51.8,69.4,40.3
2026-09-09,791:WA:SNTL,0,0,0,100.3,88.8,56.5,71.4,45.5
2026-09-10,791:WA:SNTL,0,0,0,100.3,89,53.2,62.6,46
2026-09-11,791:WA:SNTL,0,0,0,100.3,89,50.4,61.7,44.6
2026-09-12,791:WA:SNTL,0,0,0,100.4,89,52.3,61.9,46
2026-09-13,791:WA:SNTL,0,0,0,101.6,89,44.4,46,42.3
2026-09-14,791:WA:SNTL,0,0,0,101.6,89.4,45,47.1,43
2026-09-15,791:WA:SNTL,0,0,0,101.6,89.5,46,49.6,42.4
2026-09-16,791:WA:SNTL,0,0,0,101.6,89.6,51.4,66.6,41
2026-09-17,791:WA:SNTL,0,0,0,101.6,89.6,54.1,73.4,44.8
2026-09-18,791:WA:SNTL,0,0,0,101.6,89.6,52,66.9,44.2
2026-09-19,791:WA:SNTL,0,0,0,101.6,89.6,52.9,69.6,41.9
2026-09-20,791:WA:SNTL,0,0,0,101.6,89.6,58.6,76.6,49.8
2026-09-21,791:WA:SNTL,0,0,0,101.6,89.6,55.6,67.5,48.4
2026-09-22,791:WA:SNTL,0,0,0,101.7,89.7,49.5,60.6,41
2026-09-23,791:WA:SNTL,0,0,0,101.7,89.7,45.7,55.9,39.4
2026-09-24,791:WA:SNTL,0,0,0,101.7,89.8,49.3,59.2,40.6
2026-09-25,791:WA:SNTL,0,0,0,103.2,89.8,43.2,50,35.1
2026-09-26,791:WA:SNTL,0,0,0,103.2,89.8,40.1,51.4,33.6
2026-09-27,791:WA:SNTL,0,0,0,103.2,89.8,43.5,56.5,35.1
2026-09-28,791:WA:SNTL,0,0,0,103.2,90,45.7,58.3,35.8
2026-09-29,791:WA:SNTL,0,0,0,103.9,90.2,48.4,51.6,42.1
2026-09-30,791:WA:SNTL,0,0,0,104,91.4,42.4,54.5,35.4
2026-10-01,791:WA:SNTL,0,0,0,0,0,47.8,54.5,42.4
2026-10-02,791:WA:SNTL,0,0,0,,,50.5,60.6,43.3
2026-10-03,791:WA:SNTL,0,0,0,,,51.8,64.8,43.3
2026-10-04,791:WA:SNTL,0,0,0,,,53.6,71.6,46
2026-10-05,791:WA:SNTL,0,0,0,,,50.7,62.4,44.2
2025-10-01,788:WA:SNTL,0,0,0,0.1,0,44.4,49.5,41.7
2025-10-02,788:WA:SNTL,0,0,0,0.1,0,44.6,50.2,39.6
2025-10-03,788:WA:SNTL,0,0,0,0.2,0.1,45.1,51.3,41.7
2025-10-04,788:WA:SNTL,0,0,0,0.2,0.2,43.7,46,40.5
2025-10-05,788:WA:SNTL,0,0,0,0.2,0.3,43.9,52.9,38.1
2025-10-06,788:WA:SNTL,0,0,0,0.2,0.6,48,57.9,38.7
2025-10-07,788:WA:SNTL,0,0,0,0.2,1,50.9,58.3,43.9
2025-10-08,788:WA:SNTL,0,0,0,0.2,1,44.8,50.5,39.6
2025-10-09,788:WA:SNTL,0,0,0,0.3,1.2,48,53.8,41.4
2025-10-10,788:WA:SNTL,0,0,0,0.3,1.6,43.5,54.9,39.9
2025-10-11,788:WA:SNTL,0,0,0,1.2,1.7,38.8,40.3,35.4
2025-10-12,788:WA:SNTL,0,0,0,2,1.8,33.3,36.5,31.5
2025-10-13,788:WA:SNTL,0,0,0,2,2,33.6,37.6,31.1
2025-10-14,788:WA:SNTL,0,0,0,2.1,2.2,36.1,44.6,29.8
2025-10-15,788:WA:SNTL,0,0,0,2.1,2.3,38.5,49.8,30.6
2025-10-16,788:WA:SNTL,0,0,0,2.1,3,40.8,47.8,36.5
2025-10-17,788:WA:SNTL,0,0,0,2.1,3.2,39,42.6,35.8
2025-10-18,788:WA:SNTL,0.2,0,0,2.8,3.4,37.4,41.5,34.5
2025-10-19,788:WA:SNTL,0.1,0,0,4.5,3.6,37.6,41.5,33.6
2025-10-20,788:WA:SNTL,0.1,0,0,4.7,3.6,38.1,40.5,36
2025-10-21,788:WA:SNTL,0.1,0,0,4.7,3.8,41.4,48.6,34.2
2025-10-22,788:WA:SNTL,0.1,0,0,4.7,3.9,41.9,48,37.4
2025-10-23,788:WA:SNTL,0.1,0,0,4.9,4.1,44.1,47.8,41.5
2025-10-24,788:WA:SNTL,0.1,0,0,5.6,4.2,39.7,43.2,34
2025-10-25,788:WA:SNTL,0.1,0,0,5.9,4.6,33.6,36.7,32
2025-10-26,788:WA:SNTL,0.5,0,7,6.6,5.8,31.5,32.4,30.7
2025-10-27,788:WA:SNTL,0.9,0,8,7.3,5.9,31.5,32.2,30.2
2025-10-28,788:WA:SNTL,1.2,0,7,7.8,6.5,31.5,33.8,29.3
2025-10-29,788:WA:SNTL,0.8,0,4,8.3,6.6,35.2,37.2,31.8
2025-10-30,788:WA:SNTL,0.6,0,5,8.3,8,35.1,39.4,31.1
2025-10-31,788:WA:SNTL,0.4,0,2,9.3,8.2,35.6,42.6,33.4
2025-11-01,788:WA:SNTL,0.2,0,1,11.2,8.4,38.5,47.8,32.9
2025-11-02,788:WA:SNTL,0.1,0.2,1,11.3,8.6,33.3,36.1,31.1
2025-11-03,788:WA:SNTL,0.2,0.2,0,11.5,9.1,32,33.6,30.9
2025-11-04,788:WA:SNTL,0.2,0.4,0,11.7,9.6,32.5,34.7,30.7
2025-11-05,788:WA:SNTL,0.2,0.4,0,12.5,10.5,37.6,39.7,34.5
2025-11-06,788:WA:SNTL,0.2,0.4,0,13.7,10.8,37.8,40.3,32.2
2025-11-07,788:WA:SNTL,0.1,0.5,0,13.9,10.8,32.9,35.1,31.6
2025-11-08,788:WA:SNTL,0.1,0.6,0,14,10.8,33.6,37.8,29.7
2025-11-09,788:WA:SNTL,0.1,0.4,0,14,11.5,38.1,42.8,35.1
2025-11-10,788:WA:SNTL,0.1,0.3,0,14,11.7,42.6,46.6,37.6
2025-11-11,788:WA:SNTL,0.1,0.6,0,14.1,12.4,37.6,44.8,32.4
2025-11-12,788:WA:SNTL,0.1,0.8,0,14.1,12.9,37.9,42.1,34.7
2025-11-13,788:WA:SNTL,0.2,0.8,0,14.6,13.4,40.5,46.2,37.8
2025-11-14,788:WA:SNTL,0.1,0.6,0,15.2,13.7,40.8,43.2,38.8
2025-11-15,788:WA:SNTL,0.1,0.9,0,15.5,14,44.2,45.9,43
2025-11-16,788:WA:SNTL,0.1,1,0,15.5,14.6,44.1,45,43.2
2025-11-17,788:WA:SNTL,0,1.1,0,15.6,15.4,36.9,43.3,30
2025-11-18,788:WA:SNTL,0,1.3,1,15.8,15.4,30.6,32,28.8
2025-11-19,788:WA:SNTL,0,1.5,0,15.8,15.6,30,32.2,27.9
2025-11-20,788:WA:SNTL,0,2.2,0,15.9,16.3,32.5,34.3,31.3
2025-11-21,788:WA:SNTL,0.2,2.6,0,15.9,17.1,34.5,38.8,31.1
2025-11-22,788:WA:SNTL,0.2,2.8,0,15.9,17.8,39.4,41.4,37.8
2025-11-23,788:WA:SNTL,0.1,2.8,0,16.7,18.1,37,39.9,29.8
2025-11-24,788:WA:SNTL,0.3,3,1,17,19,29.1,30.2,27.7
2025-11-25,788:WA:SNTL,1.2,3.2,7,17.9,19.9,27.9,28.6,27.3
2025-11-26,788:WA:SNTL,1.2,3.8,7,18,20.1,31.3,33.4,28.6
2025-11-27,788:WA:SNTL,1.5,3.7,8,18.5,20.9,30.7,31.3,29.8
2025-11-28,788:WA:SNTL,1.4,4,8,18.5,21,30.4,31.8,28.6
2025-11-29,788:WA:SNTL,1.4,4,8,18.5,21.2,26.1,28.9,23.2
2025-11-30,788:WA:SNTL,1.4,4.9,8,18.5,21.8,23.7,26.1,20.5
2025-12-01,788:WA:SNTL,1.5,5.4,8,18.7,21.9,28.4,31.8,24.1
2025-12-02,788:WA:SNTL,1.6,6.2,8,18.8,22.2,31.1,32.2,29.3
2025-12-03,788:WA:SNTL,1.5,6.3,7,18.8,22.4,29.7,31.3,27.7
2025-12-04,788:WA:SNTL,1.7,6.4,7,19.2,22.4,32.4,35.2,30.6
2025-12-05,788:WA:SNTL,1.5,6.6,5,20.5,22.6,36.9,41.4,34.2
2025-12-06,788:WA:SNTL,1.3,6.6,5,21.9,23.7,34.5,36.3,32.4
2025-12-07,788:WA:SNTL,1.1,6.8,4,23.2,23.8,35.4,39.7,32.2
2025-12-08,788:WA:SNTL,0.4,7,0,27.8,23.8,39.6,44.8,32.4
2025-12-09,788:WA:SNTL,1,8,4,30.2,24,31.8,35.2,30.9
2025-12-10,788:WA:SNTL,0.3,8.4,0,34.1,24.2,45.7,48.6,32.4
2025-12-11,788:WA:SNTL,0.2,8.6,1,35.8,24.2,39.2,45.9,34.3
2025-12-12,788:WA:SNTL,0.2,8.8,0,36.1,25.5,41.9,44.1,40.3
2025-12-13,788:WA:SNTL,0,8.7,0,36.1,26.1,41.4,46.9,37.6
2025-12-14,788:WA:SNTL,0,8.8,0,36.1,26.6,43,45.5,40.8
2025-12-15,788:WA:SNTL,0.2,9.4,0,38,26.8,41.2,49.3,34.3
2025-12-16,788:WA:SNTL,0.3,9.5,0,39.6,27,37.4,40.1,35.4
2025-12-17,788:WA:SNTL,0.8,9.8,2,40.8,27.4,29.8,40.3,27.3
2025-12-18,788:WA:SNTL,2.6,10,9,43.1,28.5,29.7,36.3,26.2
2025-12-19,788:WA:SNTL,3.3,10.4,16,43.9,28.8,26.8,29.3,25.9
2025-12-20,788:WA:SNTL,4,11,21,44.7,28.9,29.1,30.6,27.1
2025-12-21,788:WA:SNTL,4.2,11,21,44.9,29.6,28.4,29.8,27.5
2025-12-22,788:WA:SNTL,4.5,11.2,23,45.3,30.2,28.2,29.3,26.6
2025-12-23,788:WA:SNTL,4.5,11.6,22,45.4,30.6,27.7,29.1,26.4
2025-12-24,788:WA:SNTL,4.8,11.4,22,45.8,31.2,31.6,33.8,28.9
2025-12-25,788:WA:SNTL,4.8,11.6,21,45.9,31.6,30.4,31.6,28.9
2025-12-26,788:WA:SNTL,5.6,12,26,46.5,32.2,27.9,30.9,24.4
2025-12-27,788:WA:SNTL,6.2,13.4,31,46.9,33.4,23,24.6,20.5
2025-12-28,788:WA:SNTL,6.2,13.4,30,46.9,34.2,20.8,22.6,19.4
2025-12-29,788:WA:SNTL,6.1,14,28,46.9,34.4,20.7,22.6,18.9
2025-12-30,788:WA:SNTL,6.1,14.4,28,47,34.6,22.8,25.7,20.5
2025-12-31,788:WA:SNTL,6.1,14.6,27,47,35.4,24.1,26.8,22.1
2026-01-01,788:WA:SNTL,6.3,14.8,26,47.2,35.8,25.2,27.7,21.7
2026-01-02,788:WA:SNTL,6.4,15,26,47.6,35.9,30.9,34.3,27.3
2026-01-03,788:WA:SNTL,6.5,15.2,25,47.8,36,31.3,32,30
2026-01-04,788:WA:SNTL,6.9,15.3,26,48.2,36.7,31.5,32.2,30
2026-01-05,788:WA:SNTL,6.9,15.7,28,48.3,37.2,28.8,30.4,27
2026-01-06,788:WA:SNTL,8.4,16.2,41,49.8,37.6,27.9,30.9,26.4
2026-01-07,788:WA:SNTL,8.8,16.4,41,50.1,38.6,26.2,27.7,25.3
2026-01-08,788:WA:SNTL,9.6,18,44,50.7,39.2,27,29.8,24.3
2026-01-09,788:WA:SNTL,9.8,18.1,42,50.9,39.2,30.6,31.6,29.1
2026-01-10,788:WA:SNTL,9.7,18.1,40,50.9,39.4,30.2,31.6,28.8
2026-01-11,788:WA:SNTL,10.1,18.4,38,51.6,39.8,32.5,36.9,30.6
2026-01-12,788:WA:SNTL,9.8,18.6,34,51.7,39.8,41.5,45.3,36.3
2026-01-13,788:WA:SNTL,9.2,19,30,51.7,40.2,45.3,49.8,41.5
2026-01-14,788:WA:SNTL,8.8,19,27,51.7,40.6,42.4,52.7,33.4
2026-01-15,788:WA:SNTL,8.6,19.4,26,51.7,42.6,37.9,43.3,34.5
2026-01-16,788:WA:SNTL,8.4,19.4,26,51.7,43.2,33.3,37.2,28.8
2026-01-17,788:WA:SNTL,8.3,19.4,26,51.7,43.4,25.2,33.1,19.2
2026-01-18,788:WA:SNTL,8.2,20,26,51.7,43.7,20.1,24.6,18.3
2026-01-19,788:WA:SNTL,8.2,20.4,26,51.7,43.7,19.6,23.5,18
2026-01-20,788:WA:SNTL,8.2,20.6,26,51.7,43.8,21.2,33.6,17.4
2026-01-21,788:WA:SNTL,8.2,21,25,51.7,44.2,18.7,20.1,17.6
2026-01-22,788:WA:SNTL,8.1,21.4,26,51.7,45.4,18,19.8,16.7
2026-01-23,788:WA:SNTL,8.1,21.7,25,51.8,46.4,19.6,22.1,17.4
2026-01-24,788:WA:SNTL,7.9,22.4,25,51.8,46.8,22.5,29.3,16
2026-01-25,788:WA:SNTL,7.9,22.6,24,51.8,47,19.9,25.9,16.5
2026-01-26,788:WA:SNTL,7.5,22.8,24,52,47.5,26.4,32.4,20.8
2026-01-27,788:WA:SNTL,7.8,23.6,25,52,48,24.6,28.2,21
2026-01-28,788:WA:SNTL,8.2,23.8,27,52.6,48.6,30.2,33.8,24.4
2026-01-29,788:WA:SNTL,9,24.4,26,53.3,49.8,32.4,33.8,31.5
2026-01-30,788:WA:SNTL,9,24.3,26,53.7,50.2,35.6,40.8,32.5
2026-01-31,788:WA:SNTL,8.6,24.5,25,53.7,50.4,37,41.5,32
2026-02-01,788:WA:SNTL,8.7,25.2,23,54.1,50.8,33.4,36.1,30.2
2026-02-02,788:WA:SNTL,8.8,25.3,25,54.7,50.8,34.2,40.1,31.8
2026-02-03,788:WA:SNTL,8.6,25.2,23,54.7,50.9,35.1,40.3,31.5
2026-02-04,788:WA:SNTL,8.4,24.8,23,54.7,51.3,34.7,38.5,31.5
2026-02-05,788:WA:SNTL,8.2,25.4,22,54.7,52.4,32.4,39,28.4
2026-02-06,788:WA:SNTL,8.1,26.2,20,54.7,52.9,37.2,47.8,31.3
2026-02-07,788:WA:SNTL,8.3,26.2,21,55.1,53,32.7,39.6,29.3
2026-02-08,788:WA:SNTL,8,26.1,21,55.2,53.2,33.3,37,31.1
2026-02-09,788:WA:SNTL,8.1,26.4,21,55.3,53.5,30.7,32,28.9
2026-02-10,788:WA:SNTL,8,26.4,21,55.3,53.7,30,33.1,27.1
2026-02-11,788:WA:SNTL,7.9,26.4,21,55.3,53.7,30,34.9,25.3
2026-02-12,788:WA:SNTL,7.9,26.7,22,55.3,53.7,33.3,37.9,29.1
2026-02-13,788:WA:SNTL,7.9,27,23,55.6,53.7,32,36.3,30
2026-02-14,788:WA:SNTL,8.1,26.8,23,55.6,53.9,29.5,31.6,27.1
2026-02-15,788:WA:SNTL,8,26.6,23,55.6,54.1,29.1,31.5,26.6
2026-02-16,788:WA:SNTL,8.1,27.2,24,55.6,54.4,27,30,22.3
2026-02-17,788:WA:SNTL,8.1,27.6,24,55.7,54.5,23.2,26.2,21
2026-02-18,788:WA:SNTL,8.2,27.6,26,55.9,55,24.3,27.5,22.5
2026-02-19,788:WA:SNTL,8.1,28,24,55.9,55.2,23.2,27.1,19.6
2026-02-20,788:WA:SNTL,8,28.2,25,56,55.2,22.6,26.8,18.7
2026-02-21,788:WA:SNTL,8,28.2,26,56.1,55.2,23,26.6,20.7
2026-02-22,788:WA:SNTL,7.9,28.5,25,56.3,56,29.5,31.8,26.4
2026-02-23,788:WA:SNTL,8.5,29.6,30,56.8,56.6,28.9,31.5,27.1
2026-02-24,788:WA:SNTL,8.7,29.6,31,57,56.7,28.9,31.1,26.4
2026-02-25,788:WA:SNTL,9,29.6,31,57.1,56.8,27.7,29.7,25.5
2026-02-26,788:WA:SNTL,9.2,29.7,30,57.2,57,29.7,31.5,27.5
2026-02-27,788:WA:SNTL,9.3,29.6,30,57.3,57.9,30.9,32.4,29.5
2026-02-28,788:WA:SNTL,9.4,29.8,30,57.3,58.2,31.5,35.4,27.5
2026-03-01,788:WA:SNTL,9.4,30.3,29,57.3,58.9,34.2,40.3,29.7
2026-03-02,788:WA:SNTL,9.4,30.5,29,57.3,59.4,38.8,46.6,34.2
2026-03-03,788:WA:SNTL,9.2,31,27,57.4,59.8,38.1,40.6,36.7
2026-03-04,788:WA:SNTL,9.6,31.7,27,57.8,60.3,34,37.4,30.6
2026-03-05,788:WA:SNTL,9.8,32,27,58.1,60.6,31.3,32,30.2
2026-03-06,788:WA:SNTL,10,31.8,26,58.4,60.8,34.2,37.9,30.4
2026-03-07,788:WA:SNTL,9.5,31.7,24,58.5,60.9,38.8,41.2,37.4
2026-03-08,788:WA:SNTL,9.3,31.8,22,59.6,61,33.6,38.7,25.3
2026-03-09,788:WA:SNTL,9.6,32,28,60.1,62.2,24.3,25.7,22.5
2026-03-10,788:WA:SNTL,10,32.4,31,60.6,62.4,24.4,28.4,20.8
2026-03-11,788:WA:SNTL,12.4,32.9,40,63.4,62.7,30.7,38.3,26.8
2026-03-12,788:WA:SNTL,13.2,32.6,43,64.5,63,28.2,33.3,26.6
2026-03-13,788:WA:SNTL,17,32.5,71,68.1,63.8,28.2,29.5,27
2026-03-14,788:WA:SNTL,17.2,33,67,68.2,64.6,24.6,27.9,21.9
2026-03-15,788:WA:SNTL,17.6,33,65,68.5,65,24.8,31.8,20.1
2026-03-16,788:WA:SNTL,17.6,33.2,60,69,65,38.7,46.9,31.6
2026-03-17,788:WA:SNTL,17.9,33.6,55,70.2,65.2,40.8,47.1,35.4
2026-03-18,788:WA:SNTL,17.2,34.1,44,70.7,65.4,42.4,45.1,38.3
2026-03-19,788:WA:SNTL,16.9,34.2,40,71.6,65.4,42.8,45.9,39.4
2026-03-20,788:WA:SNTL,15.6,34.4,39,72.4,65.8,40.3,45.5,34.7
2026-03-21,788:WA:SNTL,15.2,34.4,38,72.4,65.8,31.6,35.1,28
2026-03-22,788:WA:SNTL,15.2,34.6,38,72.5,65.9,31.5,41.4,25.3
2026-03-23,788:WA:SNTL,15.1,34.8,37,72.5,66,36.7,44.4,30.6
2026-03-24,788:WA:SNTL,15.4,35.3,37,73.9,66.4,35.4,40.5,31.5
2026-03-25,788:WA:SNTL,15.2,35.8,39,74.2,66.6,30.2,36.3,25.2
2026-03-26,788:WA:SNTL,15.1,36,39,74.2,67,28.4,34.7,24.3
2026-03-27,788:WA:SNTL,15.1,36.1,38,74.2,67.3,34.9,45,27
2026-03-28,788:WA:SNTL,15.1,36.6,38,74.2,67.6,35.4,42.6,30.9
2026-03-29,788:WA:SNTL,15.1,36.6,38,74.2,68.3,30,34.7,24.8
2026-03-30,788:WA:SNTL,15.1,36.4,38,74.2,68.3,27.7,35.4,21.4
2026-03-31,788:WA:SNTL,15.1,36.6,37,74.2,68.4,33.1,40.5,25.9
2026-04-01,788:WA:SNTL,15.3,36,38,74.4,68.4,31.8,35.4,28.2
2026-04-02,788:WA:SNTL,15.4,35.9,38,74.4,68.6,30.4,32.2,28.2
2026-04-03,788:WA:SNTL,15.4,35.8,38,74.4,68.6,33.3,38.7,28.4
2026-04-04,788:WA:SNTL,15.3,35.8,36,74.4,69.2,42.6,53.6,34
2026-04-05,788:WA:SNTL,15,35.6,35,74.4,69.2,45.9,54,38.3
2026-04-06,788:WA:SNTL,14.4,35.6,33,74.4,69.4,49.6,57.9,40.5
2026-04-07,788:WA:SNTL,14,35.8,33,74.4,69.5,36,41.7,30.7
2026-04-08,788:WA:SNTL,13.8,35.6,33,74.4,69.8,39.4,50.4,30.7
2026-04-09,788:WA:SNTL,13.6,35.4,32,74.4,69.8,44.1,54,32.9
2026-04-10,788:WA:SNTL,13.4,35.2,31,74.5,69.8,43.7,52.5,36.7
2026-04-11,788:WA:SNTL,13,35,30,74.6,69.8,39.7,45.3,37.4
2026-04-12,788:WA:SNTL,12.6,34.8,29,74.6,70,39.4,46.4,34.7
2026-04-13,788:WA:SNTL,12.2,35.5,29,74.7,70.2,34.2,37,30.4
2026-04-14,788:WA:SNTL,12.8,36.2,32,75.5,70.6,31.6,33.3,29.8
2026-04-15,788:WA:SNTL,13.9,36.3,44,76.7,70.6,27.5,31.6,25.7
2026-04-16,788:WA:SNTL,14,36.4,43,76.7,71,28.6,31.6,25.3
2026-04-17,788:WA:SNTL,14,36.8,41,76.7,71.2,32.7,39.4,27.7
2026-04-18,788:WA:SNTL,13.9,36.4,37,76.7,71.4,40.8,49.8,31.6
2026-04-19,788:WA:SNTL,13.8,36.8,33,76.7,71.9,46.9,57,37.8
2026-04-20,788:WA:SNTL,13.2,36.4,29,76.7,72.3,49.6,61.2,41.5
2026-04-21,788:WA:SNTL,12.5,35.8,28,76.8,72.4,42.6,49.5,38.8
2026-04-22,788:WA:SNTL,12,35.8,26,76.9,72.4,37.2,39.2,34.5
2026-04-23,788:WA:SNTL,11.6,35.4,26,76.9,72.5,34.2,36.1,32.5
2026-04-24,788:WA:SNTL,11.4,35.1,25,76.9,72.6,37,45.9,31.1
2026-04-25,788:WA:SNTL,11.2,35,25,76.9,72.6,40.1,48.6,32.2
2026-04-26,788:WA:SNTL,11,34.6,25,76.9,72.8,42.1,50.7,35.8
2026-04-27,788:WA:SNTL,10.7,34.3,23,76.9,73.4,38.8,46.8,32.9
2026-04-28,788:WA:SNTL,10.3,34,22,76.9,73.5,36.7,40.5,33.8
2026-04-29,788:WA:SNTL,9.7,34.1,21,76.9,73.9,45.5,58.1,35.1
2026-04-30,788:WA:SNTL,8.9,33.6,18,76.9,74.6,50.4,61.5,41.2
2026-05-01,788:WA:SNTL,7.8,32.7,16,76.9,74.8,52.5,62.4,43.3
2026-05-02,788:WA:SNTL,6.4,32.4,12,76.9,74.8,56.8,68.4,47.3
2026-05-03,788:WA:SNTL,4.8,32.2,9,76.9,74.8,61.2,71.4,53.2
2026-05-04,788:WA:SNTL,3.4,31.6,6,76.9,74.8,59,68.7,50.2
2026-05-05,788:WA:SNTL,2.3,31,4,76.9,75.1,52.9,64.2,46.2
2026-05-06,788:WA:SNTL,1.5,30,1,76.9,75.2,46.4,56.7,41.7
2026-05-07,788:WA:SNTL,0.8,29.3,0,76.9,75.2,44.4,54.3,37.8
2026-05-08,788:WA:SNTL,0.4,28.4,0,76.9,75.2,43.2,48.7,39.7
2026-05-09,788:WA:SNTL,0.2,27.6,0,76.9,75.4,50.5,63.3,39.4
2026-05-10,788:WA:SNTL,0,26.6,0,76.9,75.4,47.1,50.7,40.5
2026-05-11,788:WA:SNTL,0,26,0,76.9,75.4,51.4,63.3,40.3
2026-05-12,788:WA:SNTL,0,25.4,0,76.9,75.5,58.1,70,47.8
2026-05-13,788:WA:SNTL,0,24.6,0,78.1,75.6,40.1,48.2,35.4
2026-05-14,788:WA:SNTL,0,23.8,0,78.5,75.7,37.9,41.2,34.7
2026-05-15,788:WA:SNTL,0,23.6,0,78.9,75.8,33.1,35.6,31.8
2026-05-16,788:WA:SNTL,0.3,23.6,0,79.4,76,31.6,35.8,30.2
2026-05-17,788:WA:SNTL,0.2,23.4,0,79.4,76,34.7,38.7,30.7
2026-05-18,788:WA:SNTL,0.2,22.2,0,79.4,76.2,42.1,51.6,35.8
2026-05-19,788:WA:SNTL,0.2,21.6,0,79.4,76.2,42.3,48.2,38.5
2026-05-20,788:WA:SNTL,0.1,20,0,79.4,76.2,46.8,57.7,40.8
2026-05-21,788:WA:SNTL,0.1,19.1,0,79.4,76.4,53.4,65.3,42.4
2026-05-22,788:WA:SNTL,0.1,18.8,0,79.4,76.7,55.6,65.8,46.4
2026-05-23,788:WA:SNTL,0.1,18.4,0,79.4,76.8,51.6,60.4,45.1
2026-05-24,788:WA:SNTL,0,17.9,0,79.4,76.8,51.4,61.7,43.3
2026-05-25,788:WA:SNTL,0,17.8,0,79.4,76.8,46.2,52.5,38.3
2026-05-26,788:WA:SNTL,0,17.4,0,79.4,77,40.8,45.1,37.2
2026-05-27,788:WA:SNTL,0,17.1,0,79.4,77.2,51.1,64.4,41.7
2026-05-28,788:WA:SNTL,0,16,0,79.4,77.4,58.3,71.4,50.5
2026-05-29,788:WA:SNTL,0,13.8,0,79.9,77.4,41.4,51.1,36.5
2026-05-30,788:WA:SNTL,0,12.4,0,79.9,77.5,37.8,43.7,34.2
2026-05-31,788:WA:SNTL,0,11.6,0,79.9,77.5,43.2,54.3,32.2
2026-06-01,788:WA:SNTL,0,10.8,0,79.9,77.6,52.5,63.3,41.9
2026-06-02,788:WA:SNTL,0,9.6,0,79.9,77.6,57.9,68,46.4
2026-06-03,788:WA:SNTL,0,8.3,0,79.9,77.6,52.7,57.9,44.4
2026-06-04,788:WA:SNTL,0,7,0,79.9,77.6,46,54,40.8
2026-06-05,788:WA:SNTL,0,4.8,0,80.1,77.6,40.5,47.7,35.8
2026-06-06,788:WA:SNTL,0.1,3.2,0,80.5,77.6,36,40.1,34.3
2026-06-07,788:WA:SNTL,0.1,2.7,0,80.5,77.8,39.4,46.6,34.2
2026-06-08,788:WA:SNTL,0.2,1.8,0,80.8,78,44.2,50.2,37.9
2026-06-09,788:WA:SNTL,0.1,1.3,0,82.3,78,40.8,44.4,36.9
2026-06-10,788:WA:SNTL,0.1,0.7,0,82.3,78.2,39.9,44.8,36.1
2026-06-11,788:WA:SNTL,0.1,0,0,82.3,78.2,47.5,59,37.4
2026-06-12,788:WA:SNTL,0,0,0,82.3,78.4,51.4,61.9,42.1
2026-06-13,788:WA:SNTL,0,0,0,82.3,78.4,60.1,70.7,47.1
2026-06-14,788:WA:SNTL,0,0,0,82.3,78.5,64.9,74.8,53.8
2026-06-15,788:WA:SNTL,0,0,0,82.3,78.5,68.2,78.4,57.4
2026-06-16,788:WA:SNTL,0,0,0,82.3,78.5,55.8,60.8,46.9
2026-06-17,788:WA:SNTL,0,0,0,82.3,78.7,51.6,61.9,42.3
2026-06-18,788:WA:SNTL,0,0,0,82.3,78.8,58.6,73.2,45.1
2026-06-19,788:WA:SNTL,0,0,0,82.3,79,63.9,75.9,52.2
2026-06-20,788:WA:SNTL,0,0,0,82.3,79.7,51.4,60.3,42.6
2026-06-21,788:WA:SNTL,0,0,0,82.3,79.8,53.8,64.8,44.2
2026-06-22,788:WA:SNTL,0,0,0,82.3,79.8,62.2,73.8,50.4
2026-06-23,788:WA:SNTL,0,0,0,82.3,79.8,66.6,76.1,56.5
2026-06-24,788:WA:SNTL,0,0,0,82.3,79.8,65.5,75.2,54.9
2026-06-25,788:WA:SNTL,0,0,0,82.4,79.8,53.4,61.5,46.2
2026-06-26,788:WA:SNTL,0,0,0,82.7,79.8,46.8,54.1,43.3
2026-06-27,788:WA:SNTL,0,0,0,82.9,79.8,42.3,45,38.8
2026-06-28,788:WA:SNTL,0.1,0,0,82.9,79.8,44.1,45.7,41.7
2026-06-29,788:WA:SNTL,0.1,0,0,82.9,79.8,43.7,45.7,41.4
2026-06-30,788:WA:SNTL,0.1,0,0,82.9,79.8,44.1,48,41.4
2026-07-01,788:WA:SNTL,0.1,0,0,82.9,79.8,43.7,50.2,39.2
2026-07-02,788:WA:SNTL,0.1,0,0,82.9,79.8,49.6,58.8,42.8
2026-07-03,788:WA:SNTL,0.1,0,0,82.9,79.9,53.4,61.9,49.5
2026-07-04,788:WA:SNTL,0,0,0,82.9,80,52.9,61.9,46.6
2026-07-05,788:WA:SNTL,0,0,0,82.9,80,55.4,66.6,46.2
2026-07-06,788:WA:SNTL,0,0,0,82.9,80,64.4,77.2,52.3
2026-07-07,788:WA:SNTL,0,0,0,82.9,80.1,60.3,70.9,49.8
2026-07-08,788:WA:SNTL,0,0,0,82.9,80.2,53.6,63.7,47.3
2026-07-09,788:WA:SNTL,0,0,0,82.9,80.2,55.6,66.6,48
2026-07-10,788:WA:SNTL,0,0,0,82.9,80.2,56.7,66.9,49.3
2026-07-11,788:WA:SNTL,0,0,0,82.9,80.2,54.3,63,48.9
2026-07-12,788:WA:SNTL,0,0,0,82.9,80.2,51.6,61.7,43.3
2026-07-13,788:WA:SNTL,0,0,0,82.9,80.2,57.6,70.3,45.5
2026-07-14,788:WA:SNTL,0,0,0,82.9,80.2,63,73.8,54
2026-07-15,788:WA:SNTL,0,0,0,82.9,80.2,64.6,81.3,56.1
2026-07-16,788:WA:SNTL,0,0,0,82.9,80.2,58.3,67.1,49.3
2026-07-17,788:WA:SNTL,0,0,0,82.9,80.2,51.8,60.6,46.2
2026-07-18,788:WA:SNTL,0,0,0,82.9,80.2,52.3,61.2,46.4
2026-07-19,788:WA:SNTL,0,0,0,82.9,80.2,56.7,68,46.9
2026-07-20,788:WA:SNTL,0,0,0,82.9,80.2,65.7,74.5,55.4
2026-07-21,788:WA:SNTL,0,0,0,82.9,80.2,72,83.7,62.2
2026-07-22,788:WA:SNTL,0,0,0,83,80.2,74.7,87.6,58.6
2026-07-23,788:WA:SNTL,0,0,0,83.3,80.5,57.6,59.4,54.3
2026-07-24,788:WA:SNTL,0,0,0,83.3,80.5,60.6,72.3,52.2
2026-07-25,788:WA:SNTL,0,0,0,83.4,80.5,53.1,57.9,50.4
2026-07-26,788:WA:SNTL,0,0,0,83.4,80.8,54.3,63.1,48.4
2026-07-27,788:WA:SNTL,0,0,0,83.4,80.8,56.8,66.2,48.2
2026-07-28,788:WA:SNTL,0,0,0,83.4,80.8,54.3,60.6,50.2
2026-07-29,788:WA:SNTL,0,0,0,83.4,80.8,55,65.3,47.7
2026-07-30,788:WA:SNTL,0,0,0,83.4,80.8,55,65.3,46
2026-07-31,788:WA:SNTL,0,0,0,83.4,80.8,61.3,78.6,50
2026-08-01,788:WA:SNTL,0,0,0,83.4,80.8,50.7,56.5,45.5
2026-08-02,788:WA:SNTL,0,0,0,83.4,80.8,46,52.7,43.5
2026-08-03,788:WA:SNTL,0,0,0,83.4,80.8,53.8,65.8,42.3
2026-08-04,788:WA:SNTL,0,0,0,83.4,80.8,61.7,73.6,50.9
2026-08-05,788:WA:SNTL,0,0,0,83.4,80.8,67.1,79.3,59.4
2026-08-06,788:WA:SNTL,0,0,0,83.4,80.8,67.1,78.6,59.7
2026-08-07,788:WA:SNTL,0,0,0,83.4,80.9,65.1,76.5,58.5
2026-08-08,788:WA:SNTL,0,0,0,83.4,80.9,61.9,72.3,54.5
2026-08-09,788:WA:SNTL,0,0,0,83.4,81,57.2,68.2,49.8
2026-08-10,788:WA:SNTL,0,0,0,83.4,81.2,55.6,66,46.8
2026-08-11,788:WA:SNTL,0,0,0,83.4,81.6,56.1,66.6,47.7
2026-08-12,788:WA:SNTL,0,0,0,83.4,82.4,54.3,61.2,48.2
2026-08-13,788:WA:SNTL,0,0,0,83.4,82.5,58.6,68.9,51.1
2026-08-14,788:WA:SNTL,0,0,0,83.4,82.6,60.6,70.3,53.6
2026-08-15,788:WA:SNTL,0,0,0,83.4,82.6,57.6,63.7,52.9
2026-08-16,788:WA:SNTL,0,0,0,83.4,82.6,57,65.1,52.5
2026-08-17,788:WA:SNTL,0,0,0,83.4,82.6,59.2,72.1,52
2026-08-18,788:WA:SNTL,0,0,0,83.4,82.6,59.7,70.2,52.9
2026-08-19,788:WA:SNTL,0,0,0,83.4,82.6,60.4,71.4,52.7
2026-08-20,788:WA:SNTL,0,0,0,83.4,82.6,66.2,78.1,56.1
2026-08-21,788:WA:SNTL,0,0,0,83.4,82.6,69.4,84.7,59.2
2026-08-22,788:WA:SNTL,0,0,0,83.4,82.6,57.7,65.8,50
2026-08-23,788:WA:SNTL,0,0,0,83.4,82.6,51.4,57.6,48.9
2026-08-24,788:WA:SNTL,0,0,0,83.4,82.6,61.7,73.8,48.6
2026-08-25,788:WA:SNTL,0,0,0,83.4,82.6,66.7,78.4,58.6
2026-08-26,788:WA:SNTL,0,0,0,83.4,82.8,60.1,69.4,51.8
2026-08-27,788:WA:SNTL,0,0,0,83.5,83,53.1,58.3,49.1
2026-08-28,788:WA:SNTL,0,0,0,83.6,83.2,51.3,59,47.3
2026-08-29,788:WA:SNTL,0,0,0,83.9,83.2,45,48,41.2
2026-08-30,788:WA:SNTL,0,0,0,83.9,83.8,46.8,54.3,42.4
2026-08-31,788:WA:SNTL,0,0,0,83.9,83.8,57.2,68.9,45.5
2026-09-01,788:WA:SNTL,0,0,0,83.9,83.8,51.8,59,48.4
2026-09-02,788:WA:SNTL,0,0,0,84.1,84,47.7,55.6,40.3
2026-09-03,788:WA:SNTL,0,0,0,84.4,84.2,43.5,49.3,39.7
2026-09-04,788:WA:SNTL,0,0,0,84.6,84.3,44.1,51.4,40.3
2026-09-05,788:WA:SNTL,0,0,0,84.6,84.6,45.5,51.4,41.2
2026-09-06,788:WA:SNTL,0,0,0,84.6,84.6,48.9,56.8,42.1
2026-09-07,788:WA:SNTL,0,0,0,84.6,84.6,46.2,50,43.9
2026-09-08,788:WA:SNTL,0,0,0,84.6,84.8,52.5,64.9,44.2
2026-09-09,788:WA:SNTL,0,0,0,84.6,84.8,59.4,69.6,53.4
2026-09-10,788:WA:SNTL,0,0,0,84.6,84.9,53.2,58.3,47.8
2026-09-11,788:WA:SNTL,0,0,0,84.6,85.1,48.6,55.9,43.3
2026-09-12,788:WA:SNTL,0,0,0,84.6,85.1,52.2,59.4,46.4
2026-09-13,788:WA:SNTL,0,0,0,85.8,85.6,43.7,46.4,41.9
2026-09-14,788:WA:SNTL,0,0,0,85.8,85.6,44.2,46,42.8
2026-09-15,788:WA:SNTL,0,0,0,85.8,85.6,45.7,48.2,43.5
2026-09-16,788:WA:SNTL,0,0,0,85.8,85.6,51.4,61.3,43.5
2026-09-17,788:WA:SNTL,0,0,0,85.8,85.6,56.3,67.1,48.4
2026-09-18,788:WA:SNTL,0,0,0,85.8,85.7,52.9,61,48.4
2026-09-19,788:WA:SNTL,0,0,0,85.8,85.7,55.8,65.7,47.7
2026-09-20,788:WA:SNTL,0,0,0,85.8,85.7,61.7,70.5,55.9
2026-09-21,788:WA:SNTL,0,0,0,85.8,85.7,57.2,65.7,47.5
2026-09-22,788:WA:SNTL,0,0,0,85.8,85.8,48.6,53.6,45
2026-09-23,788:WA:SNTL,0,0,0,85.8,85.9,46.9,54.1,42.8
2026-09-24,788:WA:SNTL,0,0,0,85.8,86,49.3,55.4,42.1
2026-09-25,788:WA:SNTL,0,0,0,86.5,86,43,48.7,37
2026-09-26,788:WA:SNTL,0,0,0,86.6,86,40.1,48.6,34.5
2026-09-27,788:WA:SNTL,0,0,0,86.6,86.4,44.8,53.1,36.9
2026-09-28,788:WA:SNTL,0,0,0,86.6,86.6,46,54,40.8
2026-09-29,788:WA:SNTL,0,0,0,87.1,86.6,48.4,51.1,43.9
2026-09-30,788:WA:SNTL,0,0,0,87.1,86.8,43.3,48.2,38.3
2026-10-01,788:WA:SNTL,0,0,0,0,0,49.5,56.7,43.3
2026-10-02,788:WA:SNTL,0.1,0,0,,,52.2,57.9,48.7
2026-10-03,788:WA:SNTL,0.1,0,,,,54.5,62.6,46.2
2026-10-04,788:WA:SNTL,0.1,0,0,,,55.9,66,49.1
2026-10-05,788:WA:SNTL,0.1,0,,,,53.2,59.7,49.6
2025-10-01,910:WA:SNTL,0,0,0,0.7,0,46.8,49.5,44.1
2025-10-02,910:WA:SNTL,0,0,0,0.8,0.2,47.1,53.8,44.8
2025-10-03,910:WA:SNTL,0,0,0,0.8,0.4,48,55,43.5
2025-10-04,910:WA:SNTL,0,0,0,0.8,0.8,46.8,51.8,42.6
2025-10-05,910:WA:SNTL,0,0,0,0.8,0.8,47.1,55.9,40.5
2025-10-06,910:WA:SNTL,0,0,0,0.8,1.3,53.4,61.7,45.9
2025-10-07,910:WA:SNTL,0,0,0,0.8,1.5,56.5,64.6,49.6
2025-10-08,910:WA:SNTL,0,0,0,1,2.3,46.6,50.9,42.3
2025-10-09,910:WA:SNTL,0,0,0,1,2.8,50,57,45.1
2025-10-10,910:WA:SNTL,0,0,0,1.2,3.6,46.8,57.2,43.5
2025-10-11,910:WA:SNTL,0,0,0,2.3,4.1,43.3,44.6,40.5
2025-10-12,910:WA:SNTL,0,0,0,2.9,4.5,37.6,41.4,34.5
2025-10-13,910:WA:SNTL,0,0,0,3,4.6,39.4,47.3,33.8
2025-10-14,910:WA:SNTL,0,0,0,3,5,42.3,51.1,35.8
2025-10-15,910:WA:SNTL,0,0,0,3.1,5,44.1,51.3,40.3
2025-10-16,910:WA:SNTL,0,0,0,3.2,6.1,43.9,51.1,39.9
2025-10-17,910:WA:SNTL,0,0,0,3.4,7.7,41,44.1,37.9
2025-10-18,910:WA:SNTL,0,0,0,4.9,9.2,39.4,45.3,35.2
2025-10-19,910:WA:SNTL,0,0,0,7.2,9.3,41,42.4,39.7
2025-10-20,910:WA:SNTL,0,0,0,7.2,9.3,41.4,43.5,40.1
2025-10-21,910:WA:SNTL,0,0,0,7.3,10.3,43.9,49.8,40.5
2025-10-22,910:WA:SNTL,0,0,0,7.7,10.8,46.8,53.8,43.5
2025-10-23,910:WA:SNTL,0,0,0,7.7,11.7,44.8,47.8,42.3
2025-10-24,910:WA:SNTL,0,0,0,11,11.7,42.1,47.7,34.2
2025-10-25,910:WA:SNTL,0.1,0,1,12.2,12.3,36.9,39.6,34.2
2025-10-26,910:WA:SNTL,0.4,0,4,13,12.3,34.9,37,33.8
2025-10-27,910:WA:SNTL,0.6,0,2,13.4,12.4,34.5,38.3,33.4
2025-10-28,910:WA:SNTL,0.4,0,0,14.9,13.5,37.6,46.2,32.9
2025-10-29,910:WA:SNTL,0,0,0,15.2,14.4,39.4,41.9,36
2025-10-30,910:WA:SNTL,0,0,0,15.2,17.8,40.8,46.9,35.8
2025-10-31,910:WA:SNTL,0,0,0,16.8,17.8,44.2,46.8,41.4
2025-11-01,910:WA:SNTL,0,0,0,20,18.1,43.5,50.5,37
2025-11-02,910:WA:SNTL,0,0,0,20.3,18.9,36.7,40.3,34.5
2025-11-03,910:WA:SNTL,0,0,0,20.3,19.8,37,43.5,33.8
2025-11-04,910:WA:SNTL,0,0,0,20.3,20.3,41,47.5,33.8
2025-11-05,910:WA:SNTL,0,0,0,22,20.8,44.2,48.7,41.7
2025-11-06,910:WA:SNTL,0,0,0,25,21.9,41.7,44.2,36.7
2025-11-07,910:WA:SNTL,0,0,0,25.1,22.4,37,40.5,34.3
2025-11-08,910:WA:SNTL,0,0,0,25.1,22.7,41,48.6,32.9
2025-11-09,910:WA:SNTL,0,0,0,25.1,23.5,53.8,61.2,48
2025-11-10,910:WA:SNTL,0,0,0,25.6,24.7,45.3,48.4,39.7
2025-11-11,910:WA:SNTL,0,0.1,0,25.6,24.9,40.3,44.1,35.4
2025-11-12,910:WA:SNTL,0,0.2,0,26.6,25.7,46.4,49.3,43.2
2025-11-13,910:WA:SNTL,0,0.2,0,29.8,26.6,46,48.6,37.4
2025-11-14,910:WA:SNTL,0,0.2,0,31.6,27.6,37.8,40.5,36
2025-11-15,910:WA:SNTL,0,0.3,0,32,29.8,44.8,47.3,40.1
2025-11-16,910:WA:SNTL,0,0.2,0,32.3,30,47.1,48.9,45.1
2025-11-17,910:WA:SNTL,0,0.6,0,33.3,30,39.6,46.2,34.2
2025-11-18,910:WA:SNTL,0,1,0,33.3,30,35.2,37.6,33.3
2025-11-19,910:WA:SNTL,0,1,0,33.3,30.4,36.7,42.6,32.7
2025-11-20,910:WA:SNTL,0,1.3,0,33.4,32,38.8,41,36
2025-11-21,910:WA:SNTL,0,1.5,0,33.8,32.3,38.5,39.9,36
2025-11-22,910:WA:SNTL,0,1.4,0,34.3,32.3,42.8,43.9,39.7
2025-11-23,910:WA:SNTL,0,1.8,0,35.1,33.7,39.7,42.8,33.4
2025-11-24,910:WA:SNTL,0,2.4,0,35.2,34.4,33.4,34.7,32
2025-11-25,910:WA:SNTL,1.3,2.4,11,36.6,34.8,33.3,34.2,32.2
2025-11-26,910:WA:SNTL,1.1,2.4,3,36.8,35.6,37.2,40.5,34
2025-11-27,910:WA:SNTL,0.6,2.5,2,37.5,39.1,39.7,41.4,38.5
2025-11-28,910:WA:SNTL,0.3,3.2,3,37.6,39.3,37,40.3,33.4
2025-11-29,910:WA:SNTL,0.2,3.4,2,37.6,39.3,36.7,42.4,31.1
2025-11-30,910:WA:SNTL,0.3,3.3,2,37.6,39.8,33.3,38.7,30.2
2025-12-01,910:WA:SNTL,0.7,3.7,2,38,40.3,34.3,36.5,32.9
2025-12-02,910:WA:SNTL,0.8,4.5,4,38.1,40.8,34.3,36.5,33.1
2025-12-03,910:WA:SNTL,0.9,4.7,4,38.2,43,33.4,34.3,31.8
2025-12-04,910:WA:SNTL,1.5,4.6,9,39,45,34.2,34.7,33.8
2025-12-05,910:WA:SNTL,1.4,4.9,2,41.4,46.5,38.3,42.3,34.5
2025-12-06,910:WA:SNTL,1.5,6.5,5,43.9,47.1,37,38.8,35.1
2025-12-07,910:WA:SNTL,1.1,6.8,1,45,48.3,38.8,41,37
2025-12-08,910:WA:SNTL,0.4,7,1,49.2,49.2,40.5,46,36.7
2025-12-09,910:WA:SNTL,0.3,7.7,0,50.1,49.3,37,39.7,34.2
2025-12-10,910:WA:SNTL,0.2,7.7,0,58.4,49.3,44.2,47.7,37.6
2025-12-11,910:WA:SNTL,0.1,7.7,0,59.3,49.3,38.5,41.7,35.8
2025-12-12,910:WA:SNTL,0.2,7.7,0,60.3,49.4,42.1,44.4,36.9
2025-12-13,910:WA:SNTL,0.2,7.7,0,60.3,49.4,43.9,49.8,41
2025-12-14,910:WA:SNTL,0.2,7.7,0,60.7,50.3,43.9,49.6,41.2
2025-12-15,910:WA:SNTL,0.1,8.3,0,64,50.5,44.1,48.6,34.2
2025-12-16,910:WA:SNTL,0.2,8.1,0,67.2,51.2,38.5,43.5,33.8
2025-12-17,910:WA:SNTL,0.7,9.6,3,68.9,52.3,33.8,43.7,31.6
2025-12-18,910:WA:SNTL,1.4,10.2,5,70.1,54.1,34,37.9,32
2025-12-19,910:WA:SNTL,2.3,10.4,11,71.2,55.8,31.1,32.4,30.6
2025-12-20,910:WA:SNTL,3.3,10.8,17,71.9,56.5,32.5,33.8,31.3
2025-12-21,910:WA:SNTL,4.1,10.7,20,72.8,56.6,34,34.5,32.9
2025-12-22,910:WA:SNTL,5,11.1,27,73.8,56.6,32.5,33.6,31.6
2025-12-23,910:WA:SNTL,5,12,22,73.9,58.4,31.8,34.5,30.2
2025-12-24,910:WA:SNTL,5.2,12.3,22,74.5,58.4,35.1,39.2,32.9
2025-12-25,910:WA:SNTL,5.3,12.4,21,74.9,58.4,34.3,37,32
2025-12-26,910:WA:SNTL,6,12.5,25,76,58.8,32.4,36,28
2025-12-27,910:WA:SNTL,6,12.9,25,76,59,27.3,31.8,25.5
2025-12-28,910:WA:SNTL,6,12.5,24,76,61,29.1,33.4,23.7
2025-12-29,910:WA:SNTL,6,12.7,24,76,63,35.1,37.4,32.9
2025-12-30,910:WA:SNTL,5.9,13.6,21,76,63.4,39.6,45.7,36.7
2025-12-31,910:WA:SNTL,5.8,14.7,22,76,63.9,,,
2026-01-01,910:WA:SNTL,5.8,14.8,21,76,63.9,42.1,46.2,37.6
2026-01-02,910:WA:SNTL,5.8,14.9,14,76.2,64.5,40.5,43.9,37.8
2026-01-03,910:WA:SNTL,5.6,15,15,77.8,67.8,39.6,42.8,36.3
2026-01-04,910:WA:SNTL,5.6,15.5,14,78.8,69,36,38.8,33.8
2026-01-05,910:WA:SNTL,5.8,15.7,17,79.4,69.1,32.7,34.7,30.7
2026-01-06,910:WA:SNTL,7.4,15.8,32,81,70.2,32,32.5,30.7
2026-01-07,910:WA:SNTL,8.3,15.9,37,81.9,70.3,30.9,32,29.8
2026-01-08,910:WA:SNTL,9,16.5,40,82.6,71.1,30.6,31.5,28.6
2026-01-09,910:WA:SNTL,9.2,16,39,82.8,71.3,33.4,35.1,31.5
2026-01-10,910:WA:SNTL,9.5,16.4,38,83.2,72.3,35.1,38.1,34
2026-01-11,910:WA:SNTL,10,17.2,31,84.9,73.3,37.2,42.6,34
2026-01-12,910:WA:SNTL,9.6,17.9,24,89.1,73.6,42.8,45.9,39.7
2026-01-13,910:WA:SNTL,8.7,17.1,22,89.2,74.1,46,50.7,41
2026-01-14,910:WA:SNTL,8.5,17.7,23,89.3,74.7,43.5,50.7,38.8
2026-01-15,910:WA:SNTL,8.3,17.6,23,89.3,74.8,40.3,46,33.3
2026-01-16,910:WA:SNTL,8.2,18.6,22,89.3,75.9,47.1,55,43.5
2026-01-17,910:WA:SNTL,8.2,18.4,22,89.3,77.8,47.8,53.6,44.6
2026-01-18,910:WA:SNTL,8.1,18.8,22,89.3,77.8,48.4,54.9,45.1
2026-01-19,910:WA:SNTL,8,19.3,21,89.4,78.3,46.4,52.5,43.3
2026-01-20,910:WA:SNTL,7.8,20.2,21,89.4,78.3,45.7,54.1,42.1
2026-01-21,910:WA:SNTL,7.7,20.6,21,89.5,79.8,41.4,47.7,37.4
2026-01-22,910:WA:SNTL,7.7,21.5,21,89.6,80.2,36.3,41.2,31.6
2026-01-23,910:WA:SNTL,7.5,21.5,20,89.6,80.2,34.3,41.4,30.9
2026-01-24,910:WA:SNTL,7.3,21.2,21,89.6,80.2,33.8,40.1,30.9
2026-01-25,910:WA:SNTL,7.3,21.3,20,89.6,80.7,35.4,42.1,31.5
2026-01-26,910:WA:SNTL,7.6,22.7,20,89.6,81.8,38.3,42.8,35.1
2026-01-27,910:WA:SNTL,7.8,22.7,20,89.6,82.1,43.2,50,34.5
2026-01-28,910:WA:SNTL,7.9,22.9,20,90.9,83.7,36.7,39.4,34.3
2026-01-29,910:WA:SNTL,7.7,23.1,16,93.1,85.5,39.7,41.9,37.2
2026-01-30,910:WA:SNTL,7.3,22.9,17,95,85.7,39.6,43.3,34.2
2026-01-31,910:WA:SNTL,6.7,22.8,17,95.6,85.8,42.6,45.9,39.7
2026-02-01,910:WA:SNTL,6.5,22.5,16,96.8,87.6,39.4,45.7,34.5
2026-02-02,910:WA:SNTL,6.6,22.5,15,98,87.6,37.9,41.4,34.3
2026-02-03,910:WA:SNTL,6,22.5,13,98,87.7,44.6,48.9,40.8
2026-02-04,910:WA:SNTL,5.1,23.4,13,98,88.5,50.4,56.8,45.9
2026-02-05,910:WA:SNTL,4.4,25.1,12,98,88.9,54.9,66.4,49.3
2026-02-06,910:WA:SNTL,3.9,25.7,11,98,89.7,49.8,56.3,45.3
2026-02-07,910:WA:SNTL,3.4,26.3,10,100.7,90.5,42.3,46.9,34.2
2026-02-08,910:WA:SNTL,3.1,26.5,10,100.8,93,34.7,42.3,31.6
2026-02-09,910:WA:SNTL,3.5,25.9,11,101.2,93.8,34.3,35.2,33.3
2026-02-10,910:WA:SNTL,3.5,26.4,11,101.2,94.3,36.1,41.9,33.4
2026-02-11,910:WA:SNTL,3.5,26.3,11,101.2,94.6,37.2,44.1,32.7
2026-02-12,910:WA:SNTL,3.5,26.3,11,101.2,94.6,39,45,36.1
2026-02-13,910:WA:SNTL,3.9,26.3,11,101.9,95.1,35.6,37.9,33.3
2026-02-14,910:WA:SNTL,4,26.3,14,102.2,95.9,32.9,36.3,28.4
2026-02-15,910:WA:SNTL,4,26.2,14,102.2,96,30,35.4,25
2026-02-16,910:WA:SNTL,4.4,25,15,102.4,96.2,30.2,34.7,28.2
2026-02-17,910:WA:SNTL,4.4,25.3,13,102.4,96.2,29.3,35.8,24.8
2026-02-18,910:WA:SNTL,4.6,25.7,16,102.8,96.2,28.2,31.1,25.3
2026-02-19,910:WA:SNTL,4.5,26.6,16,102.8,97.6,26.6,31.1,21.7
2026-02-20,910:WA:SNTL,4.7,27,16,102.8,97.7,26.4,32.7,20.7
2026-02-21,910:WA:SNTL,4.7,27,16,102.8,97.7,32.4,37.2,27.5
2026-02-22,910:WA:SNTL,5,27.2,17,103.3,98.2,35.8,38.7,34.2
2026-02-23,910:WA:SNTL,5.8,27.9,21,104.4,99.8,33.8,35.8,31.1
2026-02-24,910:WA:SNTL,5.8,27.9,19,104.4,100,32.5,37,28.2
2026-02-25,910:WA:SNTL,6.4,28.2,23,104.8,100.7,32.9,34.2,31.6
2026-02-26,910:WA:SNTL,6.5,28.7,21,105,100.9,34.5,36.5,33.3
2026-02-27,910:WA:SNTL,6.5,29.4,21,105.2,101.4,34.9,38.3,33.8
2026-02-28,910:WA:SNTL,6.4,29.4,20,105.2,101.8,36,43.2,32.5
2026-03-01,910:WA:SNTL,6.4,30.7,20,105.2,102.2,39.9,50.5,32.7
2026-03-02,910:WA:SNTL,6.3,31.3,20,105.2,102.7,43,51.4,37.8
2026-03-03,910:WA:SNTL,6.2,32.8,16,105.7,102.8,41.2,43.2,39.6
2026-03-04,910:WA:SNTL,6,33,18,107,102.9,37.4,40.3,34.7
2026-03-05,910:WA:SNTL,6,33.7,17,107.3,103.6,35.4,38.8,33.8
2026-03-06,910:WA:SNTL,5.9,34.1,17,107.8,103.6,36.9,40.1,34
2026-03-07,910:WA:SNTL,5.5,35.3,14,108.2,104.6,41.5,43.5,39.4
2026-03-08,910:WA:SNTL,5.1,35.9,15,110.2,105.4,36.9,41.9,30
2026-03-09,910:WA:SNTL,5.3,36.8,20,110.7,105.5,28.9,31.3,27.5
2026-03-10,910:WA:SNTL,5.9,36.8,25,111.1,105.6,28.8,31.8,25.3
2026-03-11,910:WA:SNTL,7.1,36.7,30,112.8,106.5,33.4,41.5,30.4
2026-03-12,910:WA:SNTL,7.5,37.3,33,113.4,107.4,30.9,34.3,29.1
2026-03-13,910:WA:SNTL,7.8,37,35,113.8,107.4,30.6,34.2,26.2
2026-03-14,910:WA:SNTL,8,36.8,36,114.1,107.9,28.4,33.6,24.4
2026-03-15,910:WA:SNTL,8.7,36.3,39,114.6,107.9,31.5,38.8,25.7
2026-03-16,910:WA:SNTL,9.1,36.4,36,116.1,108.8,38.1,44.1,33.8
2026-03-17,910:WA:SNTL,8.7,36.9,29,118,109.6,42.1,44.1,39.4
2026-03-18,910:WA:SNTL,8.1,36.6,19,120.4,110,44.1,46.6,42.1
2026-03-19,910:WA:SNTL,7.5,36.7,18,122.4,110,44.1,46.6,42.3
2026-03-20,910:WA:SNTL,6.3,36.9,16,124.9,111,43,46.6,36.7
2026-03-21,910:WA:SNTL,6,36.2,17,124.9,111.3,35.2,41.5,31.3
2026-03-22,910:WA:SNTL,5.9,36.1,17,124.9,112.2,35.4,44.2,31.8
2026-03-23,910:WA:SNTL,5.9,35.9,17,124.9,112.3,38.3,45,31.3
2026-03-24,910:WA:SNTL,6.7,36.5,16,126.9,112.2,37.8,43,34
2026-03-25,910:WA:SNTL,7.3,36.9,20,127.9,112.2,33.1,36.7,29.5
2026-03-26,910:WA:SNTL,7.3,37.7,21,127.9,112.7,32.4,40.3,27.7
2026-03-27,910:WA:SNTL,7.3,38.3,23,127.9,112.7,37.8,50.2,30
2026-03-28,910:WA:SNTL,7.3,39.6,20,127.9,113.9,37.2,45,33.4
2026-03-29,910:WA:SNTL,7.4,40.5,22,128,114.8,32.2,34.7,29.3
2026-03-30,910:WA:SNTL,7.4,40.2,22,128,114.8,32,40.6,24.3
2026-03-31,910:WA:SNTL,7.4,40.2,19,128,114.8,39.7,47.3,31.8
2026-04-01,910:WA:SNTL,8,40,23,129.3,114.8,35.6,39.6,33.4
2026-04-02,910:WA:SNTL,8,39.9,23,129.6,114.8,35.6,38.5,33.8
2026-04-03,910:WA:SNTL,7.7,39.8,22,129.6,114.8,38.1,43.7,34.5
2026-04-04,910:WA:SNTL,7.4,39.8,19,129.6,115.6,45.1,56.8,35.2
2026-04-05,910:WA:SNTL,6.6,40,18,129.6,116.5,53.6,65.1,44.6
2026-04-06,910:WA:SNTL,5.6,40.3,16,129.6,117.9,52.9,63.3,41.9
2026-04-07,910:WA:SNTL,5.3,40.1,13,129.6,117.9,40.3,49.3,33.4
2026-04-08,910:WA:SNTL,5,39.5,14,129.6,117.9,43.3,54.7,33.8
2026-04-09,910:WA:SNTL,4.5,39.7,13,129.6,117.9,49.6,62.2,38.5
2026-04-10,910:WA:SNTL,3.6,40.2,11,129.6,117.9,52.2,61.7,46
2026-04-11,910:WA:SNTL,3,40.4,9,129.6,117.9,44.4,46.6,42.1
2026-04-12,910:WA:SNTL,2.3,40.2,8,129.6,117.9,44.6,54.1,39.2
2026-04-13,910:WA:SNTL,1.9,40.1,7,130.2,118.1,39.2,42.3,36.1
2026-04-14,910:WA:SNTL,3.1,39.7,8,131.6,120.2,34.3,36.3,33.1
2026-04-15,910:WA:SNTL,3.6,39.1,13,131.8,120.5,32.7,39.7,30
2026-04-16,910:WA:SNTL,3.5,38.7,11,131.8,120.5,33.4,40.5,28.2
2026-04-17,910:WA:SNTL,3.3,38.3,10,131.8,120.5,37.2,46,32.4
2026-04-18,910:WA:SNTL,2.6,37.8,8,131.8,120.5,46.2,55.9,34.9
2026-04-19,910:WA:SNTL,1.5,37.1,5,131.8,120.5,55,65.3,45.3
2026-04-20,910:WA:SNTL,0.2,36.6,2,131.8,120.6,57.7,71.2,48.4
2026-04-21,910:WA:SNTL,0,35.7,0,131.8,121,49.3,57.9,43.5
2026-04-22,910:WA:SNTL,0,34.9,0,131.8,121.7,43.5,45.9,42.4
2026-04-23,910:WA:SNTL,0,34.4,0,131.8,122.2,41.9,48.9,36
2026-04-24,910:WA:SNTL,0,33.9,0,131.8,122.2,43.3,53.1,33.4
2026-04-25,910:WA:SNTL,0,33.5,0,131.8,122.9,46.2,56.7,38.5
2026-04-26,910:WA:SNTL,0,33.3,0,131.8,123,47.1,57.4,39.7
2026-04-27,910:WA:SNTL,0,32.5,0,131.8,123.3,45.9,52.7,39.6
2026-04-28,910:WA:SNTL,0,31.8,0,131.8,123.7,42.8,47.1,38.7
2026-04-29,910:WA:SNTL,0,31.2,0,131.8,123.9,49.3,63.1,36.7
2026-04-30,910:WA:SNTL,0,30.3,0,131.8,124,56.5,67.8,48
2026-05-01,910:WA:SNTL,0,30.1,0,131.8,124.3,58.5,70,50.5
2026-05-02,910:WA:SNTL,0,29.6,0,131.8,124.7,59.4,73.6,49.3
2026-05-03,910:WA:SNTL,0,28.8,0,131.8,125.5,63.9,77,55.2
2026-05-04,910:WA:SNTL,0,28.5,0,131.8,125.8,63.5,76.3,54.3
2026-05-05,910:WA:SNTL,0,27.8,0,131.8,126.3,57,68.2,48.9
2026-05-06,910:WA:SNTL,0,28.5,0,131.8,126.4,49.3,55.2,44.6
2026-05-07,910:WA:SNTL,0,28.3,0,131.8,126.4,47.8,55,44.2
2026-05-08,910:WA:SNTL,0,28.1,0,131.8,126.4,47.3,53.1,43.5
2026-05-09,910:WA:SNTL,0,26.5,0,131.8,126.4,52.7,64.9,43
2026-05-10,910:WA:SNTL,0,24.6,0,131.8,126.4,50.5,55.9,44.6
2026-05-11,910:WA:SNTL,0,22.9,0,131.8,126.4,53.6,65.7,43.2
2026-05-12,910:WA:SNTL,0,21.4,0,131.8,127.5,62.6,74.5,53.1
2026-05-13,910:WA:SNTL,0,20.7,0,133.7,129.1,44.4,53.8,41
2026-05-14,910:WA:SNTL,0,19.5,0,134.4,129.1,41.4,45.1,38.3
2026-05-15,910:WA:SNTL,0.1,17.3,0,135.4,129.1,36.9,40.1,33.8
2026-05-16,910:WA:SNTL,0.3,16.7,2,135.8,129.1,36.7,43.5,33.4
2026-05-17,910:WA:SNTL,0,15.7,0,135.8,129.6,43.5,52.2,35.6
2026-05-18,910:WA:SNTL,0,14.6,0,135.8,129.9,47.5,58.3,38.3
2026-05-19,910:WA:SNTL,0,13.6,0,135.8,129.9,46,53.2,42.6
2026-05-20,910:WA:SNTL,0,12.9,0,135.8,129.9,51.3,62.4,41.9
2026-05-21,910:WA:SNTL,0,12.2,0,135.8,131,56.1,69.6,45.9
2026-05-22,910:WA:SNTL,0,11.8,0,135.8,131.3,56.8,68.2,48.2
2026-05-23,910:WA:SNTL,0,11.3,0,135.8,131.3,53.8,64,43.9
2026-05-24,910:WA:SNTL,0,10.2,0,135.8,131.5,53.4,63.1,42.6
2026-05-25,910:WA:SNTL,0,8.5,0,136.2,131.5,46.9,54,42.3
2026-05-26,910:WA:SNTL,0,7.3,0,136.2,132,45.3,49.6,42.1
2026-05-27,910:WA:SNTL,0,6.4,0,136.2,132.6,55.2,67.3,44.2
2026-05-28,910:WA:SNTL,0,4.4,0,136.2,133,61.7,74.7,52
2026-05-29,910:WA:SNTL,0,2.1,0,136.4,133.2,45.7,52,36
2026-05-30,910:WA:SNTL,0,1.2,0,136.4,133.8,41.4,49.6,35.4
2026-05-31,910:WA:SNTL,0,0.1,0,136.4,133.9,49.6,62.8,37.8
2026-06-01,910:WA:SNTL,0,0.1,0,136.4,133.9,57.7,68.7,46.4
2026-06-02,910:WA:SNTL,0,0,0,136.4,133.9,61.3,72.1,51.6
2026-06-03,910:WA:SNTL,0,0,0,136.4,133.9,55.2,59.4,49.1
2026-06-04,910:WA:SNTL,0,0,0,136.6,133.9,47.7,55.4,44.4
2026-06-05,910:WA:SNTL,0,0,0,137.3,133.9,43,46.4,38.5
2026-06-06,910:WA:SNTL,0,0,0,137.8,133.9,40.8,47.3,36
2026-06-07,910:WA:SNTL,0,0,0,138,133.9,41.7,47.3,39.2
2026-06-08,910:WA:SNTL,0,0,0,138.2,133.9,45.7,53.2,39.4
2026-06-09,910:WA:SNTL,0,0,0,140.2,133.9,44.4,48,40.5
2026-06-10,910:WA:SNTL,0,0,0,140.2,133.9,43.2,48,38.3
2026-06-11,910:WA:SNTL,0,0,0,140.2,134.3,49.8,63.1,40.1
2026-06-12,910:WA:SNTL,0,0,0,140.2,134.4,54.5,64.8,44.2
2026-06-13,910:WA:SNTL,0,0,0,140.2,134.4,63,74.8,51.1
2026-06-14,910:WA:SNTL,0,0,0,140.2,134.4,68.9,81.9,59
2026-06-15,910:WA:SNTL,0,0,0,140.2,134.4,68,77.7,59.7
2026-06-16,910:WA:SNTL,0,0,0,140.2,134.4,56.5,67.3,48.6
2026-06-17,910:WA:SNTL,0,0,0,140.2,134.4,55,67.3,47.7
2026-06-18,910:WA:SNTL,0,0,0,140.2,134.6,60.3,75,47.5
2026-06-19,910:WA:SNTL,0,0,0,140.2,135.9,64.8,77.5,54.3
2026-06-20,910:WA:SNTL,0,0,0,140.2,137.3,57,67.8,49.3
2026-06-21,910:WA:SNTL,0,0,0,140.2,137.3,58.1,70.2,48
2026-06-22,910:WA:SNTL,0,0,0,140.2,137.3,65.1,78.6,54.5
2026-06-23,910:WA:SNTL,0,0,0,140.2,137.3,69.8,81,61.3
2026-06-24,910:WA:SNTL,0,0,0,140.2,138.2,68,81,57.2
2026-06-25,910:WA:SNTL,0,0,0,140.4,138.6,55.4,64.4,47.3
2026-06-26,910:WA:SNTL,0,0,0,141.6,138.7,48.6,50.7,46.6
2026-06-27,910:WA:SNTL,0,0,0,141.6,138.7,46.6,50.2,43.5
2026-06-28,910:WA:SNTL,0,0,0,141.6,138.7,48.6,52.2,45.9
2026-06-29,910:WA:SNTL,0,0,0,141.6,138.7,49.6,53.6,47.8
2026-06-30,910:WA:SNTL,0,0,0,141.6,138.7,49.3,53.8,46.2
2026-07-01,910:WA:SNTL,0,0,0,141.8,138.7,47.3,53.1,45
2026-07-02,910:WA:SNTL,0,0,0,142.2,138.7,50.4,58.8,43.9
2026-07-03,910:WA:SNTL,0,0,0,142.2,138.7,54.3,61.7,49.8
2026-07-04,910:WA:SNTL,0,0,0,142.2,138.7,54.9,65.3,47.3
2026-07-05,910:WA:SNTL,0,0,0,142.2,138.7,56.7,71.2,45.7
2026-07-06,910:WA:SNTL,0,0,0,142.2,138.7,64.8,79.2,53.2
2026-07-07,910:WA:SNTL,0,0,0,142.2,138.7,62.2,74.8,52.3
2026-07-08,910:WA:SNTL,0,0,0,142.2,138.7,55.6,65.7,49.8
2026-07-09,910:WA:SNTL,0,0,0,142.2,138.7,57.2,66,48.2
2026-07-10,910:WA:SNTL,0,0,0,142.2,139,58.5,66.6,54.1
2026-07-11,910:WA:SNTL,0,0,0,142.2,139,54.7,63.7,49.6
2026-07-12,910:WA:SNTL,0,0,0,142.2,139,53.4,63.9,46.9
2026-07-13,910:WA:SNTL,0,0,0,142.2,139,58.8,72.3,46.9
2026-07-14,910:WA:SNTL,0,0,0,142.2,139,64.2,76.8,54.5
2026-07-15,910:WA:SNTL,0,0,0,142.2,139,66.9,78.3,57.6
2026-07-16,910:WA:SNTL,0,0,0,142.2,139,60.6,69.4,52.2
2026-07-17,910:WA:SNTL,0,0,0,142.2,139,54,61.9,50.7
2026-07-18,910:WA:SNTL,0,0,0,142.2,139,53.4,59.5,49.5
2026-07-19,910:WA:SNTL,0,0,0,142.2,139,58.8,71.1,48.6
2026-07-20,910:WA:SNTL,0,0,0,142.2,139,69.3,82.9,55.2
2026-07-21,910:WA:SNTL,0,0,0,142.2,139,73.8,86.7,64.8
2026-07-22,910:WA:SNTL,0,0,0,142.2,139,75.6,91.2,59.5
2026-07-23,910:WA:SNTL,0,0,0,142.2,139,64,73.8,55.9
2026-07-24,910:WA:SNTL,0,0,0,142.2,139,63.5,74.8,54.9
2026-07-25,910:WA:SNTL,0,0,0,142.3,139,56.7,60.3,53.4
2026-07-26,910:WA:SNTL,0,0,0,142.5,139,52.7,54.1,50.9
2026-07-27,910:WA:SNTL,0,0,0,142.5,139,55.9,63.7,50.7
2026-07-28,910:WA:SNTL,0,0,0,142.7,139,54.5,58.1,50.2
2026-07-29,910:WA:SNTL,0,0,0,142.7,139,55.9,67.5,48.6
2026-07-30,910:WA:SNTL,0,0,0,142.7,139,57.7,68.4,49.1
2026-07-31,910:WA:SNTL,0,0,0,142.7,139,63,75.9,52.5
2026-08-01,910:WA:SNTL,0,0,0,143,139.3,52.7,59.4,47.3
2026-08-02,910:WA:SNTL,0,0,0,143,139.9,48.2,52.5,45.1
2026-08-03,910:WA:SNTL,0,0,0,143,139.9,56.5,68.7,44.8
2026-08-04,910:WA:SNTL,0,0,0,143,139.9,63.5,74.1,54.7
2026-08-05,910:WA:SNTL,0,0,0,143,139.9,67.1,78.6,58.3
2026-08-06,910:WA:SNTL,0,0,0,143,139.9,68,80.2,59.2
2026-08-07,910:WA:SNTL,0,0,0,143,139.9,67.3,78.6,58.8
2026-08-08,910:WA:SNTL,0,0,0,143,139.9,63.9,74.1,56.1
2026-08-09,910:WA:SNTL,0,0,0,143,139.9,60.4,70.9,53.2
2026-08-10,910:WA:SNTL,0,0,0,143,139.9,58.6,69.1,51.4
2026-08-11,910:WA:SNTL,0,0,0,143,140.4,59.9,71.6,51.8
2026-08-12,910:WA:SNTL,0,0,0,143,140.4,59.7,68.7,53.4
2026-08-13,910:WA:SNTL,0,0,0,143,140.4,62.2,74.1,54
2026-08-14,910:WA:SNTL,0,0,0,143,140.6,63.1,72,56.8
2026-08-15,910:WA:SNTL,0,0,0,143,141,61.5,70.2,56.3
2026-08-16,910:WA:SNTL,0,0,0,143,141,59.9,67.6,55.4
2026-08-17,910:WA:SNTL,0,0,0,143,141,61.3,71.6,55
2026-08-18,910:WA:SNTL,0,0,0,143,141.1,63.7,74.7,54.9
2026-08-19,910:WA:SNTL,0,0,0,143,141.1,63.9,76.5,55.6
2026-08-20,910:WA:SNTL,0,0,0,143,141.1,67.3,79.5,57.4
2026-08-21,910:WA:SNTL,0,0,0,143,141.1,70.5,84.7,61.7
2026-08-22,910:WA:SNTL,0,0,0,143.1,141.1,58.5,63.9,54
2026-08-23,910:WA:SNTL,0,0,0,143.1,141.1,52.7,55.8,50.5
2026-08-24,910:WA:SNTL,0,0,0,143.1,141.1,61.9,75.4,49.8
2026-08-25,910:WA:SNTL,0,0,0,143.1,141.6,70.2,83.3,61.7
2026-08-26,910:WA:SNTL,0,0,0,143.1,141.7,62.4,69.6,56.1
2026-08-27,910:WA:SNTL,0,0,0,143.4,141.8,55.6,61.2,52.2
2026-08-28,910:WA:SNTL,0,0,0,143.7,142.8,53.6,60.8,49.3
2026-08-29,910:WA:SNTL,0,0,0,144.4,143,48.6,52,46
2026-08-30,910:WA:SNTL,0,0,0,144.4,143,48.9,53.6,45.7
2026-08-31,910:WA:SNTL,0,0,0,144.4,143.7,58.1,70.7,46.8
2026-09-01,910:WA:SNTL,0,0,0,144.4,144.2,57,64.6,51.1
2026-09-02,910:WA:SNTL,0,0,0,144.7,144.2,51.6,59.4,44.6
2026-09-03,910:WA:SNTL,0,0,0,144.8,144.3,47.3,53.4,43.3
2026-09-04,910:WA:SNTL,0,0,0,144.8,144.3,50.5,60.1,46
2026-09-05,910:WA:SNTL,0,0,0,144.8,144.5,50.9,59.9,47.5
2026-09-06,910:WA:SNTL,0,0,0,144.8,144.6,54.3,65.3,46.9
2026-09-07,910:WA:SNTL,0,0,0,144.8,144.6,48.9,51.4,46.6
2026-09-08,910:WA:SNTL,0,0,0,144.8,145.3,54.3,64.6,45.9
2026-09-09,910:WA:SNTL,0,0,0,144.8,145.6,58.6,68,50.5
2026-09-10,910:WA:SNTL,0,0,0,144.8,146.6,55.6,63.1,46.9
2026-09-11,910:WA:SNTL,0,0,0,144.8,146.9,51.6,60.6,45.5
2026-09-12,910:WA:SNTL,0,0,0,144.8,147.2,55.9,66.6,49.8
2026-09-13,910:WA:SNTL,0,0,0,144.8,147.4,49.3,51.1,48
2026-09-14,910:WA:SNTL,0,0,0,144.8,147.4,48.4,50.2,47.1
2026-09-15,910:WA:SNTL,0,0,0,144.8,148,49.6,54.7,46.4
2026-09-16,910:WA:SNTL,0,0,0,144.8,148.9,56.3,66.6,46.6
2026-09-17,910:WA:SNTL,0,0,0,144.8,149.2,59.7,68.5,53.6
2026-09-18,910:WA:SNTL,0,0,0,144.8,149.3,56.8,65.5,51.1
2026-09-19,910:WA:SNTL,0,0,0,144.8,149.4,56.3,65.7,49.3
2026-09-20,910:WA:SNTL,0,0,0,144.8,149.5,60.1,68.7,53.4
2026-09-21,910:WA:SNTL,0,0,0,145,149.9,57.6,65.5,48.9
2026-09-22,910:WA:SNTL,0,0,0,145,150.1,52,61,47.8
2026-09-23,910:WA:SNTL,0,0,0,145.2,151.8,48,50.7,44.4
2026-09-24,910:WA:SNTL,0,0,0,145.4,151.9,50.2,56.7,44.6
2026-09-25,910:WA:SNTL,0,0,0,147.8,152,45.7,48.9,39.2
2026-09-26,910:WA:SNTL,0,0,0,148,152,43.2,50.7,40.5
2026-09-27,910:WA:SNTL,0,0,0,148,152.6,48.2,58.8,40.8
2026-09-28,910:WA:SNTL,0,0,0,148.2,152.6,47.7,54,43
2026-09-29,910:WA:SNTL,0,0,0,151.8,152.7,47.3,50,42.1
2026-09-30,910:WA:SNTL,0,0,0,151.8,155.7,46.4,53.1,40.5
2026-10-01,910:WA:SNTL,0,0,0,0,0,51.6,57.2,46.8
2026-10-02,910:WA:SNTL,0.5,0,0,0.2,0.2,52.2,54.9,49.3
2026-10-03,910:WA:SNTL,0.5,0,0,0,0.4,55.6,65.5,48
2026-10-04,910:WA:SNTL,0.5,0,0,0,0.8,58.5,66.2,53.4
2026-10-05,910:WA:SNTL,0.4,0,0,0,0.8,54.5,59.9,50.2
2025-10-01,375:WA:SNTL,0,0,0,0.3,0,42.6,48.2,38.1
2025-10-02,375:WA:SNTL,0,0,0,0.3,0.1,43,48.2,38.3
2025-10-03,375:WA:SNTL,0,0,0,0.3,0.2,44.1,54.5,35.4
2025-10-04,375:WA:SNTL,0,0,0,0.3,0.2,43,48.4,36.3
2025-10-05,375:WA:SNTL,0,0,0,0.3,0.3,41.2,53.1,32.9
2025-10-06,375:WA:SNTL,0,0,0,0.3,0.4,46.2,59.7,35.6
2025-10-07,375:WA:SNTL,0,0,0,0.3,0.5,50.5,64.6,39.9
2025-10-08,375:WA:SNTL,0,0,0,0.3,0.6,47.7,57.4,41.7
2025-10-09,375:WA:SNTL,0.1,0,0,0.3,0.7,47.3,56.7,41.7
2025-10-10,375:WA:SNTL,0,0,0,0.4,0.8,44.6,56.1,38.3
2025-10-11,375:WA:SNTL,0.1,0,0,0.9,1,36.7,39.2,33.1
2025-10-12,375:WA:SNTL,0.2,0,1,1.3,1.1,32.2,34,30
2025-10-13,375:WA:SNTL,0.5,0,3,1.8,1.2,31.1,35.6,27.9
2025-10-14,375:WA:SNTL,0.4,0,2,1.8,1.2,30.2,40.8,24.6
2025-10-15,375:WA:SNTL,0.5,0,2,1.8,1.6,34.7,48.7,25.5
2025-10-16,375:WA:SNTL,0.4,0,1,1.8,1.6,41,54.9,32.2
2025-10-17,375:WA:SNTL,0.1,0,0,1.8,2.1,37.6,42.3,30.4
2025-10-18,375:WA:SNTL,0.2,0,0,2.3,2.5,38.3,51.4,30.2
2025-10-19,375:WA:SNTL,0.1,0,0,3.9,2.6,35.1,41,32.4
2025-10-20,375:WA:SNTL,0,0,0,3.9,2.6,36.1,41.5,33.1
2025-10-21,375:WA:SNTL,0,0,0,3.9,2.8,40.5,55.2,32.4
2025-10-22,375:WA:SNTL,0,0,0,3.9,3,41,54.1,33.4
2025-10-23,375:WA:SNTL,0,0,0,3.9,3,43.7,54.3,37.8
2025-10-24,375:WA:SNTL,0,0,0,4.7,3.2,40.5,47.8,32.5
2025-10-25,375:WA:SNTL,0.8,0,7,5.6,3.4,32,36.1,29.5
2025-10-26,375:WA:SNTL,1.4,0,13,6.5,4.2,29.7,32.7,27.3
2025-10-27,375:WA:SNTL,1.4,0,11,6.7,4.2,28.8,34.2,24.4
2025-10-28,375:WA:SNTL,1.7,0,9,7,5.1,31.5,41.9,24.8
2025-10-29,375:WA:SNTL,1.4,0,8,7.3,5.1,33.1,38.5,28
2025-10-30,375:WA:SNTL,1.3,0,7,7.3,5.5,31.3,38.1,27.3
2025-10-31,375:WA:SNTL,1.4,0,4,7.7,5.6,37.4,49.5,28.2
2025-11-01,375:WA:SNTL,0.4,0,1,9.9,5.9,40.8,47.7,32.7
2025-11-02,375:WA:SNTL,0.4,0.2,1,10,6.2,32.4,37.6,28.9
2025-11-03,375:WA:SNTL,1.1,0.2,5,10.6,6.4,30.4,32,29.5
2025-11-04,375:WA:SNTL,1.4,0.3,7,10.8,6.8,31.6,34.2,29.7
2025-11-05,375:WA:SNTL,1.2,0.3,4,12.1,7.8,37.2,41.5,32.2
2025-11-06,375:WA:SNTL,1,0.3,1,14.1,8.2,36.3,41.2,32
2025-11-07,375:WA:SNTL,1.1,0.2,4,14.5,8.2,31.8,34.2,28.9
2025-11-08,375:WA:SNTL,1.1,0.1,4,14.5,8.3,31.1,36.9,26.4
2025-11-09,375:WA:SNTL,1.1,0.1,4,14.5,8.4,36.5,46.4,31.1
2025-11-10,375:WA:SNTL,0.9,0.2,2,14.5,8.7,42.6,49.8,36.9
2025-11-11,375:WA:SNTL,0.8,0.5,2,14.5,9.2,36.5,46,29.5
2025-11-12,375:WA:SNTL,0.8,0.8,2,14.5,9.8,40.8,50,34.7
2025-11-13,375:WA:SNTL,0.1,0.6,0,15.1,10.2,42.6,46.9,39
2025-11-14,375:WA:SNTL,0,0.6,0,15.8,10.6,39.2,42.3,36.9
2025-11-15,375:WA:SNTL,0,0.6,0,15.8,10.6,43.2,47.1,41
2025-11-16,375:WA:SNTL,0,0.6,0,15.8,10.8,42.3,46.6,39.6
2025-11-17,375:WA:SNTL,0,0.8,0,16,11.8,35.8,41.5,28.4
2025-11-18,375:WA:SNTL,0,0.8,0,16,12,28.9,33.1,24.4
2025-11-19,375:WA:SNTL,0,1,0,16,12.9,28.9,35.8,24.3
2025-11-20,375:WA:SNTL,0,1,0,16,13.2,30.7,35.2,27.5
2025-11-21,375:WA:SNTL,0,1.8,0,16,14.5,33.4,40.8,27
2025-11-22,375:WA:SNTL,0,1.8,0,16,14.8,39.4,43.3,34.2
2025-11-23,375:WA:SNTL,0,2,0,16.4,15.4,35.8,37.8,28.9
2025-11-24,375:WA:SNTL,0,2.4,0,16.5,16.4,27.1,30,25
2025-11-25,375:WA:SNTL,0.6,2.3,6,16.9,17,28.9,33.1,24.4
2025-11-26,375:WA:SNTL,0.7,2.4,4,17,17.3,34.7,39,30.7
2025-11-27,375:WA:SNTL,1.6,2.6,10,17.9,17.6,31.8,38.1,29.7
2025-11-28,375:WA:SNTL,1.7,3,10,18.3,18.4,28.8,34.7,24.3
2025-11-29,375:WA:SNTL,1.7,3.3,7,18.3,18.6,23.7,27.3,19
2025-11-30,375:WA:SNTL,1.7,3.4,9,18.3,18.6,21.4,28.4,15.4
2025-12-01,375:WA:SNTL,1.8,4,9,18.3,18.8,30.4,35.8,25.9
2025-12-02,375:WA:SNTL,1.8,4.5,9,18.4,19,30.2,36.9,25.2
2025-12-03,375:WA:SNTL,1.8,4.6,9,18.4,20.5,29.7,35.4,25
2025-12-04,375:WA:SNTL,2,4.7,8,18.4,21,32.7,35.1,28.6
2025-12-05,375:WA:SNTL,2,4.6,7,19,21.2,36.9,41.4,34
2025-12-06,375:WA:SNTL,2.2,5,8,19.6,21.2,33.1,35.1,32
2025-12-07,375:WA:SNTL,2.6,5.2,8,20.6,21.3,34.3,37.9,32
2025-12-08,375:WA:SNTL,2.2,5.6,6,25.3,21.6,38.1,42.6,32
2025-12-09,375:WA:SNTL,2.5,5.8,5,27.4,21.6,33.6,42.4,30.7
2025-12-10,375:WA:SNTL,1,6.4,2,29.3,21.6,45,46.6,42.1
2025-12-11,375:WA:SNTL,0.2,6.6,0,29.7,21.6,43.3,45,41.2
2025-12-12,375:WA:SNTL,0,7.1,0,30,21.7,41.4,44.1,37.4
2025-12-13,375:WA:SNTL,0,7.4,0,30,21.8,42.3,53.1,34.9
2025-12-14,375:WA:SNTL,0,7.4,0,30,22.5,41.5,47.7,36.5
2025-12-15,375:WA:SNTL,0,7.5,0,32.3,22.9,41.2,47.8,33.1
2025-12-16,375:WA:SNTL,0.2,7.6,0,34.7,23.8,36,41.4,32.5
2025-12-17,375:WA:SNTL,0.4,7.6,6,36.2,24,28.4,40.5,25
2025-12-18,375:WA:SNTL,1.9,7.8,13,38.4,24.6,30.7,39.2,26.1
2025-12-19,375:WA:SNTL,2.2,8.3,14,39.1,25.2,25,30.7,22.5
2025-12-20,375:WA:SNTL,2.9,8.5,20,39.7,25.2,27.3,29.3,25.2
2025-12-21,375:WA:SNTL,3.2,8.5,22,40,25.2,29.1,32,25.9
2025-12-22,375:WA:SNTL,3.6,8.8,23,40.5,25.5,27.9,29.5,26.2
2025-12-23,375:WA:SNTL,3.6,9.3,23,40.6,25.6,27.5,31.5,25.2
2025-12-24,375:WA:SNTL,3.9,9.2,23,40.8,25.8,31.3,37,27
2025-12-25,375:WA:SNTL,4.2,9,24,41.2,25.8,29.5,32.5,27.3
2025-12-26,375:WA:SNTL,4.7,9.2,30,41.7,25.8,26.2,29.3,21.7
2025-12-27,375:WA:SNTL,4.7,9.5,28,41.9,26.2,21.4,23.2,19.9
2025-12-28,375:WA:SNTL,4.7,9.8,26,41.9,26.6,22.1,28.9,15.3
2025-12-29,375:WA:SNTL,4.6,10.6,24,42,26.7,21.6,25.2,18.1
2025-12-30,375:WA:SNTL,4.6,10.7,24,42,26.8,21,26.1,17.1
2025-12-31,375:WA:SNTL,4.6,11.1,23,42,27,,,
2026-01-01,375:WA:SNTL,5.2,11.4,22,42.3,27.2,26.1,32.9,20.8
2026-01-02,375:WA:SNTL,5.1,11.6,18,43.2,27.5,36.9,40.6,32.2
2026-01-03,375:WA:SNTL,5.1,11.6,17,43.5,27.6,34.3,37.2,31.3
2026-01-04,375:WA:SNTL,5.4,12.2,19,43.9,28.2,31.6,34.2,28
2026-01-05,375:WA:SNTL,5.4,12.2,19,44.1,29.1,26.6,28.9,23
2026-01-06,375:WA:SNTL,6.8,12.4,38,45.5,30,26.1,28.6,23.4
2026-01-07,375:WA:SNTL,7.3,12.4,40,46.2,30.6,23.7,26.1,22.3
2026-01-08,375:WA:SNTL,7.4,12.6,38,46.4,30.7,24.3,27.1,19.6
2026-01-09,375:WA:SNTL,7.4,12.8,35,46.4,31,28.9,32.9,25.9
2026-01-10,375:WA:SNTL,7.4,12.9,33,46.4,31.6,31.6,37.4,27.5
2026-01-11,375:WA:SNTL,7.7,13.2,32,46.7,31.8,32.7,35.6,27.5
2026-01-12,375:WA:SNTL,7.5,13.4,29,46.7,32,40.8,46.4,33.1
2026-01-13,375:WA:SNTL,7.5,14.2,28,46.7,32.7,42.1,54,36.9
2026-01-14,375:WA:SNTL,7.4,14.6,28,46.7,33,43.5,55.4,34.7
2026-01-15,375:WA:SNTL,7.4,15,27,46.7,33.8,36,44.8,29.3
2026-01-16,375:WA:SNTL,7.4,15.2,27,46.8,34.4,32.2,41.9,26.8
2026-01-17,375:WA:SNTL,7.3,15.2,27,46.8,35.2,29.8,37.2,25.5
2026-01-18,375:WA:SNTL,7.3,15.4,26,46.8,35.6,30.7,41.9,25.7
2026-01-19,375:WA:SNTL,7.2,15.6,26,46.8,35.6,30.9,39,24.1
2026-01-20,375:WA:SNTL,7.2,16,26,47,35.6,31.3,39.6,21.7
2026-01-21,375:WA:SNTL,7.2,16.2,26,47,35.6,18,24.6,12.4
2026-01-22,375:WA:SNTL,7.2,16.2,26,47,35.6,15.8,23,10
2026-01-23,375:WA:SNTL,7.1,16.4,26,47,35.7,16.3,23.2,11.3
2026-01-24,375:WA:SNTL,7.2,17.1,26,47,35.9,25.9,39.7,11.5
2026-01-25,375:WA:SNTL,7.2,17,26,47,36.1,22.6,29.1,14.9
2026-01-26,375:WA:SNTL,7.4,17,26,47,36.6,32.9,40.5,28.6
2026-01-27,375:WA:SNTL,7.5,17.5,26,47,37,29.7,33.8,26.4
2026-01-28,375:WA:SNTL,8,17.8,29,47.5,37.2,32.5,34.5,28.8
2026-01-29,375:WA:SNTL,8.2,18.2,28,48.4,37.7,34.5,37.2,32.2
2026-01-30,375:WA:SNTL,8.2,18.3,28,48.6,38.2,36.3,40.8,31.6
2026-01-31,375:WA:SNTL,8.1,18.4,26,48.7,39.1,37.6,46.4,31.3
2026-02-01,375:WA:SNTL,8.4,18.6,28,49.3,39.4,34.3,43.2,32.2
2026-02-02,375:WA:SNTL,8.8,18.4,30,49.7,39.7,33.6,37.8,30.2
2026-02-03,375:WA:SNTL,8.7,18.2,29,49.7,39.8,36,39.9,33.6
2026-02-04,375:WA:SNTL,8.8,18.2,28,49.7,39.8,38.1,45.9,32.4
2026-02-05,375:WA:SNTL,8.7,18.2,28,49.7,39.8,35.6,43.9,30.4
2026-02-06,375:WA:SNTL,8.6,18.5,27,49.7,40.3,42.8,54,32.9
2026-02-07,375:WA:SNTL,9.1,18.6,28,50.7,40.7,37.4,42.8,32.7
2026-02-08,375:WA:SNTL,8.9,18.8,28,50.8,40.8,30.9,34.3,28
2026-02-09,375:WA:SNTL,9.2,18.8,29,51.1,40.9,28.8,32.4,24.1
2026-02-10,375:WA:SNTL,9.2,18.8,29,51.2,41,26.6,36,22.1
2026-02-11,375:WA:SNTL,9,18.8,29,51.2,41,27.7,39,21.2
2026-02-12,375:WA:SNTL,8.8,19,29,51.2,41.8,31.6,41.2,25.5
2026-02-13,375:WA:SNTL,8.7,19.2,27,51.3,42.2,30.4,35.6,27.5
2026-02-14,375:WA:SNTL,8.8,19.4,32,51.4,42.2,28.9,32.9,26.8
2026-02-15,375:WA:SNTL,9,19.6,32,51.6,42.2,29.7,32.7,26.8
2026-02-16,375:WA:SNTL,9.2,19.8,32,51.9,42.5,25.3,29.8,20.3
2026-02-17,375:WA:SNTL,9.3,20,35,52.2,43.2,21.2,29.3,16.3
2026-02-18,375:WA:SNTL,9.5,20.2,35,52.3,43.5,21.4,26.1,17.2
2026-02-19,375:WA:SNTL,9.6,20.4,36,52.4,43.6,21.2,28.8,16.2
2026-02-20,375:WA:SNTL,9.6,21,36,52.4,43.8,21.9,27,16.9
2026-02-21,375:WA:SNTL,9.8,21.2,37,52.6,44,22.3,27,19
2026-02-22,375:WA:SNTL,10.2,21.2,41,52.8,44,30.2,34.9,23.9
2026-02-23,375:WA:SNTL,11.2,21.4,49,53.9,44,29.7,35.1,27.5
2026-02-24,375:WA:SNTL,11.6,21.8,48,54.3,44,29.8,34.2,23.9
2026-02-25,375:WA:SNTL,11.7,22.3,48,54.4,44.1,25,30.2,19.4
2026-02-26,375:WA:SNTL,11.8,22.4,45,54.4,44.3,27.1,32.7,21.6
2026-02-27,375:WA:SNTL,11.8,22.4,45,54.4,44.6,29.5,36.3,24.1
2026-02-28,375:WA:SNTL,11.9,22.6,45,54.4,45,32.4,44.6,23.4
2026-03-01,375:WA:SNTL,12,22.7,44,54.4,46,34.2,48.4,27.1
2026-03-02,375:WA:SNTL,11.9,23,43,54.4,46,38.8,54.9,29.5
2026-03-03,375:WA:SNTL,11.8,23.6,41,54.9,46.1,36.7,39,34.7
2026-03-04,375:WA:SNTL,11.7,23.8,37,55.1,46.3,33.4,36.3,30.6
2026-03-05,375:WA:SNTL,11.8,24,39,55.2,46.4,30,33.3,27.3
2026-03-06,375:WA:SNTL,11.8,24.1,38,55.2,46.4,33.3,39.6,27.9
2026-03-07,375:WA:SNTL,11.6,24.4,37,55.2,46.4,37.9,41,35.4
2026-03-08,375:WA:SNTL,11.4,25,35,55.6,46.9,33.4,37.8,23.4
2026-03-09,375:WA:SNTL,11.5,25.1,36,56.1,47.6,22.8,26.6,18
2026-03-10,375:WA:SNTL,11.8,25.4,40,56.3,47.8,22.6,29.5,18.3
2026-03-11,375:WA:SNTL,14.8,25.3,60,59.2,47.9,29.5,36,24.4
2026-03-12,375:WA:SNTL,16.4,25.2,64,60.9,47.9,28.9,36.3,26.8
2026-03-13,375:WA:SNTL,19.7,25.3,73,64.2,48.2,32,32.7,30.9
2026-03-14,375:WA:SNTL,19.8,25.4,69,65,48.4,23.4,31.5,17.6
2026-03-15,375:WA:SNTL,19.9,25.2,65,65.1,48.5,27.1,37,17.8
2026-03-16,375:WA:SNTL,19.8,25.2,60,65.1,48.5,42.6,49.6,34.7
2026-03-17,375:WA:SNTL,19.6,25.2,56,65.1,48.6,41.7,48.4,35.1
2026-03-18,375:WA:SNTL,18.7,25.4,52,65.2,48.6,44.6,46.8,38.5
2026-03-19,375:WA:SNTL,18,25.5,49,66,48.6,43.2,45.9,40.5
2026-03-20,375:WA:SNTL,16.8,25.6,46,66.4,49,40.1,44.2,34.2
2026-03-21,375:WA:SNTL,16.6,25.6,46,66.4,49.4,32.7,40.3,23.9
2026-03-22,375:WA:SNTL,16.6,25.6,46,66.4,49.4,32.4,47.8,19.8
2026-03-23,375:WA:SNTL,16.2,25.6,45,66.4,49.8,38.3,50,27.3
2026-03-24,375:WA:SNTL,16.3,25.6,44,68.2,50.2,36.3,40.3,31.6
2026-03-25,375:WA:SNTL,16.2,25.8,47,68.6,50.2,28.9,34.2,22.8
2026-03-26,375:WA:SNTL,16.5,26,45,68.6,50.3,27.9,39.6,18
2026-03-27,375:WA:SNTL,16.3,26.2,44,68.6,50.4,35.6,54.7,20.8
2026-03-28,375:WA:SNTL,16,26.6,44,68.6,50.4,37.8,45.1,32
2026-03-29,375:WA:SNTL,16.1,26.8,45,68.7,51,30.6,33.3,24.3
2026-03-30,375:WA:SNTL,16.4,26.7,44,68.7,51.2,27.9,43,16.3
2026-03-31,375:WA:SNTL,16,26.8,44,68.7,51.4,31.5,47.1,18.9
2026-04-01,375:WA:SNTL,16.3,26.9,44,69.2,51.6,32.2,37.6,27
2026-04-02,375:WA:SNTL,16.4,27,45,69.2,51.6,29.1,33.8,26.2
2026-04-03,375:WA:SNTL,16.4,26.9,44,69.2,51.7,33.3,44.8,23.9
2026-04-04,375:WA:SNTL,16,27,43,69.2,51.8,43,60.4,30.2
2026-04-05,375:WA:SNTL,15.6,27.1,42,69.2,51.8,45.7,59.4,35.4
2026-04-06,375:WA:SNTL,15,27.2,40,69.2,52,49.1,60.8,39.4
2026-04-07,375:WA:SNTL,14.5,26.7,39,69.3,52,37.8,46.6,28.9
2026-04-08,375:WA:SNTL,14.1,26.4,38,69.3,52.2,39.4,53.2,27.5
2026-04-09,375:WA:SNTL,13.7,26.3,37,69.3,52.4,43.2,60.3,30.9
2026-04-10,375:WA:SNTL,13.3,26.3,36,69.3,52.6,43.2,55,35.1
2026-04-11,375:WA:SNTL,12.9,26,35,69.3,52.7,39.2,43.7,32.5
2026-04-12,375:WA:SNTL,12.5,25.9,34,69.4,52.7,38.8,50.9,32
2026-04-13,375:WA:SNTL,12.1,26,33,69.6,52.7,34,39,28.6
2026-04-14,375:WA:SNTL,12.7,26,38,70.4,52.7,30,32,27.7
2026-04-15,375:WA:SNTL,13.2,26,42,70.9,52.7,26.6,31.1,20.3
2026-04-16,375:WA:SNTL,13.2,25.9,40,70.9,53.1,28,35.6,21.7
2026-04-17,375:WA:SNTL,13.2,25.9,38,70.9,53.2,32.7,45.5,21.6
2026-04-18,375:WA:SNTL,13,25.8,36,70.9,53.4,39.9,55.6,28.2
2026-04-19,375:WA:SNTL,12.8,25.6,35,70.9,53.4,45,60.4,33.3
2026-04-20,375:WA:SNTL,12.3,25.2,33,70.9,53.4,49.1,65.3,39.2
2026-04-21,375:WA:SNTL,11.8,24.7,31,71,53.5,42.8,54.3,36.7
2026-04-22,375:WA:SNTL,11.4,24.5,31,71.4,53.8,34.5,37.6,31.8
2026-04-23,375:WA:SNTL,10.8,24.4,29,71.4,53.9,35.4,43.5,29.3
2026-04-24,375:WA:SNTL,10.4,24.5,28,71.4,53.9,36,49.1,27.5
2026-04-25,375:WA:SNTL,10.1,24.2,26,71.4,53.9,36.5,49.6,26.8
2026-04-26,375:WA:SNTL,9.7,24.1,25,71.4,53.9,39.6,50.9,27.9
2026-04-27,375:WA:SNTL,9.2,24,24,71.4,54,38.5,49.3,30
2026-04-28,375:WA:SNTL,8.6,23.3,23,71.4,54.2,37.9,46.6,30.4
2026-04-29,375:WA:SNTL,7.9,22.7,21,71.4,54.5,42.4,58.6,28.9
2026-04-30,375:WA:SNTL,7,22.4,18,71.4,54.6,48,61.7,36.3
2026-05-01,375:WA:SNTL,6.2,21.7,15,71.4,54.7,50.7,64.2,38.3
2026-05-02,375:WA:SNTL,5,21.1,12,71.4,54.8,53.8,68,43.9
2026-05-03,375:WA:SNTL,3.8,20.8,8,71.4,54.8,56.7,73.4,44.2
2026-05-04,375:WA:SNTL,2.4,20.2,5,71.4,55,56.8,72.1,44.6
2026-05-05,375:WA:SNTL,1.2,19.7,2,71.4,55.1,55.8,70.9,43.9
2026-05-06,375:WA:SNTL,0,19.5,0,71.4,55.2,51.1,62.1,40.6
2026-05-07,375:WA:SNTL,0,19,0,71.4,55.2,48.6,64,34
2026-05-08,375:WA:SNTL,0,18.6,0,71.4,55.5,44.4,53.4,37
2026-05-09,375:WA:SNTL,0,18.4,0,71.4,55.5,50.9,68.2,33.1
2026-05-10,375:WA:SNTL,0,18,0,71.4,55.6,49.1,58.6,37.4
2026-05-11,375:WA:SNTL,0,17.5,0,71.4,55.7,50.4,69.6,34.3
2026-05-12,375:WA:SNTL,0,16.8,0,71.4,55.8,57,73.8,41.4
2026-05-13,375:WA:SNTL,0,16.1,0,72.3,55.8,39.4,50.9,35.2
2026-05-14,375:WA:SNTL,0,15.2,0,72.6,55.8,37.6,45.3,34.5
2026-05-15,375:WA:SNTL,0,14.9,0,73,55.8,32.4,35.4,30.2
2026-05-16,375:WA:SNTL,0,14.4,0,73,55.9,31.6,36.5,28.4
2026-05-17,375:WA:SNTL,0,13.8,0,73,55.9,37,49.5,27.7
2026-05-18,375:WA:SNTL,0,13.2,0,73,55.9,42.1,55,30.7
2026-05-19,375:WA:SNTL,0,12.6,0,73,56,43.3,52.5,33.4
2026-05-20,375:WA:SNTL,0,12,0,73,56.1,47.8,65.1,34.7
2026-05-21,375:WA:SNTL,0,11.6,0,73,56.1,53.2,67.6,38.8
2026-05-22,375:WA:SNTL,0,11,0,73,56.1,55,69.8,41.5
2026-05-23,375:WA:SNTL,0,10.5,0,73,56.3,53.1,65.1,41.5
2026-05-24,375:WA:SNTL,0,10,0,73,56.3,52.9,65.5,39.9
2026-05-25,375:WA:SNTL,0,9,0,73,56.4,46.2,55.4,37.2
2026-05-26,375:WA:SNTL,0,8.2,0,73,56.4,42.8,54,33.1
2026-05-27,375:WA:SNTL,0,7.5,0,73,56.6,52.5,67.5,37
2026-05-28,375:WA:SNTL,0,6.7,0,74.1,56.6,58.6,78.4,48.9
2026-05-29,375:WA:SNTL,0,5.5,0,74.1,56.6,41.7,49.3,36.9
2026-05-30,375:WA:SNTL,0,3.8,0,74.1,56.7,40.6,51.6,31.1
2026-05-31,375:WA:SNTL,0,2.5,0,74.1,56.7,45.7,61.9,30.2
2026-06-01,375:WA:SNTL,0,1,0,74.1,56.7,53.4,64.8,37.9
2026-06-02,375:WA:SNTL,0,0.3,0,74.1,56.8,57.2,72.9,42.4
2026-06-03,375:WA:SNTL,0,0,0,74.2,56.8,52.2,60.3,42.4
2026-06-04,375:WA:SNTL,0,0,0,74.2,56.8,47.7,59.2,38.7
2026-06-05,375:WA:SNTL,0,0,0,74.4,56.9,40.8,47.1,35.2
2026-06-06,375:WA:SNTL,0,0,0,74.7,57.1,35.2,42.6,31.5
2026-06-07,375:WA:SNTL,0,0,0,74.7,57.2,38.8,51.1,31.6
2026-06-08,375:WA:SNTL,0,0,0,75.3,57.2,43,48.9,32.7
2026-06-09,375:WA:SNTL,0,0,0,75.9,57.4,39.9,42.8,36.1
2026-06-10,375:WA:SNTL,0,0,0,75.9,57.6,40.8,51.1,34.3
2026-06-11,375:WA:SNTL,0,0,0,75.9,57.6,49.5,65.7,31.8
2026-06-12,375:WA:SNTL,0,0,0,75.9,57.6,52.3,66.9,38.8
2026-06-13,375:WA:SNTL,0,0,0,75.9,57.6,58.6,72.9,43.7
2026-06-14,375:WA:SNTL,0,0,0,75.9,57.8,62.4,76.8,48.4
2026-06-15,375:WA:SNTL,0,0,0,75.9,57.9,67.8,80.2,55
2026-06-16,375:WA:SNTL,0,0,0,75.9,57.9,56.8,66,45.3
2026-06-17,375:WA:SNTL,0,0,0,75.9,57.9,55.8,71.6,42.4
2026-06-18,375:WA:SNTL,0,0,0,75.9,57.9,60.3,79.5,41.2
2026-06-19,375:WA:SNTL,0,0,0,75.9,58,64.8,79.3,51.4
2026-06-20,375:WA:SNTL,0,0,0,75.9,58,54.7,66.9,41.9
2026-06-21,375:WA:SNTL,0,0,0,75.9,58,55.8,73.8,39.9
2026-06-22,375:WA:SNTL,0,0,0,75.9,58,60.8,74.5,46.4
2026-06-23,375:WA:SNTL,0,0,0,75.9,58,63.9,76.1,50.4
2026-06-24,375:WA:SNTL,0,0,0,75.9,58.1,62.1,74.8,50.5
2026-06-25,375:WA:SNTL,0,0,0,75.9,58.2,53.1,61.5,43.7
2026-06-26,375:WA:SNTL,0,0,0,75.9,58.2,47.3,56.7,42.1
2026-06-27,375:WA:SNTL,0,0,0,75.9,58.2,43.9,51.4,38.5
2026-06-28,375:WA:SNTL,0,0,0,75.9,58.2,46.4,57.2,41.4
2026-06-29,375:WA:SNTL,0,0,0,75.9,58.2,48.6,58.5,39.2
2026-06-30,375:WA:SNTL,0,0,0,75.9,58.2,47.8,61.7,39.4
2026-07-01,375:WA:SNTL,0,0,0,75.9,58.2,47.1,59.9,39.2
2026-07-02,375:WA:SNTL,0,0,0,75.9,58.4,51.8,66.4,36.9
2026-07-03,375:WA:SNTL,0,0,0,75.9,58.4,56.5,68.9,48.4
2026-07-04,375:WA:SNTL,0,0,0,75.9,58.4,55.4,69.1,44.1
2026-07-05,375:WA:SNTL,0,0,0,75.9,58.4,59,77.7,40.6
2026-07-06,375:WA:SNTL,0,0,0,75.9,58.4,65.5,81.7,50.4
2026-07-07,375:WA:SNTL,0,0,0,75.9,58.4,64.4,78.1,50.4
2026-07-08,375:WA:SNTL,0,0,0,75.9,58.4,57.4,69.4,46.6
2026-07-09,375:WA:SNTL,0,0,0,75.9,58.6,59.2,75.4,45.1
2026-07-10,375:WA:SNTL,0,0,0,75.9,58.6,59.7,74.3,46.8
2026-07-11,375:WA:SNTL,0,0,0,75.9,58.6,56.1,67.1,49.5
2026-07-12,375:WA:SNTL,0,0,0,75.9,58.6,55.8,70.5,43.2
2026-07-13,375:WA:SNTL,0,0,0,75.9,58.6,61.3,78.4,43.9
2026-07-14,375:WA:SNTL,0,0,0,75.9,58.6,67.1,82.4,54.9
2026-07-15,375:WA:SNTL,0,0,0,75.9,58.6,66.4,84.6,54.5
2026-07-16,375:WA:SNTL,0,0,0,75.9,58.6,62.2,75.2,49.1
2026-07-17,375:WA:SNTL,0,0,0,75.9,58.7,55.8,71.4,40.5
2026-07-18,375:WA:SNTL,0,0,0,75.9,59,54.9,67.3,43
2026-07-19,375:WA:SNTL,0,0,0,75.9,59,61.7,77.9,45.1
2026-07-20,375:WA:SNTL,0,0,0,75.9,59,64.2,75.6,54.7
2026-07-21,375:WA:SNTL,0,0,0,75.9,59,70.9,86.4,57.7
2026-07-22,375:WA:SNTL,0,0,0,76,59,73.2,92.3,57.6
2026-07-23,375:WA:SNTL,0,0,0,76,59,61.9,75.7,51.1
2026-07-24,375:WA:SNTL,0,0,0,76,59,64.9,79,50.2
2026-07-25,375:WA:SNTL,0,0,0,76.2,59,56.1,64.9,46.8
2026-07-26,375:WA:SNTL,0,0,0,76.2,59.1,56.5,69.1,45.3
2026-07-27,375:WA:SNTL,0,0,0,76.2,59.1,59.2,71.8,47.8
2026-07-28,375:WA:SNTL,0,0,0,76.2,59.1,55.4,65.8,48.9
2026-07-29,375:WA:SNTL,0,0,0,76.2,59.2,57.4,73.9,41
2026-07-30,375:WA:SNTL,0,0,0,76.2,59.3,58.1,73.6,44.2
2026-07-31,375:WA:SNTL,0,0,0,76.2,59.3,65.3,86.7,47.1
2026-08-01,375:WA:SNTL,0,0,0,76.2,59.3,53.1,62.4,45
2026-08-02,375:WA:SNTL,0,0,0,76.2,59.3,47.7,58.3,39.4
2026-08-03,375:WA:SNTL,0,0,0,76.2,59.3,53.6,70,37.9
2026-08-04,375:WA:SNTL,0,0,0,76.2,59.3,61.2,77.5,47.1
2026-08-05,375:WA:SNTL,0,0,0,76.2,59.3,67.3,83.7,53.2
2026-08-06,375:WA:SNTL,0,0,0,76.2,59.4,68.9,85.3,52.7
2026-08-07,375:WA:SNTL,0,0,0,76.2,59.4,67.5,82,54.9
2026-08-08,375:WA:SNTL,0,0,0,76.3,59.4,63.7,77.7,51.6
2026-08-09,375:WA:SNTL,0,0,0,76.3,59.4,60.6,77,48
2026-08-10,375:WA:SNTL,0,0,0,76.4,59.4,60.1,74.7,47.1
2026-08-11,375:WA:SNTL,0,0,0,76.4,59.4,59.5,75.2,47.8
2026-08-12,375:WA:SNTL,0,0,0,76.4,59.4,56.8,71.1,46.4
2026-08-13,375:WA:SNTL,0,0,0,77.5,59.4,54.3,71.8,48
2026-08-14,375:WA:SNTL,0,0,0,77.5,59.4,57.2,70.5,47.7
2026-08-15,375:WA:SNTL,0,0,0,77.5,59.4,56.5,68.9,50.2
2026-08-16,375:WA:SNTL,0,0,0,77.5,59.5,59.2,73.2,48.6
2026-08-17,375:WA:SNTL,0,0,0,77.5,59.5,63.1,77.5,49.3
2026-08-18,375:WA:SNTL,0,0,0,77.5,59.5,61.2,76.6,48.2
2026-08-19,375:WA:SNTL,0,0,0,77.5,59.5,63.5,80.6,51.6
2026-08-20,375:WA:SNTL,0,0,0,77.5,59.5,68,83.1,54.1
2026-08-21,375:WA:SNTL,0,0,0,77.5,59.6,70.7,84.9,60.3
2026-08-22,375:WA:SNTL,0,0,0,77.6,59.6,61,69.8,51.3
2026-08-23,375:WA:SNTL,0,0,0,77.6,59.6,54.9,66,47.1
2026-08-24,375:WA:SNTL,0,0,0,77.6,59.6,59.9,75.7,46
2026-08-25,375:WA:SNTL,0,0,0,77.6,59.6,65.5,81.9,54.3
2026-08-26,375:WA:SNTL,0,0,0,77.6,59.6,63.1,74.5,55.4
2026-08-27,375:WA:SNTL,0,0,0,77.8,59.6,54.9,64,47.7
2026-08-28,375:WA:SNTL,0,0,0,77.8,59.6,52.2,64.9,42.4
2026-08-29,375:WA:SNTL,0,0,0,78,59.6,43.7,49.6,40.3
2026-08-30,375:WA:SNTL,0,0,0,78,59.6,48.9,64.8,36.5
2026-08-31,375:WA:SNTL,0,0,0,78,59.6,56.8,72.7,44.8
2026-09-01,375:WA:SNTL,0,0,0,78,59.6,55.4,67.3,46.9
2026-09-02,375:WA:SNTL,0,0,0,78.5,59.6,46.2,53.1,40.3
2026-09-03,375:WA:SNTL,0,0,0,78.5,59.6,42.4,50.2,37
2026-09-04,375:WA:SNTL,0,0,0,78.6,59.6,42.6,51.4,36.9
2026-09-05,375:WA:SNTL,0,0,0,78.8,59.6,41.2,45.3,38.5
2026-09-06,375:WA:SNTL,0,0,0,78.8,59.6,44.2,51.4,37.6
2026-09-07,375:WA:SNTL,0,0,0,78.8,59.6,45.3,52,40.3
2026-09-08,375:WA:SNTL,0,0,0,78.8,59.7,52.2,68.7,39.6
2026-09-09,375:WA:SNTL,0,0,0,78.8,59.7,59.4,75.9,46.9
2026-09-10,375:WA:SNTL,0,0,0,78.8,59.7,53.4,61.9,40.5
2026-09-11,375:WA:SNTL,0,0,0,78.8,59.7,47.8,63,36.7
2026-09-12,375:WA:SNTL,0,0,0,78.8,59.7,49.5,60.3,43.3
2026-09-13,375:WA:SNTL,0,0,0,80,59.7,40.6,43.9,36.3
2026-09-14,375:WA:SNTL,0,0,0,80,59.7,45.9,55.4,39.9
2026-09-15,375:WA:SNTL,0,0,0,80,59.7,45.7,53.8,41.2
2026-09-16,375:WA:SNTL,0,0,0,80,59.7,50,63,40.3
2026-09-17,375:WA:SNTL,0,0,0,80,59.8,55.4,72.7,44.4
2026-09-18,375:WA:SNTL,0,0,0,80,59.8,54.1,71.1,43.9
2026-09-19,375:WA:SNTL,0,0,0,80,60,57.7,72.7,47.5
2026-09-20,375:WA:SNTL,0,0,0,80,60,59.2,75.2,48.6
2026-09-21,375:WA:SNTL,0,0,0,80,60,57.6,72,44.2
2026-09-22,375:WA:SNTL,0,0,0,80,60,48.2,62.1,39.6
2026-09-23,375:WA:SNTL,0,0,0,80,60.2,46.4,57.7,38.8
2026-09-24,375:WA:SNTL,0,0,0,80,60.5,50.4,62.2,36.5
2026-09-25,375:WA:SNTL,0,0,0,80.9,61,40.3,46,33.4
2026-09-26,375:WA:SNTL,0,0,0,80.9,61,38.8,52.9,29.3
2026-09-27,375:WA:SNTL,0,0,0,80.9,61,42.6,57.2,32.4
2026-09-28,375:WA:SNTL,0,0,0,80.9,61.5,46.2,59.2,36.3
2026-09-29,375:WA:SNTL,0,0,0,80.9,62.2,48,51.6,42.4
2026-09-30,375:WA:SNTL,0,0,0,81,62.3,48.2,58.3,42.4
2026-10-01,375:WA:SNTL,0,0,0,0,0,50,63.3,41.2
2026-10-02,375:WA:SNTL,0.1,0,0,0,0.1,52.2,61.5,43
2026-10-03,375:WA:SNTL,0.1,0,0,,,52,68.9,42.1
2026-10-04,375:WA:SNTL,0.1,0,0,,,55.4,70.7,45.5
2026-10-05,375:WA:SNTL,0.1,0,0,,,54.7,69.1,44.8
