key,station,valid_utc,psfc_hpa,ptop_hpa,freezing_ft,wetbulb0_ft,snow_level_ft,pw_mm,ivt,ivt_from_deg,ar_category,t850_c,lapse_850_700_c_km,w700_from_deg,w700_kt,fl_vs_normal,pw_vs_normal
2025100720,KUIL,2025-10-07T20:00Z,1007,359,11421,8668,10421,,,,NO DATA,11.0,5.39,240,19,NORMAL,--
2025100800,KUIL,2025-10-08T00:00Z,1006,6,10801,9525,9801,21.0,178,251,NONE,9.4,5.41,250,27,NORMAL,NORMAL
2025100812,KUIL,2025-10-08T12:00Z,1004,6,6729,4037,5729,14.0,141,239,NONE,3.0,3.67,220,22,NORMAL,NORMAL
2025100900,KUIL,2025-10-09T00:00Z,1003,6,6436,4006,5436,9.2,38,170,NONE,1.6,4.34,135,2,NORMAL,MUCH BELOW
2025100912,KUIL,2025-10-09T12:00Z,1005,7,5765,5418,4765,13.2,109,143,NONE,2.6,5.37,145,31,BELOW,BELOW
2025101000,KUIL,2025-10-10T00:00Z,1009,100,9478,5616,8478,14.1,81,142,NONE,6.0,4.77,165,27,NORMAL,NORMAL
2025101012,KUIL,2025-10-10T12:00Z,1005,7,9498,8954,8498,25.5,229,131,NONE,6.2,4.76,105,27,NORMAL,ABOVE
2025101100,KUIL,2025-10-11T00:00Z,1004,6,6700,6184,5700,18.8,117,191,NONE,3.8,5.87,210,11,NORMAL,NORMAL
2025101112,KUIL,2025-10-11T12:00Z,1004,5,6106,6061,5106,19.7,44,272,NONE,2.8,5.63,320,13,BELOW,NORMAL
2025101200,KUIL,2025-10-12T00:00Z,1005,6,9075,4603,8075,10.7,99,309,NONE,0.4,1.21,330,35,NORMAL,BELOW
2025101212,KUIL,2025-10-12T12:00Z,1006,7,4517,3751,3517,16.8,239,298,NONE,-0.5,4.80,295,33,MUCH BELOW,NORMAL
2025101300,KUIL,2025-10-13T00:00Z,1000,100,4638,4105,3638,13.8,71,7,NONE,0.2,6.89,355,14,MUCH BELOW,NORMAL
2025101312,KUIL,2025-10-13T12:00Z,1004,6,5735,2956,4735,9.9,147,64,NONE,0.6,5.92,75,19,BELOW,MUCH BELOW
2025101400,KUIL,2025-10-14T00:00Z,1007,6,7272,4564,6272,8.6,118,31,NONE,5.4,7.53,25,14,NORMAL,MUCH BELOW
2025101412,KUIL,2025-10-14T12:00Z,1010,10,8546,4206,7546,8.9,141,37,NONE,5.4,3.52,50,23,NORMAL,MUCH BELOW
2025101500,KUIL,2025-10-15T00:00Z,1011,6,12100,3349,11100,9.3,147,31,NONE,6.4,1.64,40,22,ABOVE,MUCH BELOW
2025101518,KUIL,2025-10-15T18:00Z,1012,7,12835,9790,11835,14.3,132,7,NONE,8.0,2.26,10,28,MUCH ABOVE,NORMAL
2025101600,KUIL,2025-10-16T00:00Z,1013,5,12474,4262,11474,13.2,79,339,NONE,9.0,2.76,350,15,ABOVE,NORMAL
2025101612,KUIL,2025-10-16T12:00Z,1016,6,11880,6035,10880,12.1,50,307,NONE,11.0,4.88,315,13,ABOVE,BELOW
2025101700,KUIL,2025-10-17T00:00Z,1016,5,12000,9806,11000,24.1,267,277,WEAK,7.8,4.03,285,28,ABOVE,ABOVE
2025101712,KUIL,2025-10-17T12:00Z,1013,8,10153,4337,9153,13.6,200,294,NONE,2.2,1.27,285,41,NORMAL,NORMAL
2025101800,KUIL,2025-10-18T00:00Z,1015,6,5904,5124,4904,14.5,207,304,NONE,1.6,2.78,310,33,NORMAL,NORMAL
2025101812,KUIL,2025-10-18T12:00Z,1015,8,8982,3927,7982,16.9,187,273,NONE,2.0,1.99,270,23,NORMAL,NORMAL
2025101900,KUIL,2025-10-19T00:00Z,1006,9,8923,8578,7923,28.8,585,229,MODERATE,4.8,4.25,225,53,NORMAL,MUCH ABOVE
2025101912,KUIL,2025-10-19T12:00Z,999,6,5229,5082,4229,16.4,256,247,WEAK,1.6,6.17,250,36,BELOW,NORMAL
2025102000,KUIL,2025-10-20T00:00Z,1010,7,5446,4556,4446,14.9,245,299,NONE,1.4,6.46,305,38,BELOW,NORMAL
2025102012,KUIL,2025-10-20T12:00Z,1019,6,6889,4839,5889,14.8,134,294,NONE,0.8,1.74,295,21,NORMAL,NORMAL
2025102100,KUIL,2025-10-21T00:00Z,1020,5,9479,5536,8479,21.4,261,251,WEAK,1.4,1.73,275,36,NORMAL,NORMAL
2025102112,KUIL,2025-10-21T12:00Z,1017,6,11168,6699,10168,17.6,137,247,NONE,4.2,1.66,285,32,ABOVE,NORMAL
2025102200,KUIL,2025-10-22T00:00Z,1012,6,11571,4414,10571,12.7,23,197,NONE,8.6,3.65,230,21,ABOVE,NORMAL
2025102212,KUIL,2025-10-22T12:00Z,1004,5,10931,6008,9931,10.5,142,197,NONE,11.6,6.02,205,36,ABOVE,BELOW
2025102300,KUIL,2025-10-23T00:00Z,1009,6,6382,6382,5382,18.1,210,223,NONE,3.4,4.97,260,30,NORMAL,NORMAL
2025102312,KUIL,2025-10-23T12:00Z,1011,6,6328,6328,5328,27.1,353,222,WEAK,2.8,4.05,235,29,NORMAL,MUCH ABOVE
2025102400,KUIL,2025-10-24T00:00Z,1008,6,8127,6594,7127,25.9,547,209,MODERATE,3.4,4.94,210,55,NORMAL,ABOVE
2025102412,KUIL,2025-10-24T12:00Z,1000,12,7429,7175,6429,27.6,682,201,MODERATE,5.2,5.32,220,53,NORMAL,MUCH ABOVE
2025102500,KUIL,2025-10-25T00:00Z,997,6,4948,4596,3948,18.2,170,229,NONE,1.4,6.32,235,22,BELOW,NORMAL
2025102512,KUIL,2025-10-25T12:00Z,996,8,6379,4834,5379,12.0,163,160,NONE,1.0,4.86,170,38,NORMAL,BELOW
2025102600,KUIL,2025-10-26T00:00Z,985,6,4453,4402,3453,16.4,213,185,NONE,0.6,5.93,205,27,BELOW,NORMAL
2025102612,KUIL,2025-10-26T12:00Z,1001,7,4247,4240,3247,12.1,137,238,NONE,-1.1,7.38,235,28,BELOW,BELOW
2025102700,KUIL,2025-10-27T00:00Z,1005,7,3913,3455,2913,11.8,87,285,NONE,-1.7,6.46,285,20,MUCH BELOW,BELOW
2025102712,KUIL,2025-10-27T12:00Z,1014,7,3780,3756,2780,14.2,81,277,NONE,-1.7,6.18,255,19,MUCH BELOW,NORMAL
2025102800,KUIL,2025-10-28T00:00Z,1020,6,4181,4181,3181,14.5,68,259,NONE,-1.9,5.53,280,10,BELOW,NORMAL
2025102812,KUIL,2025-10-28T12:00Z,1015,8,6099,3817,5099,17.4,184,234,NONE,2.2,2.91,205,27,NORMAL,NORMAL
2025102900,KUIL,2025-10-29T00:00Z,1006,7,9681,8915,8681,26.0,715,203,MODERATE,8.8,5.99,215,66,ABOVE,MUCH ABOVE
2025102912,KUIL,2025-10-29T12:00Z,1017,7,5265,5265,4265,17.2,241,257,NONE,0.4,5.41,260,33,NORMAL,NORMAL
2025103000,KUIL,2025-10-30T00:00Z,1025,7,6675,4570,5675,15.0,118,306,NONE,0.8,2.26,315,27,NORMAL,NORMAL
2025103012,KUIL,2025-10-30T12:00Z,1020,6,9602,4172,8602,10.9,30,286,NONE,8.0,5.90,280,6,ABOVE,BELOW
2025103100,KUIL,2025-10-31T00:00Z,1013,7,10177,6664,9177,10.3,31,227,NONE,9.6,6.06,220,17,ABOVE,BELOW
2025103112,KUIL,2025-10-31T12:00Z,1009,9,9757,9511,8757,26.2,423,223,WEAK,10.6,7.12,210,36,ABOVE,MUCH ABOVE
2025110100,KUIL,2025-11-01T00:00Z,1005,15,8578,8540,7578,30.7,766,229,STRONG,6.6,5.53,235,41,NORMAL,MUCH ABOVE
2025110112,KUIL,2025-11-01T12:00Z,1001,9,8339,8335,7339,29.0,527,208,MODERATE,5.8,4.78,205,50,NORMAL,MUCH ABOVE
2025110200,KUIL,2025-11-02T00:00Z,1010,7,4758,4173,3758,14.0,168,258,NONE,-0.1,6.16,260,38,NORMAL,NORMAL
2025110212,KUIL,2025-11-02T12:00Z,1018,7,4370,3966,3370,11.6,107,259,NONE,-1.7,6.59,265,35,BELOW,NORMAL
2025110300,KUIL,2025-11-03T00:00Z,1022,7,4468,4458,3468,14.5,125,248,NONE,-0.9,6.03,275,22,NORMAL,NORMAL
2025110312,KUIL,2025-11-03T12:00Z,1010,9,6697,3807,5697,12.4,51,202,NONE,5.2,9.40,175,15,NORMAL,NORMAL
2025110400,KUIL,2025-11-04T00:00Z,1004,7,5757,4812,4757,13.9,29,148,NONE,1.8,7.23,265,5,NORMAL,NORMAL
2025110412,KUIL,2025-11-04T12:00Z,1006,7,6484,5074,5484,12.9,52,186,NONE,2.0,4.86,245,4,NORMAL,NORMAL
2025110500,KUIL,2025-11-05T00:00Z,1002,6,7982,7011,6982,16.8,216,160,NONE,7.2,6.32,170,36,NORMAL,NORMAL
2025110512,KUIL,2025-11-05T12:00Z,988,24,7796,7703,6796,29.6,766,175,STRONG,6.6,5.28,190,46,NORMAL,MUCH ABOVE
2025110600,KUIL,2025-11-06T00:00Z,992,100,6197,5814,5197,19.6,400,199,WEAK,3.6,6.65,205,43,NORMAL,ABOVE
2025110612,KUIL,2025-11-06T12:00Z,1004,5,5463,4930,4463,17.4,268,215,WEAK,1.6,6.05,230,35,NORMAL,NORMAL
2025110700,KUIL,2025-11-07T00:00Z,997,52,6451,6451,5451,18.1,382,218,WEAK,3.6,6.26,205,61,NORMAL,NORMAL
2025110712,KUIL,2025-11-07T12:00Z,1010,6,4299,4279,3299,10.5,126,252,NONE,-1.9,5.53,250,34,NORMAL,BELOW
2025110800,KUIL,2025-11-08T00:00Z,1016,8,4436,3706,3436,12.0,99,271,NONE,-1.3,4.84,255,22,NORMAL,NORMAL
2025110812,KUIL,2025-11-08T12:00Z,1016,14,6571,4659,5571,17.6,114,275,NONE,0.6,1.23,290,27,NORMAL,NORMAL
2025110900,KUIL,2025-11-09T00:00Z,1012,11,10914,9899,9914,21.9,241,213,NONE,10.4,5.52,230,27,MUCH ABOVE,ABOVE
2025110912,KUIL,2025-11-09T12:00Z,1011,9,12687,8965,11687,16.3,270,200,WEAK,12.2,4.86,205,46,MUCH ABOVE,NORMAL
2025111000,KUIL,2025-11-10T00:00Z,1012,17,11640,10410,10640,29.3,626,211,MODERATE,9.6,4.38,220,53,MUCH ABOVE,MUCH ABOVE
2025111012,KUIL,2025-11-10T12:00Z,1015,8,9492,5899,8492,23.3,464,233,WEAK,6.8,5.66,235,56,ABOVE,ABOVE
2025111100,KUIL,2025-11-11T00:00Z,1018,7,4516,4459,3516,14.0,134,269,NONE,-0.5,0.90,265,29,NORMAL,NORMAL
2025111112,KUIL,2025-11-11T12:00Z,1018,16,4261,3651,3261,15.1,83,265,NONE,1.8,1.99,285,30,NORMAL,NORMAL
2025111200,KUIL,2025-11-12T00:00Z,1011,10,6947,6449,5947,14.8,56,209,NONE,4.2,2.76,195,21,NORMAL,NORMAL
2025111212,KUIL,2025-11-12T12:00Z,1005,8,8563,3992,7563,13.7,122,207,NONE,6.2,5.04,220,27,ABOVE,NORMAL
2025111300,KUIL,2025-11-13T00:00Z,1001,8,7909,7909,6909,28.4,479,196,WEAK,6.8,5.93,205,39,ABOVE,MUCH ABOVE
2025111312,KUIL,2025-11-13T12:00Z,996,12,8297,8297,7297,29.4,445,203,WEAK,6.8,5.41,205,32,ABOVE,MUCH ABOVE
2025111400,KUIL,2025-11-14T00:00Z,998,8,9045,3861,8045,20.7,319,233,WEAK,4.8,4.14,235,45,ABOVE,ABOVE
2025111412,KUIL,2025-11-14T12:00Z,1001,10,6854,3065,5854,12.0,109,266,NONE,2.2,4.58,245,20,NORMAL,NORMAL
2025111500,KUIL,2025-11-15T00:00Z,1003,9,7101,7101,6101,25.5,366,278,WEAK,2.0,1.60,280,37,NORMAL,MUCH ABOVE
2025111512,KUIL,2025-11-15T12:00Z,1006,10,9892,9074,8892,23.3,204,267,NONE,4.4,2.86,260,26,ABOVE,MUCH ABOVE
2025111600,KUIL,2025-11-16T00:00Z,1005,15,8391,6730,7391,20.3,107,208,NONE,5.6,4.66,250,18,ABOVE,ABOVE
2025111612,KUIL,2025-11-16T12:00Z,996,8,10096,6396,9096,18.0,135,189,NONE,5.2,2.91,195,16,MUCH ABOVE,ABOVE
2025111700,KUIL,2025-11-17T00:00Z,992,7,7664,7359,6664,24.4,307,199,WEAK,5.4,5.56,215,23,ABOVE,MUCH ABOVE
2025111713,KUIL,2025-11-17T13:00Z,1002,9,3696,3493,2696,13.7,128,231,NONE,-1.3,3.66,215,31,NORMAL,NORMAL
2025111800,KUIL,2025-11-18T00:00Z,1006,7,3560,3268,2560,11.5,111,285,NONE,-2.9,4.47,315,27,BELOW,NORMAL
2025111812,KUIL,2025-11-18T12:00Z,1011,9,4055,4055,3055,17.4,116,279,NONE,-1.3,4.04,300,24,NORMAL,NORMAL
2025111900,KUIL,2025-11-19T00:00Z,1014,13,4892,4073,3892,15.5,121,333,NONE,0.0,5.16,335,25,NORMAL,NORMAL
2025111912,KUIL,2025-11-19T12:00Z,1013,10,8810,3642,7810,10.5,9,307,NONE,3.6,3.14,50,18,ABOVE,NORMAL
2025112000,KUIL,2025-11-20T00:00Z,1002,8,5171,3895,4171,16.0,179,167,NONE,1.2,2.50,150,23,NORMAL,NORMAL
2025112012,KUIL,2025-11-20T12:00Z,1003,12,4744,4744,3744,18.7,245,181,NONE,0.2,5.28,180,31,NORMAL,ABOVE
2025112100,KUIL,2025-11-21T00:00Z,1013,9,4659,4654,3659,15.3,68,192,NONE,-0.5,5.49,195,13,NORMAL,NORMAL
2025112112,KUIL,2025-11-21T12:00Z,1016,10,7744,4724,6744,21.0,182,257,NONE,1.8,1.48,280,30,ABOVE,ABOVE
2025112200,KUIL,2025-11-22T00:00Z,1015,14,7535,7535,6535,24.6,255,261,WEAK,3.6,4.43,270,30,ABOVE,MUCH ABOVE
2025112212,KUIL,2025-11-22T12:00Z,1013,11,6769,6701,5769,23.0,314,234,WEAK,3.4,3.93,245,30,NORMAL,MUCH ABOVE
2025112300,KUIL,2025-11-23T00:00Z,1010,9,6556,6556,5556,24.8,385,240,WEAK,3.0,5.09,250,28,NORMAL,MUCH ABOVE
2025112312,KUIL,2025-11-23T12:00Z,1009,7,6621,3649,5621,17.1,211,252,NONE,2.6,5.75,250,37,NORMAL,NORMAL
2025112400,KUIL,2025-11-24T00:00Z,1013,7,3445,2856,2445,8.3,60,276,NONE,-3.3,2.77,250,24,NORMAL,BELOW
2025112412,KUIL,2025-11-24T12:00Z,1016,7,3406,3107,2406,10.6,65,253,NONE,-3.5,6.23,265,27,NORMAL,NORMAL
2025112500,KUIL,2025-11-25T00:00Z,1021,7,3528,2923,2528,10.4,75,280,NONE,-3.7,6.64,285,13,NORMAL,NORMAL
2025112512,KUIL,2025-11-25T12:00Z,1019,9,3634,2774,2634,16.3,171,249,NONE,-3.9,4.07,230,36,NORMAL,NORMAL
2025112600,KUIL,2025-11-26T00:00Z,1011,8,7678,7660,6678,18.8,229,214,NONE,1.8,3.66,240,27,ABOVE,ABOVE
2025112612,KUIL,2025-11-26T12:00Z,1015,8,4312,3935,3312,9.9,83,282,NONE,-0.1,2.06,285,31,NORMAL,NORMAL
2025112700,KUIL,2025-11-27T00:00Z,1016,8,7507,4502,6507,16.3,113,234,NONE,4.8,6.11,155,13,ABOVE,NORMAL
2025112712,KUIL,2025-11-27T12:00Z,1010,17,6246,5911,5246,23.1,272,195,WEAK,2.2,3.16,240,31,NORMAL,MUCH ABOVE
2025112800,KUIL,2025-11-28T00:00Z,1004,9,6040,5962,5040,21.5,149,122,NONE,2.0,4.79,142,15,NORMAL,MUCH ABOVE
2025112812,KUIL,2025-11-28T12:00Z,1011,7,7114,5704,6114,13.0,123,30,NONE,5.6,6.76,345,22,ABOVE,NORMAL
2025112900,KUIL,2025-11-29T00:00Z,1017,6,8167,4864,7167,10.2,0,262,NONE,5.4,5.45,85,11,ABOVE,NORMAL
2025112912,KUIL,2025-11-29T12:00Z,1015,7,9176,3943,8176,7.9,26,187,NONE,2.6,2.75,165,18,ABOVE,BELOW
2025113000,KUIL,2025-11-30T00:00Z,1012,100,5657,2797,4657,12.3,75,347,NONE,0.4,5.14,325,19,NORMAL,NORMAL
2025120112,KUIL,2025-12-01T12:00Z,1020,7,10434,2643,9434,21.2,234,302,NONE,4.4,2.42,310,30,MUCH ABOVE,MUCH ABOVE
2025120120,KUIL,2025-12-01T20:00Z,1018,359,8648,3977,7648,,,,NO DATA,4.6,4.14,290,31,ABOVE,--
2025120200,KUIL,2025-12-02T00:00Z,1017,12,8169,7990,7169,18.1,216,285,NONE,4.0,5.06,285,41,ABOVE,ABOVE
2025120212,KUIL,2025-12-02T12:00Z,1014,7,5110,4874,4110,14.8,135,331,NONE,0.4,5.15,325,26,NORMAL,NORMAL
2025120300,KUIL,2025-12-03T00:00Z,1018,10,6245,4192,5245,11.4,43,356,NONE,2.0,3.68,350,26,NORMAL,NORMAL
2025120312,KUIL,2025-12-03T12:00Z,1021,98,3968,3951,2968,18.1,140,321,NONE,0.4,3.80,320,22,NORMAL,ABOVE
2025120400,KUIL,2025-12-04T00:00Z,1021,8,6086,6086,5086,21.8,227,323,NONE,0.4,3.03,325,32,NORMAL,MUCH ABOVE
2025120412,KUIL,2025-12-04T12:00Z,1019,8,7874,7874,6874,26.2,337,289,WEAK,4.0,4.54,290,30,ABOVE,MUCH ABOVE
2025120500,KUIL,2025-12-05T00:00Z,1015,8,8928,8928,7928,26.7,340,293,WEAK,3.0,3.13,300,47,MUCH ABOVE,MUCH ABOVE
2025120512,KUIL,2025-12-05T12:00Z,1011,100,9792,8707,8792,24.8,297,271,WEAK,4.0,2.98,290,41,MUCH ABOVE,MUCH ABOVE
2025120600,KUIL,2025-12-06T00:00Z,1002,7,5713,5603,4713,16.0,287,275,WEAK,1.6,4.73,275,49,NORMAL,NORMAL
2025120612,KUIL,2025-12-06T12:00Z,1006,8,4822,4780,3822,16.3,231,275,NONE,0.2,6.60,285,38,NORMAL,ABOVE
2025120700,KUIL,2025-12-07T00:00Z,1010,10,4813,4813,3813,15.3,183,262,NONE,0.0,6.74,255,32,NORMAL,NORMAL
2025120712,KUIL,2025-12-07T12:00Z,1008,15,5615,5615,4615,20.8,284,215,WEAK,1.4,5.52,205,29,NORMAL,MUCH ABOVE
2025120800,KUIL,2025-12-08T00:00Z,1009,9,5108,4321,4108,11.6,168,245,NONE,0.8,5.14,260,35,NORMAL,NORMAL
2025120812,KUIL,2025-12-08T12:00Z,1012,14,5796,5796,4796,21.4,396,225,WEAK,1.6,6.58,230,41,NORMAL,MUCH ABOVE
2025120900,KUIL,2025-12-09T00:00Z,1003,18,9000,9000,8000,30.6,845,253,STRONG,5.8,4.39,255,73,MUCH ABOVE,MUCH ABOVE
2025120912,KUIL,2025-12-09T12:00Z,1011,9,4658,4384,3658,17.8,332,274,WEAK,-0.1,4.31,285,39,NORMAL,ABOVE
2025121000,KUIL,2025-12-10T00:00Z,1010,9,4666,4666,3666,24.1,327,248,WEAK,-0.1,1.80,255,39,NORMAL,MUCH ABOVE
2025121012,KUIL,2025-12-10T12:00Z,1005,142,9934,9934,8934,32.6,794,259,STRONG,5.6,3.55,255,63,MUCH ABOVE,MUCH ABOVE
2025121100,KUIL,2025-12-11T00:00Z,1005,14,9491,9318,8491,31.5,840,250,STRONG,6.2,4.37,250,68,MUCH ABOVE,MUCH ABOVE
2025121112,KUIL,2025-12-11T12:00Z,1013,8,4721,3911,3721,24.5,545,269,MODERATE,-0.3,1.54,260,53,NORMAL,MUCH ABOVE
2025121200,KUIL,2025-12-12T00:00Z,1016,14,9406,9406,8406,25.2,388,272,WEAK,1.8,1.60,270,49,MUCH ABOVE,MUCH ABOVE
2025121212,KUIL,2025-12-12T12:00Z,1015,9,10713,7434,9713,20.6,202,259,NONE,4.4,2.43,275,36,MUCH ABOVE,MUCH ABOVE
2025121300,KUIL,2025-12-13T00:00Z,1012,8,6399,6381,5399,17.8,182,242,NONE,2.8,-0.00,275,51,ABOVE,ABOVE
2025121312,KUIL,2025-12-13T12:00Z,1011,9,11445,6039,10445,14.7,146,218,NONE,6.8,2.52,250,38,MUCH ABOVE,NORMAL
2025121400,KUIL,2025-12-14T00:00Z,1006,9,9091,7073,8091,15.3,252,218,WEAK,9.2,6.78,225,45,MUCH ABOVE,NORMAL
2025121412,KUIL,2025-12-14T12:00Z,1005,18,7233,6331,6233,24.3,507,224,MODERATE,5.6,5.19,230,51,ABOVE,MUCH ABOVE
2025121500,KUIL,2025-12-15T00:00Z,1006,12,7536,7410,6536,26.4,550,215,MODERATE,3.8,5.45,225,50,ABOVE,MUCH ABOVE
2025121718,KUIL,2025-12-17T18:00Z,1007,8,3121,2772,2121,10.4,130,264,NONE,-3.9,6.92,255,32,NORMAL,NORMAL
2025121800,KUIL,2025-12-18T00:00Z,1011,7,3380,3074,2380,12.5,170,240,NONE,-3.3,6.22,245,35,NORMAL,NORMAL
2025121812,KUIL,2025-12-18T12:00Z,1004,12,3912,3676,2912,17.5,274,224,WEAK,-1.1,5.77,210,34,NORMAL,ABOVE
2025121900,KUIL,2025-12-19T00:00Z,986,7,5318,5274,4318,20.2,556,245,MODERATE,2.2,4.59,240,65,NORMAL,MUCH ABOVE
2025121912,KUIL,2025-12-19T12:00Z,996,10,2793,2561,1793,10.1,121,265,NONE,-3.9,7.06,275,33,BELOW,NORMAL
2025122000,KUIL,2025-12-20T00:00Z,1001,7,2975,2465,1975,9.2,128,258,NONE,-3.9,7.20,260,30,NORMAL,BELOW
2025122012,KUIL,2025-12-20T12:00Z,1005,7,2931,2593,1931,10.5,134,247,NONE,-3.5,7.19,250,33,NORMAL,NORMAL
2025122100,KUIL,2025-12-21T00:00Z,1003,8,3446,3017,2446,12.5,155,232,NONE,-2.9,6.22,230,40,NORMAL,NORMAL
2025122112,KUIL,2025-12-21T12:00Z,998,15,3997,3997,2997,14.6,206,213,NONE,-0.7,6.44,220,40,NORMAL,NORMAL
2025122200,KUIL,2025-12-22T00:00Z,995,5,3280,3280,2280,12.4,165,223,NONE,-2.3,6.88,205,42,NORMAL,NORMAL
2025122212,KUIL,2025-12-22T12:00Z,1001,5,3161,2637,2161,11.3,141,208,NONE,-3.5,6.64,235,31,NORMAL,NORMAL
2025122300,KUIL,2025-12-23T00:00Z,996,5,2906,2775,1906,12.9,271,214,WEAK,-3.1,5.82,205,58,NORMAL,NORMAL
2025122400,KUIL,2025-12-24T00:00Z,1001,7,2598,2419,1598,11.2,87,192,NONE,-3.7,6.38,195,22,BELOW,NORMAL
2025122412,KUIL,2025-12-24T12:00Z,991,8,4799,3885,3799,14.3,89,156,NONE,1.0,6.34,110,18,NORMAL,NORMAL
2025122500,KUIL,2025-12-25T00:00Z,995,6,2759,2743,1759,11.7,116,243,NONE,-2.9,5.81,235,38,NORMAL,NORMAL
2025122512,KUIL,2025-12-25T12:00Z,995,7,5634,3233,4634,9.7,40,136,NONE,2.8,7.09,160,17,NORMAL,NORMAL
2025122600,KUIL,2025-12-26T00:00Z,994,11,4831,4831,3831,17.5,243,185,NONE,0.8,6.32,200,27,NORMAL,ABOVE
2025122612,KUIL,2025-12-26T12:00Z,995,11,3974,3959,2974,14.8,151,220,NONE,-0.7,6.30,240,21,NORMAL,NORMAL
2025122700,KUIL,2025-12-27T00:00Z,999,5,2076,2039,1076,9.7,132,288,NONE,-4.9,7.21,280,31,BELOW,NORMAL
2025122712,KUIL,2025-12-27T12:00Z,1010,6,2189,1198,1189,6.4,92,320,NONE,-6.9,1.59,325,43,BELOW,MUCH BELOW
2025122800,KUIL,2025-12-28T00:00Z,1021,6,2086,1620,1086,11.9,137,317,NONE,-5.7,2.24,305,25,BELOW,NORMAL
2025122812,KUIL,2025-12-28T12:00Z,1028,6,2530,2019,1530,13.3,79,326,NONE,-3.5,1.84,345,20,BELOW,NORMAL
2025122900,KUIL,2025-12-29T00:00Z,1030,5,4012,3929,3012,17.5,166,275,NONE,1.8,7.14,225,16,NORMAL,ABOVE
2025122912,KUIL,2025-12-29T12:00Z,1027,5,6426,4471,5426,20.1,167,278,NONE,2.2,3.42,290,23,ABOVE,MUCH ABOVE
2025123000,KUIL,2025-12-30T00:00Z,1025,6,9791,4268,8791,16.7,120,268,NONE,3.6,2.88,305,20,MUCH ABOVE,ABOVE
2025123012,KUIL,2025-12-30T12:00Z,1020,6,203,203,184,14.4,104,253,NONE,6.8,3.93,220,21,BELOW,NORMAL
2025123100,KUIL,2025-12-31T00:00Z,1015,9,11439,6498,10439,13.0,108,230,NONE,7.0,2.78,235,25,MUCH ABOVE,NORMAL
2026010218,KUIL,2026-01-02T18:00Z,1004,52,6440,5285,5440,16.8,126,196,NONE,3.0,5.03,195,14,ABOVE,NORMAL
2026010300,KUIL,2026-01-03T00:00Z,1001,7,6560,5509,5560,22.4,310,195,WEAK,2.8,5.23,200,24,ABOVE,MUCH ABOVE
2026010312,KUIL,2026-01-03T12:00Z,992,23,6531,6492,5531,22.6,335,179,WEAK,4.2,5.72,190,34,ABOVE,MUCH ABOVE
2026010400,KUIL,2026-01-04T00:00Z,988,6,4825,4797,3825,17.2,256,178,WEAK,1.0,5.66,175,27,NORMAL,ABOVE
2026010412,KUIL,2026-01-04T12:00Z,986,182,4850,4838,3850,15.9,215,208,NONE,1.2,6.06,205,31,NORMAL,NORMAL
2026010500,KUIL,2026-01-05T00:00Z,993,6,3023,3023,2023,12.6,113,197,NONE,-2.3,6.21,215,22,NORMAL,NORMAL
2026010512,KUIL,2026-01-05T12:00Z,1000,10,2860,2658,1860,10.5,45,297,NONE,-4.1,5.69,270,13,NORMAL,NORMAL
2026010600,KUIL,2026-01-06T00:00Z,1009,5,2686,2402,1686,9.7,53,284,NONE,-4.9,3.84,265,13,NORMAL,NORMAL
2026010612,KUIL,2026-01-06T12:00Z,1004,17,3128,3027,2128,17.7,324,237,WEAK,-2.1,4.20,255,41,NORMAL,ABOVE
2026010700,KUIL,2026-01-07T00:00Z,999,6,3615,3615,2615,14.1,201,262,NONE,-1.3,6.45,260,42,NORMAL,NORMAL
2026010800,KUIL,2026-01-08T00:00Z,998,6,2544,2364,1544,11.2,91,231,NONE,-3.9,7.06,250,24,NORMAL,NORMAL
2026010812,KUIL,2026-01-08T12:00Z,1009,6,2586,1876,1586,9.0,115,296,NONE,-6.1,6.70,290,33,NORMAL,NORMAL
2026010900,KUIL,2026-01-09T00:00Z,1017,9,3252,2786,2252,12.7,141,296,NONE,-3.3,3.30,315,39,NORMAL,NORMAL
2026010912,KUIL,2026-01-09T12:00Z,1022,7,3818,3818,2818,13.3,131,247,NONE,-2.5,4.18,265,38,NORMAL,NORMAL
2026011000,KUIL,2026-01-10T00:00Z,1022,100,4173,4135,3173,12.1,125,211,NONE,4.8,5.98,235,33,NORMAL,NORMAL
2026011012,KUIL,2026-01-10T12:00Z,1022,8,8292,5170,7292,15.3,266,209,WEAK,4.0,5.06,225,53,ABOVE,NORMAL
2026011100,KUIL,2026-01-11T00:00Z,1018,11,7496,7496,6496,23.6,470,220,WEAK,3.6,4.82,235,46,ABOVE,MUCH ABOVE
2026011112,KUIL,2026-01-11T12:00Z,1018,9,6970,6830,5970,22.2,228,225,NONE,2.2,4.44,255,38,ABOVE,MUCH ABOVE
2026011200,KUIL,2026-01-12T00:00Z,1016,8,7999,7999,6999,27.6,590,227,MODERATE,5.0,5.19,240,51,ABOVE,MUCH ABOVE
2026011212,KUIL,2026-01-12T12:00Z,1016,31,9148,9148,8148,29.8,716,244,MODERATE,5.8,4.89,255,61,MUCH ABOVE,MUCH ABOVE
2026011300,KUIL,2026-01-13T00:00Z,1018,7,9422,9161,8422,28.8,525,241,MODERATE,8.0,5.26,255,46,MUCH ABOVE,MUCH ABOVE
2026011312,KUIL,2026-01-13T12:00Z,1021,7,11149,7091,10149,21.5,189,237,NONE,7.4,3.40,255,35,MUCH ABOVE,MUCH ABOVE
2026011400,KUIL,2026-01-14T00:00Z,1023,6,12181,7433,11181,12.4,66,223,NONE,11.4,4.75,235,25,MUCH ABOVE,NORMAL
2026011412,KUIL,2026-01-14T12:00Z,1026,6,11512,7152,10512,11.0,69,245,NONE,12.0,6.39,235,34,MUCH ABOVE,NORMAL
2026011500,KUIL,2026-01-15T00:00Z,1026,9,9957,9957,8957,26.1,248,272,NONE,4.8,3.75,250,35,MUCH ABOVE,MUCH ABOVE
2026011600,KUIL,2026-01-16T00:00Z,1024,7,12348,6418,11348,9.1,70,3,NONE,12.6,5.64,335,20,MUCH ABOVE,BELOW
2026011612,KUIL,2026-01-16T12:00Z,1021,7,12956,7229,11956,5.4,35,42,NONE,13.0,5.01,345,26,MUCH ABOVE,MUCH BELOW
2026011700,KUIL,2026-01-17T00:00Z,1020,8,11941,7341,10941,8.5,50,31,NONE,14.4,6.61,355,14,MUCH ABOVE,BELOW
2026011712,KUIL,2026-01-17T12:00Z,1020,9,12243,7977,11243,7.8,47,357,NONE,14.0,6.73,355,28,MUCH ABOVE,BELOW
2026011800,KUIL,2026-01-18T00:00Z,1017,7,12679,8787,11679,8.8,40,9,NONE,13.6,5.22,10,17,MUCH ABOVE,BELOW
2026011812,KUIL,2026-01-18T12:00Z,1018,7,203,203,184,6.4,32,43,NONE,13.2,5.61,20,9,MUCH BELOW,MUCH BELOW
2026011900,KUIL,2026-01-19T00:00Z,1019,8,11864,7339,10864,9.1,38,11,NONE,13.4,6.63,40,8,MUCH ABOVE,BELOW
2026011912,KUIL,2026-01-19T12:00Z,1020,32,10925,6784,9925,6.3,25,13,NONE,11.8,6.78,5,17,MUCH ABOVE,MUCH BELOW
2026012000,KUIL,2026-01-20T00:00Z,1018,7,12105,6822,11105,6.6,22,356,NONE,12.0,5.13,40,12,MUCH ABOVE,MUCH BELOW
2026012012,KUIL,2026-01-20T12:00Z,1016,7,11722,6926,10722,6.0,36,333,NONE,14.0,6.61,335,18,MUCH ABOVE,MUCH BELOW
2026012100,KUIL,2026-01-21T00:00Z,1015,6,10821,5547,9821,5.8,19,336,NONE,9.4,5.17,325,15,MUCH ABOVE,MUCH BELOW
2026012112,KUIL,2026-01-21T12:00Z,1016,7,203,203,184,6.3,33,333,NONE,7.8,4.43,310,18,MUCH BELOW,MUCH BELOW
2026012318,KUIL,2026-01-23T18:00Z,1019,331,7127,2239,6127,,,,NO DATA,4.0,6.78,35,18,NORMAL,--
2026012400,KUIL,2026-01-24T00:00Z,1019,5,6703,2113,5703,4.5,35,26,NONE,3.2,6.28,20,15,NORMAL,MUCH BELOW
2026012412,KUIL,2026-01-24T12:00Z,1021,7,203,203,184,4.7,22,28,NONE,2.8,4.96,15,12,MUCH BELOW,MUCH BELOW
2026012500,KUIL,2026-01-25T00:00Z,1018,7,7914,1902,6914,6.0,41,323,NONE,3.6,5.21,320,11,ABOVE,MUCH BELOW
2026012512,KUIL,2026-01-25T12:00Z,1017,8,203,203,184,5.7,22,339,NONE,3.6,5.47,315,10,MUCH BELOW,MUCH BELOW
2026012600,KUIL,2026-01-26T00:00Z,1015,6,7622,1607,6622,8.5,31,284,NONE,3.8,5.73,285,9,ABOVE,BELOW
2026012612,KUIL,2026-01-26T12:00Z,1015,10,203,203,184,8.9,55,207,NONE,2.0,6.30,205,15,MUCH BELOW,BELOW
2026012700,KUIL,2026-01-27T00:00Z,1015,18,5910,3699,4910,15.6,107,206,NONE,1.6,6.44,240,19,NORMAL,NORMAL
2026012712,KUIL,2026-01-27T12:00Z,1014,36,7058,4718,6058,16.6,212,194,NONE,2.4,4.57,205,24,NORMAL,ABOVE
2026012800,KUIL,2026-01-28T00:00Z,1008,6,5980,5913,4980,18.4,388,174,WEAK,2.0,5.51,170,41,NORMAL,ABOVE
2026012812,KUIL,2026-01-28T12:00Z,1013,9,4765,4322,3765,15.3,200,215,NONE,-0.1,6.02,240,30,NORMAL,NORMAL
2026012900,KUIL,2026-01-29T00:00Z,1014,13,5646,5502,4646,19.8,331,204,WEAK,1.8,6.18,225,42,NORMAL,ABOVE
2026012912,KUIL,2026-01-29T12:00Z,1011,27,7022,7022,6022,23.2,506,200,MODERATE,2.8,4.96,225,45,NORMAL,MUCH ABOVE
2026013000,KUIL,2026-01-30T00:00Z,1014,7,7921,7475,6921,26.2,401,208,WEAK,5.2,6.47,215,28,ABOVE,MUCH ABOVE
2026013012,KUIL,2026-01-30T12:00Z,1011,38,8091,6316,7091,24.1,532,204,MODERATE,3.8,5.58,220,62,ABOVE,MUCH ABOVE
2026013100,KUIL,2026-01-31T00:00Z,1013,7,7151,7091,6151,20.8,246,233,NONE,4.6,6.37,265,36,NORMAL,MUCH ABOVE
2026013112,KUIL,2026-01-31T12:00Z,1015,15,8832,7830,7832,22.6,218,190,NONE,6.2,6.19,220,30,ABOVE,MUCH ABOVE
2026020100,KUIL,2026-02-01T00:00Z,1010,6,7659,6502,6659,18.1,314,196,WEAK,6.4,7.11,200,40,ABOVE,ABOVE
2026020112,KUIL,2026-02-01T12:00Z,1006,35,5799,5799,4799,21.8,341,202,WEAK,2.0,4.98,220,39,NORMAL,MUCH ABOVE
2026020200,KUIL,2026-02-02T00:00Z,1012,6,5218,5039,4218,16.6,223,221,NONE,0.8,6.73,220,28,NORMAL,ABOVE
2026020212,KUIL,2026-02-02T12:00Z,1014,44,4761,4761,3761,21.1,328,202,WEAK,-0.3,3.37,210,32,NORMAL,MUCH ABOVE
2026020300,KUIL,2026-02-03T00:00Z,1016,19,8260,7180,7260,23.2,217,249,NONE,4.4,4.29,270,21,ABOVE,MUCH ABOVE
2026020312,KUIL,2026-02-03T12:00Z,1020,7,9381,7560,8381,22.4,126,200,NONE,6.0,5.04,210,18,MUCH ABOVE,MUCH ABOVE
2026020400,KUIL,2026-02-04T00:00Z,1019,6,8820,7047,7820,23.5,332,219,WEAK,7.8,6.44,220,42,ABOVE,MUCH ABOVE
2026020412,KUIL,2026-02-04T12:00Z,1019,9,11198,6199,10198,14.8,230,217,NONE,10.2,5.78,215,45,MUCH ABOVE,NORMAL
2026020500,KUIL,2026-02-05T00:00Z,1017,10,11407,7156,10407,11.5,114,212,NONE,10.8,5.41,225,32,MUCH ABOVE,NORMAL
2026020512,KUIL,2026-02-05T12:00Z,1014,6,11975,6604,10975,5.6,16,157,NONE,12.2,5.37,230,29,MUCH ABOVE,MUCH BELOW
2026020600,KUIL,2026-02-06T00:00Z,1009,6,11958,7730,10958,8.0,75,152,NONE,12.2,4.85,135,27,MUCH ABOVE,BELOW
2026020612,KUIL,2026-02-06T12:00Z,1010,7,10045,5633,9045,9.5,106,186,NONE,8.2,5.26,210,23,MUCH ABOVE,NORMAL
2026020700,KUIL,2026-02-07T00:00Z,1010,100,7332,7332,6332,19.6,262,195,WEAK,5.2,5.57,205,36,ABOVE,ABOVE
2026020712,KUIL,2026-02-07T12:00Z,1010,19,6571,5991,5571,24.6,480,199,WEAK,2.8,3.93,220,47,NORMAL,MUCH ABOVE
2026020800,KUIL,2026-02-08T00:00Z,1008,10,6094,6050,5094,20.7,274,230,WEAK,2.6,5.63,230,28,NORMAL,MUCH ABOVE
2026020812,KUIL,2026-02-08T12:00Z,1015,7,5156,3241,4156,9.1,15,263,NONE,0.2,5.29,265,9,NORMAL,BELOW
2026020900,KUIL,2026-02-09T00:00Z,1013,9,4827,2600,3827,8.7,32,238,NONE,-0.1,6.56,215,11,NORMAL,BELOW
2026020912,KUIL,2026-02-09T12:00Z,1016,8,3717,3707,2717,14.8,140,238,NONE,-2.3,6.47,260,25,NORMAL,NORMAL
2026021000,KUIL,2026-02-10T00:00Z,1017,7,4572,4572,3572,14.4,129,222,NONE,-0.7,6.86,250,18,NORMAL,NORMAL
2026021012,KUIL,2026-02-10T12:00Z,1013,7,3829,3631,2829,13.5,93,207,NONE,-1.7,6.45,245,15,NORMAL,NORMAL
2026021100,KUIL,2026-02-11T00:00Z,1009,7,5262,3284,4262,11.2,22,351,NONE,0.8,6.33,250,8,NORMAL,NORMAL
2026021112,KUIL,2026-02-11T12:00Z,1012,8,5511,3228,4511,7.0,35,37,NONE,1.8,6.32,325,10,NORMAL,BELOW
2026021200,KUIL,2026-02-12T00:00Z,1014,7,6434,2966,5434,8.6,14,327,NONE,2.0,3.15,55,6,ABOVE,BELOW
2026021212,KUIL,2026-02-12T12:00Z,1017,6,7273,3040,6273,11.0,54,281,NONE,2.0,3.68,250,12,ABOVE,NORMAL
2026021300,KUIL,2026-02-13T00:00Z,1018,8,5097,5097,4097,14.3,94,229,NONE,0.2,4.77,245,33,NORMAL,NORMAL
2026021312,KUIL,2026-02-13T12:00Z,1013,23,4377,4377,3377,16.8,167,222,NONE,-0.5,5.89,210,21,NORMAL,ABOVE
2026021400,KUIL,2026-02-14T00:00Z,1009,9,2974,2484,1974,11.7,57,241,NONE,-3.7,5.29,230,17,NORMAL,NORMAL
2026021412,KUIL,2026-02-14T12:00Z,1009,6,2463,2411,1463,9.6,60,264,NONE,-4.5,7.21,245,21,BELOW,NORMAL
2026021500,KUIL,2026-02-15T00:00Z,1012,7,2907,2391,1907,8.1,35,319,NONE,-4.3,6.93,300,9,NORMAL,BELOW
2026021512,KUIL,2026-02-15T12:00Z,1011,7,3860,1582,2860,4.2,26,35,NONE,-1.9,7.55,30,9,NORMAL,MUCH BELOW
2026021600,KUIL,2026-02-16T00:00Z,1007,10,2699,2439,1699,6.7,28,297,NONE,-1.3,5.66,300,15,NORMAL,BELOW
2026021612,KUIL,2026-02-16T12:00Z,998,833,2487,1958,1487,,,,NO DATA,-4.4,,,,BELOW,--
2026021700,KUIL,2026-02-17T00:00Z,987,6,1664,1124,664,9.1,61,235,NONE,-5.5,7.24,245,18,BELOW,NORMAL
2026021712,KUIL,2026-02-17T12:00Z,986,15,203,203,184,8.9,40,144,NONE,-5.7,7.10,130,11,MUCH BELOW,NORMAL
2026021800,KUIL,2026-02-18T00:00Z,992,7,1766,1470,766,8.9,38,172,NONE,-5.1,6.96,190,5,BELOW,NORMAL
2026021900,KUIL,2026-02-19T00:00Z,999,7,1676,1534,676,8.9,22,245,NONE,-5.7,7.38,240,5,BELOW,NORMAL
2026021912,KUIL,2026-02-19T12:00Z,1003,7,980,203,184,7.2,31,44,NONE,-4.5,7.22,320,5,BELOW,BELOW
2026022000,KUIL,2026-02-20T00:00Z,1005,8,2125,913,1125,6.2,44,356,NONE,-6.3,4.29,0,23,BELOW,BELOW
2026022012,KUIL,2026-02-20T12:00Z,1007,7,203,203,184,8.1,37,252,NONE,-6.9,1.59,270,14,BELOW,BELOW
2026022100,KUIL,2026-02-21T00:00Z,1006,7,2377,1787,1377,11.5,79,196,NONE,-5.9,3.46,225,16,NORMAL,NORMAL
2026022200,KUIL,2026-02-22T00:00Z,1003,8,3492,3492,2492,17.8,321,183,WEAK,-1.1,4.03,200,36,NORMAL,MUCH ABOVE
2026022212,KUIL,2026-02-22T12:00Z,1000,8,4499,4243,3499,16.7,418,175,WEAK,-0.1,4.03,195,55,NORMAL,ABOVE
2026022300,KUIL,2026-02-23T00:00Z,1007,7,4578,3654,3578,13.3,261,196,WEAK,-0.3,7.51,195,44,NORMAL,NORMAL
2026022312,KUIL,2026-02-23T12:00Z,1008,9,3359,2890,2359,9.0,160,218,NONE,-3.5,7.18,220,50,NORMAL,NORMAL
2026022400,KUIL,2026-02-24T00:00Z,1012,7,3339,2831,2339,11.2,90,230,NONE,-3.9,6.64,245,8,NORMAL,NORMAL
2026022412,KUIL,2026-02-24T12:00Z,1009,6,3922,2338,2922,8.6,32,32,NONE,-2.1,6.61,230,6,NORMAL,NORMAL
2026022500,KUIL,2026-02-25T00:00Z,1007,7,3851,3161,2851,8.3,42,349,NONE,-1.3,7.53,355,13,NORMAL,NORMAL
2026022512,KUIL,2026-02-25T12:00Z,1011,7,3291,2617,2291,9.9,77,303,NONE,-3.5,5.03,300,27,NORMAL,NORMAL
2026022600,KUIL,2026-02-26T00:00Z,1016,6,3225,3008,2225,13.5,155,267,NONE,-3.3,4.22,275,31,NORMAL,NORMAL
2026022612,KUIL,2026-02-26T12:00Z,1018,9,3828,3815,2828,15.0,219,253,NONE,-2.1,5.79,265,37,NORMAL,ABOVE
2026022700,KUIL,2026-02-27T00:00Z,1019,7,3811,3616,2811,13.6,172,262,NONE,-2.7,2.61,280,42,NORMAL,NORMAL
2026022712,KUIL,2026-02-27T12:00Z,1020,7,3302,2869,2302,13.7,167,277,NONE,-3.7,1.04,290,43,NORMAL,NORMAL
2026022800,KUIL,2026-02-28T00:00Z,1020,100,3201,3069,2201,12.2,167,280,NONE,-3.7,0.26,290,54,NORMAL,NORMAL
2026022812,KUIL,2026-02-28T12:00Z,1016,8,2770,2537,1770,10.8,90,317,NONE,1.8,3.66,310,28,NORMAL,NORMAL
2026030100,KUIL,2026-03-01T00:00Z,1011,7,8492,2640,7492,8.4,70,6,NONE,7.6,7.08,0,28,MUCH ABOVE,NORMAL
2026030112,KUIL,2026-03-01T12:00Z,1011,9,8598,4375,7598,7.5,49,358,NONE,6.0,6.07,345,18,MUCH ABOVE,BELOW
2026030200,KUIL,2026-03-02T00:00Z,1009,7,8889,5289,7889,8.7,53,14,NONE,9.2,7.82,10,18,MUCH ABOVE,NORMAL
2026030212,KUIL,2026-03-02T12:00Z,1011,6,8608,5001,7608,10.5,18,183,NONE,8.4,7.46,345,4,MUCH ABOVE,NORMAL
2026030300,KUIL,2026-03-03T00:00Z,1012,9,8790,4655,7790,12.8,78,195,NONE,7.0,6.56,215,15,MUCH ABOVE,NORMAL
2026030312,KUIL,2026-03-03T12:00Z,1010,9,5978,5978,4978,20.1,291,208,WEAK,2.2,5.11,225,33,ABOVE,MUCH ABOVE
2026030400,KUIL,2026-03-04T00:00Z,1009,6,5317,5317,4317,17.9,264,207,WEAK,1.2,5.66,230,35,NORMAL,ABOVE
2026030412,KUIL,2026-03-04T12:00Z,1002,30,4852,4852,3852,18.9,200,197,NONE,0.6,5.53,225,16,NORMAL,MUCH ABOVE
2026030500,KUIL,2026-03-05T00:00Z,1009,7,4201,4121,3201,13.8,107,306,NONE,-0.5,5.49,320,23,NORMAL,NORMAL
2026030512,KUIL,2026-03-05T12:00Z,1017,28,3155,3037,2155,11.5,129,293,NONE,-3.3,5.15,280,27,NORMAL,NORMAL
2026030600,KUIL,2026-03-06T00:00Z,1022,8,3315,3237,2315,13.9,115,299,NONE,-2.3,2.88,300,24,NORMAL,NORMAL
2026030612,KUIL,2026-03-06T12:00Z,1019,13,6122,6082,5122,22.4,220,291,NONE,1.6,3.95,305,33,ABOVE,MUCH ABOVE
2026030700,KUIL,2026-03-07T00:00Z,1020,7,8097,8052,7097,27.5,402,311,WEAK,3.8,4.03,315,66,ABOVE,MUCH ABOVE
2026030712,KUIL,2026-03-07T12:00Z,1020,400,11266,7218,10266,,,,NO DATA,6.0,3.17,295,43,MUCH ABOVE,--
2026030800,KUIL,2026-03-08T00:00Z,1019,8,7098,7064,6098,21.6,298,265,WEAK,3.6,1.79,280,53,ABOVE,MUCH ABOVE
2026030812,KUIL,2026-03-08T12:00Z,1012,9,7131,7131,6131,20.5,300,272,WEAK,0.6,2.77,265,49,ABOVE,MUCH ABOVE
2026030900,KUIL,2026-03-09T00:00Z,1011,8,2804,2442,1804,7.5,104,282,NONE,-4.9,5.48,270,40,NORMAL,BELOW
2026030912,KUIL,2026-03-09T12:00Z,1011,6,1927,1398,927,8.4,77,280,NONE,-6.9,7.55,285,27,BELOW,BELOW
2026031000,KUIL,2026-03-10T00:00Z,1011,8,2036,1512,1036,7.0,68,276,NONE,-7.1,7.28,275,24,BELOW,MUCH BELOW
2026031012,KUIL,2026-03-10T12:00Z,1012,7,203,203,184,8.1,50,249,NONE,-7.1,7.28,275,21,MUCH BELOW,BELOW
2026031100,KUIL,2026-03-11T00:00Z,1014,7,1791,1779,791,11.4,122,241,NONE,-5.3,6.69,255,28,BELOW,NORMAL
2026031112,KUIL,2026-03-11T12:00Z,1016,7,2844,2689,1844,11.6,164,252,NONE,-4.1,5.73,250,32,NORMAL,NORMAL
2026031218,KUIL,2026-03-12T18:00Z,1019,9,2447,1823,1447,13.8,347,273,WEAK,-6.7,4.17,285,48,BELOW,NORMAL
2026031300,KUIL,2026-03-13T00:00Z,1019,8,1575,1567,575,15.9,346,264,WEAK,-5.9,3.07,265,48,MUCH BELOW,ABOVE
2026031312,KUIL,2026-03-13T12:00Z,1012,64,1864,1849,864,17.7,368,270,WEAK,-4.7,2.37,265,48,BELOW,ABOVE
2026031400,KUIL,2026-03-14T00:00Z,1010,7,2294,2109,1294,15.3,234,267,NONE,-4.5,1.97,265,49,BELOW,NORMAL
2026031700,KUIL,2026-03-17T00:00Z,1010,6,10582,6080,9582,19.2,381,236,WEAK,9.0,5.04,245,44,MUCH ABOVE,MUCH ABOVE
2026031712,KUIL,2026-03-17T12:00Z,1009,10,9480,9132,8480,27.5,493,245,WEAK,7.6,5.51,250,42,MUCH ABOVE,MUCH ABOVE
2026031800,KUIL,2026-03-18T00:00Z,1010,7,8546,8259,7546,28.9,479,235,WEAK,6.8,6.05,260,36,MUCH ABOVE,MUCH ABOVE
2026031812,KUIL,2026-03-18T12:00Z,1008,19,8840,8822,7840,29.8,471,238,WEAK,6.0,5.03,240,36,MUCH ABOVE,MUCH ABOVE
2026031900,KUIL,2026-03-19T00:00Z,1010,9,9583,9583,8583,29.2,557,226,MODERATE,5.0,3.62,235,39,MUCH ABOVE,MUCH ABOVE
2026031912,KUIL,2026-03-19T12:00Z,1011,24,7934,7934,6934,27.7,390,234,WEAK,4.2,3.39,225,40,ABOVE,MUCH ABOVE
2026032000,KUIL,2026-03-20T00:00Z,1012,10,8819,8705,7819,26.2,396,219,WEAK,5.4,3.63,235,47,MUCH ABOVE,MUCH ABOVE
2026032012,KUIL,2026-03-20T12:00Z,1009,28,7774,7504,6774,28.5,602,230,MODERATE,5.0,5.19,230,49,ABOVE,MUCH ABOVE
2026032100,KUIL,2026-03-21T00:00Z,1016,6,4525,4292,3525,9.2,64,272,NONE,-0.7,4.44,265,42,NORMAL,BELOW
2026032112,KUIL,2026-03-21T12:00Z,1016,100,2367,1806,1367,6.2,48,299,NONE,-2.7,5.28,255,39,BELOW,MUCH BELOW
2026032200,KUIL,2026-03-22T00:00Z,1021,7,2779,2456,1779,7.6,43,241,NONE,-5.1,5.58,260,25,BELOW,MUCH BELOW
2026032212,KUIL,2026-03-22T12:00Z,1022,6,2717,2580,1717,10.5,93,270,NONE,-4.5,3.05,265,38,BELOW,NORMAL
2026032300,KUIL,2026-03-23T00:00Z,1020,100,3012,2617,2012,8.8,59,271,NONE,-5.1,1.31,270,26,NORMAL,BELOW
2026032312,KUIL,2026-03-23T12:00Z,1016,7,203,203,184,8.0,49,273,NONE,2.0,5.91,235,16,MUCH BELOW,BELOW
2026032400,KUIL,2026-03-24T00:00Z,1012,7,6140,2675,5140,12.3,119,243,NONE,1.4,6.44,230,18,ABOVE,NORMAL
2026032412,KUIL,2026-03-24T12:00Z,1004,20,2559,2373,1559,21.9,488,224,WEAK,-2.5,-0.90,240,55,BELOW,MUCH ABOVE
2026032500,KUIL,2026-03-25T00:00Z,1003,100,4133,4133,3133,12.5,222,234,NONE,-0.7,5.11,240,61,NORMAL,NORMAL
2026032512,KUIL,2026-03-25T12:00Z,1010,25,3074,2974,2074,11.3,123,227,NONE,-3.7,7.05,235,37,NORMAL,NORMAL
2026032600,KUIL,2026-03-26T00:00Z,1015,7,2671,2263,1671,8.5,88,246,NONE,-5.5,7.25,250,30,BELOW,BELOW
2026032612,KUIL,2026-03-26T12:00Z,1024,6,203,203,184,8.0,55,248,NONE,-6.5,6.59,265,25,MUCH BELOW,BELOW
2026032700,KUIL,2026-03-27T00:00Z,1028,7,3138,2654,2138,10.5,81,240,NONE,-4.7,4.91,260,30,NORMAL,NORMAL
2026032712,KUIL,2026-03-27T12:00Z,1023,8,5040,2842,4040,9.3,86,246,NONE,-0.1,5.24,240,28,NORMAL,BELOW
2026032800,KUIL,2026-03-28T00:00Z,1016,9,5370,2934,4370,7.9,64,263,NONE,1.0,4.49,240,29,NORMAL,BELOW
2026032812,KUIL,2026-03-28T12:00Z,1014,6,4842,3775,3842,15.7,122,273,NONE,-0.1,5.36,250,18,NORMAL,ABOVE
2026032900,KUIL,2026-03-29T00:00Z,1016,8,3224,2259,2224,10.1,113,260,NONE,-3.7,5.00,255,29,NORMAL,NORMAL
2026032912,KUIL,2026-03-29T12:00Z,1013,7,2498,2201,1498,10.3,87,249,NONE,-4.3,6.64,250,35,BELOW,NORMAL
2026033000,KUIL,2026-03-30T00:00Z,1013,8,1914,1754,914,9.5,56,302,NONE,-4.7,7.90,275,11,MUCH BELOW,NORMAL
2026033012,KUIL,2026-03-30T12:00Z,1017,6,203,203,184,5.4,16,336,NONE,-5.1,6.28,325,20,MUCH BELOW,MUCH BELOW
2026033100,KUIL,2026-03-31T00:00Z,1015,7,3012,2735,2012,8.6,43,318,NONE,-2.7,5.67,320,12,NORMAL,BELOW
2026033112,KUIL,2026-03-31T12:00Z,1006,9,4589,2640,3589,7.2,35,246,NONE,-0.1,6.02,225,9,NORMAL,MUCH BELOW
2026040100,KUIL,2026-04-01T00:00Z,1001,100,4703,3507,3703,9.4,70,206,NONE,0.4,6.35,215,20,NORMAL,BELOW
2026040112,KUIL,2026-04-01T12:00Z,995,91,2532,2532,1532,15.0,182,191,NONE,-2.5,4.34,220,25,BELOW,NORMAL
2026040200,KUIL,2026-04-02T00:00Z,989,6,3924,3715,2924,14.2,79,186,NONE,-0.3,7.09,225,25,NORMAL,NORMAL
2026040212,KUIL,2026-04-02T12:00Z,1000,6,3299,2827,2299,12.3,109,307,NONE,-3.1,5.94,330,17,NORMAL,NORMAL
2026040300,KUIL,2026-04-03T00:00Z,1015,7,3543,3514,2543,13.0,92,277,NONE,-2.3,4.08,295,18,NORMAL,NORMAL
2026040312,KUIL,2026-04-03T12:00Z,1020,6,3566,3566,2566,16.7,148,242,NONE,-2.1,3.59,276,25,NORMAL,ABOVE
2026040400,KUIL,2026-04-04T00:00Z,1023,6,4342,4342,3342,17.7,128,241,NONE,-0.7,4.69,255,23,NORMAL,ABOVE
2026040412,KUIL,2026-04-04T12:00Z,1023,6,5625,4867,4625,14.0,70,285,NONE,1.2,3.29,265,16,NORMAL,NORMAL
2026040500,KUIL,2026-04-05T00:00Z,1019,7,9625,3970,8625,13.0,67,290,NONE,6.8,5.02,275,16,MUCH ABOVE,NORMAL
2026040512,KUIL,2026-04-05T12:00Z,1014,7,10105,7553,9105,10.2,20,214,NONE,10.6,6.89,225,10,MUCH ABOVE,NORMAL
2026040600,KUIL,2026-04-06T00:00Z,1010,8,10012,7015,9012,10.9,40,237,NONE,11.8,7.75,235,10,MUCH ABOVE,NORMAL
2026040612,KUIL,2026-04-06T12:00Z,1011,6,9560,6349,8560,13.2,65,233,NONE,10.0,7.27,235,16,MUCH ABOVE,NORMAL
2026040700,KUIL,2026-04-07T00:00Z,1012,6,8954,5993,7954,13.7,139,272,NONE,7.6,6.42,255,30,MUCH ABOVE,NORMAL
2026040712,KUIL,2026-04-07T12:00Z,1013,7,2891,2390,1891,7.5,73,286,NONE,1.4,0.90,295,34,BELOW,MUCH BELOW
2026040800,KUIL,2026-04-08T00:00Z,1014,9,5332,1719,4332,7.7,68,294,NONE,1.0,1.87,310,25,NORMAL,MUCH BELOW
2026040812,KUIL,2026-04-08T12:00Z,1014,10,5445,4086,4445,12.0,21,333,NONE,0.6,2.38,305,15,NORMAL,NORMAL
2026040900,KUIL,2026-04-09T00:00Z,1012,7,8753,4141,7753,9.2,35,322,NONE,3.8,3.77,325,15,MUCH ABOVE,BELOW
2026040912,KUIL,2026-04-09T12:00Z,1011,6,8805,4991,7805,10.4,15,325,NONE,3.8,3.51,300,10,MUCH ABOVE,NORMAL
2026041000,KUIL,2026-04-10T00:00Z,1008,8,9999,4871,8999,8.4,13,151,NONE,7.8,4.96,150,4,MUCH ABOVE,BELOW
2026041012,KUIL,2026-04-10T12:00Z,1004,8,9033,5073,8033,12.0,65,188,NONE,8.4,6.67,200,14,MUCH ABOVE,NORMAL
2026041100,KUIL,2026-04-11T00:00Z,1001,8,7923,7825,6923,20.4,155,174,NONE,7.2,6.58,185,16,ABOVE,MUCH ABOVE
2026041112,KUIL,2026-04-11T12:00Z,999,7,7341,7245,6341,20.2,88,190,NONE,5.8,6.60,170,9,ABOVE,MUCH ABOVE
2026041200,KUIL,2026-04-12T00:00Z,1001,6,6506,6383,5506,21.5,30,310,NONE,2.6,4.84,350,7,ABOVE,MUCH ABOVE
2026041212,KUIL,2026-04-12T12:00Z,999,7,6459,6268,5459,19.6,51,4,NONE,4.0,5.47,45,5,ABOVE,MUCH ABOVE
2026041300,KUIL,2026-04-13T00:00Z,1003,100,6403,6111,5403,18.2,61,270,NONE,3.0,4.96,255,7,ABOVE,ABOVE
2026041312,KUIL,2026-04-13T12:00Z,1008,6,3907,3778,2907,11.9,52,289,NONE,-1.7,3.65,5,5,NORMAL,NORMAL
2026041400,KUIL,2026-04-14T00:00Z,1013,6,3603,3108,2603,10.9,71,267,NONE,-3.1,1.44,275,20,NORMAL,NORMAL
2026041412,KUIL,2026-04-14T12:00Z,1010,8,3291,3284,2291,16.8,238,241,NONE,-2.3,4.73,235,33,BELOW,ABOVE
2026041500,KUIL,2026-04-15T00:00Z,1002,11,3829,3829,2829,16.9,336,231,WEAK,-0.7,5.62,235,42,NORMAL,ABOVE
2026041512,KUIL,2026-04-15T12:00Z,1003,7,2420,2040,1420,10.2,88,293,NONE,-4.9,7.88,280,23,MUCH BELOW,NORMAL
2026041600,KUIL,2026-04-16T00:00Z,1006,8,2431,2140,1431,9.2,60,281,NONE,-5.1,7.09,290,13,MUCH BELOW,BELOW
2026041612,KUIL,2026-04-16T12:00Z,1014,9,203,203,184,6.0,33,346,NONE,-3.9,6.51,355,24,MUCH BELOW,MUCH BELOW
2026041700,KUIL,2026-04-17T00:00Z,1020,7,3197,2755,2197,8.2,61,305,NONE,-3.9,3.69,300,16,BELOW,MUCH BELOW
2026041712,KUIL,2026-04-17T12:00Z,1020,7,2949,2949,1949,11.4,55,323,NONE,-3.9,1.18,350,20,BELOW,NORMAL
2026041800,KUIL,2026-04-18T00:00Z,1018,6,4512,3981,3512,12.9,13,205,NONE,-1.1,1.69,185,11,NORMAL,NORMAL
2026041812,KUIL,2026-04-18T12:00Z,1012,7,6032,3870,5032,13.2,61,230,NONE,1.8,3.41,245,13,NORMAL,NORMAL
2026041900,KUIL,2026-04-19T00:00Z,1008,7,8310,4850,7310,19.7,220,199,NONE,4.4,4.41,205,28,ABOVE,MUCH ABOVE
2026041912,KUIL,2026-04-19T12:00Z,1004,7,8678,6454,7678,17.4,179,173,NONE,7.8,5.67,180,28,ABOVE,ABOVE
2026042000,KUIL,2026-04-20T00:00Z,1004,6,9492,7247,8492,17.6,131,169,NONE,9.6,6.78,160,23,MUCH ABOVE,ABOVE
2026042012,KUIL,2026-04-20T12:00Z,1004,7,9646,7280,8646,16.3,41,132,NONE,10.6,7.13,175,14,MUCH ABOVE,ABOVE
2026042100,KUIL,2026-04-21T00:00Z,1003,7,9495,8260,8495,17.4,141,161,NONE,9.6,6.76,145,22,MUCH ABOVE,ABOVE
2026042112,KUIL,2026-04-21T12:00Z,1003,6,8593,7884,7593,21.3,127,148,NONE,9.0,7.30,120,15,ABOVE,MUCH ABOVE
2026042200,KUIL,2026-04-22T00:00Z,1005,6,6379,6379,5379,22.7,55,204,NONE,2.8,4.58,145,8,NORMAL,MUCH ABOVE
2026042212,KUIL,2026-04-22T12:00Z,1006,10,7551,7385,6551,23.7,123,333,NONE,3.2,4.55,355,17,ABOVE,MUCH ABOVE
2026042300,KUIL,2026-04-23T00:00Z,1010,7,9353,5013,8353,10.1,3,242,NONE,6.6,5.16,340,23,ABOVE,BELOW
2026042312,KUIL,2026-04-23T12:00Z,1014,6,9241,5560,8241,10.6,9,255,NONE,6.2,5.16,330,23,ABOVE,NORMAL
2026042400,KUIL,2026-04-24T00:00Z,1015,8,8439,4977,7439,12.0,35,347,NONE,5.0,5.19,335,19,ABOVE,NORMAL
2026042412,KUIL,2026-04-24T12:00Z,1015,7,6829,5293,5829,13.1,103,17,NONE,3.0,5.63,20,26,NORMAL,NORMAL
2026042500,KUIL,2026-04-25T00:00Z,1011,7,6131,4915,5131,9.6,85,16,NONE,3.6,5.50,5,24,NORMAL,BELOW
2026042512,KUIL,2026-04-25T12:00Z,1008,7,6794,4784,5794,10.0,65,16,NONE,5.2,8.48,355,15,NORMAL,BELOW
2026042600,KUIL,2026-04-26T00:00Z,1004,7,6248,4625,5248,9.1,51,9,NONE,4.4,7.98,45,21,NORMAL,BELOW
2026042612,KUIL,2026-04-26T12:00Z,1003,7,6826,4609,5826,8.3,46,15,NONE,6.0,9.24,40,14,NORMAL,MUCH BELOW
2026042700,KUIL,2026-04-27T00:00Z,1005,7,7080,4987,6080,10.8,42,321,NONE,6.4,7.93,350,7,NORMAL,NORMAL
2026042712,KUIL,2026-04-27T12:00Z,1007,7,7466,5885,6466,16.9,72,279,NONE,7.0,8.54,320,20,NORMAL,ABOVE
2026042800,KUIL,2026-04-28T00:00Z,1011,8,7891,4744,6891,11.7,33,213,NONE,5.8,6.73,305,11,ABOVE,NORMAL
2026042812,KUIL,2026-04-28T12:00Z,1014,6,4839,4839,3839,18.0,109,298,NONE,-0.1,3.23,300,16,NORMAL,ABOVE
2026042900,KUIL,2026-04-29T00:00Z,1018,7,4321,4292,3321,14.2,39,320,NONE,-0.9,2.85,340,12,NORMAL,NORMAL
2026042912,KUIL,2026-04-29T12:00Z,1019,7,7271,5372,6271,14.2,76,24,NONE,2.2,4.45,355,15,NORMAL,NORMAL
2026043000,KUIL,2026-04-30T00:00Z,1018,9,8875,5821,7875,13.9,13,60,NONE,6.6,5.63,112,9,ABOVE,NORMAL
2026043012,KUIL,2026-04-30T12:00Z,1015,7,8457,7623,7457,15.4,36,155,NONE,7.6,6.05,160,15,ABOVE,NORMAL
2026050100,KUIL,2026-05-01T00:00Z,1012,7,9074,6627,8074,14.5,40,208,NONE,9.0,6.93,220,12,ABOVE,NORMAL
2026050112,KUIL,2026-05-01T12:00Z,1011,7,8543,7868,7543,16.0,69,213,NONE,8.6,6.94,200,16,ABOVE,NORMAL
2026050200,KUIL,2026-05-02T00:00Z,1011,8,8864,7289,7864,16.4,63,185,NONE,8.6,7.31,180,17,ABOVE,NORMAL
2026050212,KUIL,2026-05-02T12:00Z,1011,6,9084,8334,8084,20.7,71,112,NONE,10.4,8.16,150,16,ABOVE,MUCH ABOVE
2026050300,KUIL,2026-05-03T00:00Z,1008,20,10203,8803,9203,16.3,75,49,NONE,13.8,8.65,130,7,ABOVE,NORMAL
2026050312,KUIL,2026-05-03T12:00Z,1008,7,10969,8860,9969,14.2,20,37,NONE,14.4,8.38,260,9,MUCH ABOVE,NORMAL
2026050400,KUIL,2026-05-04T00:00Z,1004,9,12201,7381,11201,13.3,31,12,NONE,14.8,6.85,55,3,MUCH ABOVE,NORMAL
2026050412,KUIL,2026-05-04T12:00Z,1003,6,12104,7700,11104,12.1,42,45,NONE,15.0,6.46,5,8,MUCH ABOVE,NORMAL
2026050500,KUIL,2026-05-05T00:00Z,1006,8,12386,8506,11386,16.4,36,13,NONE,14.0,5.85,20,11,MUCH ABOVE,NORMAL
2026050512,KUIL,2026-05-05T12:00Z,1008,8,12514,8996,11514,17.9,58,360,NONE,15.6,6.85,15,14,MUCH ABOVE,ABOVE
2026050600,KUIL,2026-05-06T00:00Z,1011,7,13306,8792,12306,18.8,43,327,NONE,14.2,6.10,350,11,MUCH ABOVE,ABOVE
2026050612,KUIL,2026-05-06T12:00Z,1013,7,11669,8733,10669,15.4,87,263,NONE,12.2,5.49,275,17,MUCH ABOVE,NORMAL
2026050700,KUIL,2026-05-07T00:00Z,1015,8,10243,3731,9243,17.8,169,269,NONE,8.4,5.19,260,27,ABOVE,ABOVE
2026050712,KUIL,2026-05-07T12:00Z,1015,9,10971,3382,9971,9.4,36,297,NONE,5.8,2.92,320,18,ABOVE,BELOW
2026050800,KUIL,2026-05-08T00:00Z,1013,7,11540,4734,10540,13.1,40,239,NONE,4.8,1.39,355,5,ABOVE,NORMAL
2026050812,KUIL,2026-05-08T12:00Z,1011,7,10879,3379,9879,11.4,106,212,NONE,5.6,2.53,225,17,ABOVE,NORMAL
2026050900,KUIL,2026-05-09T00:00Z,1016,8,7507,7489,6507,19.5,140,233,NONE,4.0,4.04,275,24,NORMAL,ABOVE
2026050912,KUIL,2026-05-09T12:00Z,1016,7,10797,5261,9797,14.6,63,195,NONE,5.2,2.67,265,20,ABOVE,NORMAL
2026051000,KUIL,2026-05-10T00:00Z,1013,7,10972,5665,9972,14.9,92,205,NONE,7.4,3.54,210,29,ABOVE,NORMAL
2026051012,KUIL,2026-05-10T12:00Z,1012,8,9889,5645,8889,13.7,101,243,NONE,4.4,2.86,230,27,ABOVE,NORMAL
2026051100,KUIL,2026-05-11T00:00Z,1015,8,7249,6592,6249,19.8,137,268,NONE,4.0,6.00,260,20,NORMAL,ABOVE
2026051112,KUIL,2026-05-11T12:00Z,1018,8,8259,3793,7259,10.9,60,292,NONE,4.2,4.43,275,14,NORMAL,BELOW
2026051200,KUIL,2026-05-12T00:00Z,1014,9,10761,6373,9761,14.3,35,255,NONE,8.2,4.55,210,7,ABOVE,NORMAL
2026051212,KUIL,2026-05-12T12:00Z,1007,7,12023,6052,11023,12.0,86,205,NONE,12.2,4.62,200,18,MUCH ABOVE,NORMAL
2026051300,KUIL,2026-05-13T00:00Z,1005,7,11194,7035,10194,19.0,244,182,NONE,10.6,5.28,185,31,ABOVE,ABOVE
2026051312,KUIL,2026-05-13T12:00Z,1005,7,8492,3902,7492,17.0,72,215,NONE,6.2,5.93,210,5,NORMAL,NORMAL
2026051400,KUIL,2026-05-14T00:00Z,1012,11,6583,6443,5583,18.0,167,249,NONE,2.2,4.97,230,26,NORMAL,NORMAL
2026051412,KUIL,2026-05-14T12:00Z,1014,7,5030,5030,4030,15.4,112,245,NONE,0.2,3.72,270,34,NORMAL,NORMAL
2026051500,KUIL,2026-05-15T00:00Z,1013,9,4630,4615,3630,18.0,200,221,NONE,-0.5,5.08,245,31,BELOW,NORMAL
2026051512,KUIL,2026-05-15T12:00Z,1014,6,4315,3746,3315,14.8,141,248,NONE,-1.3,5.92,245,27,BELOW,NORMAL
2026051600,KUIL,2026-05-16T00:00Z,1012,100,4117,4033,3117,14.4,125,242,NONE,-1.1,6.43,245,21,BELOW,NORMAL
2026051612,KUIL,2026-05-16T12:00Z,1012,6,3597,3597,2597,12.5,71,302,NONE,-2.5,5.94,315,16,MUCH BELOW,NORMAL
2026051700,KUIL,2026-05-17T00:00Z,1016,8,4037,3460,3037,12.2,103,298,NONE,-2.1,6.48,280,13,BELOW,BELOW
2026051712,KUIL,2026-05-17T12:00Z,1017,8,5260,4072,4260,11.3,54,10,NONE,0.6,5.80,20,17,BELOW,BELOW
2026051800,KUIL,2026-05-18T00:00Z,1020,8,6803,5574,5803,12.7,52,324,NONE,4.2,6.27,335,6,NORMAL,BELOW
2026051812,KUIL,2026-05-18T12:00Z,1019,7,7422,2552,6422,13.5,80,309,NONE,4.2,7.68,175,2,NORMAL,NORMAL
2026051900,KUIL,2026-05-19T00:00Z,1019,9,6569,6278,5569,20.2,135,311,NONE,2.8,4.84,290,18,NORMAL,ABOVE
2026051912,KUIL,2026-05-19T12:00Z,1018,6,6915,6890,5915,20.6,134,298,NONE,3.2,4.06,290,17,NORMAL,ABOVE
2026052000,KUIL,2026-05-20T00:00Z,1019,7,9053,5396,8053,19.6,137,310,NONE,4.0,3.52,310,17,NORMAL,ABOVE
2026052012,KUIL,2026-05-20T12:00Z,1018,7,8560,5174,7560,19.1,94,342,NONE,5.5,4.54,21,8,NORMAL,NORMAL
2026052100,KUIL,2026-05-21T00:00Z,1017,8,10256,5483,9256,17.6,125,338,NONE,7.2,4.57,355,17,ABOVE,NORMAL
2026052112,KUIL,2026-05-21T12:00Z,1015,7,11097,5739,10097,18.2,106,348,NONE,8.8,4.42,340,14,ABOVE,NORMAL
2026052200,KUIL,2026-05-22T00:00Z,1013,8,10207,8853,9207,15.1,80,329,NONE,10.8,6.86,335,14,ABOVE,NORMAL
2026052212,KUIL,2026-05-22T12:00Z,1010,7,10058,7052,9058,19.5,96,303,NONE,9.8,6.19,320,14,ABOVE,NORMAL
2026052300,KUIL,2026-05-23T00:00Z,1008,7,11735,7306,10735,16.4,66,300,NONE,9.4,5.19,270,5,MUCH ABOVE,NORMAL
2026052312,KUIL,2026-05-23T12:00Z,1007,10,10987,6288,9987,14.1,69,285,NONE,7.0,3.79,295,19,ABOVE,NORMAL
2026052400,KUIL,2026-05-24T00:00Z,1011,7,10004,6128,9004,14.2,122,280,NONE,8.0,5.12,275,21,NORMAL,NORMAL
2026052412,KUIL,2026-05-24T12:00Z,1011,8,9641,5775,8641,18.6,153,276,NONE,6.2,4.51,270,20,NORMAL,NORMAL
2026052500,KUIL,2026-05-25T00:00Z,1007,8,10010,8095,9010,21.4,175,211,NONE,9.0,5.68,235,20,NORMAL,ABOVE
2026052512,KUIL,2026-05-25T12:00Z,1000,8,5609,4612,4609,24.7,612,201,MODERATE,1.8,3.80,200,72,BELOW,MUCH ABOVE
2026052600,KUIL,2026-05-26T00:00Z,1000,8,5100,5100,4100,17.5,181,188,NONE,1.2,5.66,195,29,BELOW,NORMAL
2026052612,KUIL,2026-05-26T12:00Z,1005,8,6286,5402,5286,15.8,70,39,NONE,2.4,5.63,40,13,NORMAL,NORMAL
2026052700,KUIL,2026-05-27T00:00Z,1008,8,6959,6693,5959,18.3,106,32,NONE,4.2,4.94,35,22,NORMAL,NORMAL
2026052712,KUIL,2026-05-27T12:00Z,1009,9,11175,9212,10175,18.8,149,358,NONE,9.6,5.30,15,22,ABOVE,NORMAL
2026052800,KUIL,2026-05-28T00:00Z,1006,9,13558,7667,12558,15.7,93,3,NONE,12.2,4.22,20,21,MUCH ABOVE,NORMAL
2026052812,KUIL,2026-05-28T12:00Z,1004,8,13171,8841,12171,18.1,14,41,NONE,14.2,5.59,0,4,MUCH ABOVE,NORMAL
2026052900,KUIL,2026-05-29T00:00Z,1004,8,12551,8930,11551,21.1,93,290,NONE,13.4,5.72,230,6,MUCH ABOVE,ABOVE
2026052912,KUIL,2026-05-29T12:00Z,1007,7,10224,3736,9224,20.7,156,244,NONE,4.0,2.03,210,19,NORMAL,ABOVE
2026053000,KUIL,2026-05-30T00:00Z,1015,10,4050,4008,3050,9.5,69,295,NONE,1.0,5.01,260,27,MUCH BELOW,MUCH BELOW
2026053012,KUIL,2026-05-30T12:00Z,1017,7,3978,3705,2978,11.2,50,273,NONE,-0.1,4.30,300,8,MUCH BELOW,MUCH BELOW
2026053100,KUIL,2026-05-31T00:00Z,1021,9,6485,4101,5485,9.0,39,296,NONE,0.8,5.13,245,13,NORMAL,MUCH BELOW
2026053112,KUIL,2026-05-31T12:00Z,1022,7,6507,2949,5507,7.7,39,326,NONE,3.4,6.55,240,3,NORMAL,MUCH BELOW
2026060100,KUIL,2026-06-01T00:00Z,1021,9,7893,4321,6893,8.3,44,327,NONE,6.6,5.19,40,8,NORMAL,MUCH BELOW
2026060112,KUIL,2026-06-01T12:00Z,1017,9,10460,5769,9460,9.6,41,28,NONE,7.8,4.71,20,10,NORMAL,MUCH BELOW
2026060200,KUIL,2026-06-02T00:00Z,1013,9,10940,6973,9940,9.0,39,24,NONE,11.2,6.30,30,10,ABOVE,MUCH BELOW
2026060212,KUIL,2026-06-02T12:00Z,1011,7,11344,7873,10344,11.1,46,84,NONE,11.4,5.92,20,6,ABOVE,MUCH BELOW
2026060300,KUIL,2026-06-03T00:00Z,1010,9,11923,8200,10923,12.8,47,180,NONE,12.2,5.77,235,10,ABOVE,BELOW
2026060312,KUIL,2026-06-03T12:00Z,1010,7,9876,6852,8876,20.1,200,190,NONE,9.2,6.38,190,27,NORMAL,NORMAL
2026060400,KUIL,2026-06-04T00:00Z,1013,9,8426,8102,7426,17.8,126,211,NONE,4.8,5.57,200,17,NORMAL,NORMAL
2026060412,KUIL,2026-06-04T12:00Z,1016,9,6704,3523,5704,13.0,79,273,NONE,2.6,4.58,260,25,NORMAL,BELOW
2026060500,KUIL,2026-06-05T00:00Z,1015,8,5440,4744,4440,15.9,164,237,NONE,1.2,2.91,220,21,BELOW,NORMAL
2026060512,KUIL,2026-06-05T12:00Z,1010,7,5188,4771,4188,16.7,145,237,NONE,0.8,5.81,250,16,BELOW,NORMAL
2026060600,KUIL,2026-06-06T00:00Z,1009,14,4916,4865,3916,17.4,172,220,NONE,0.2,5.54,215,18,BELOW,NORMAL
2026060612,KUIL,2026-06-06T12:00Z,1006,7,4410,4260,3410,16.1,62,214,NONE,-0.5,6.29,220,13,MUCH BELOW,NORMAL
2026060700,KUIL,2026-06-07T00:00Z,1009,9,4780,4573,3780,15.3,86,312,NONE,0.0,5.41,310,11,MUCH BELOW,NORMAL
2026060712,KUIL,2026-06-07T12:00Z,1010,8,4913,4727,3913,13.4,59,310,NONE,0.2,3.18,325,17,MUCH BELOW,BELOW
2026060800,KUIL,2026-06-08T00:00Z,1010,8,5816,4942,4816,12.8,77,191,NONE,1.8,4.07,215,19,BELOW,BELOW
2026060812,KUIL,2026-06-08T12:00Z,1002,7,6884,6884,5884,21.2,190,186,NONE,2.8,4.19,195,15,NORMAL,ABOVE
2026060900,KUIL,2026-06-09T00:00Z,994,8,7166,7166,6166,26.5,249,163,NONE,4.4,4.29,165,20,NORMAL,MUCH ABOVE
2026060912,KUIL,2026-06-09T12:00Z,1001,7,5844,5747,4844,18.7,214,289,NONE,2.6,4.19,285,24,BELOW,NORMAL
2026061000,KUIL,2026-06-10T00:00Z,1011,7,5312,5312,4312,17.1,185,254,NONE,0.8,3.83,265,30,BELOW,NORMAL
2026061012,KUIL,2026-06-10T12:00Z,1014,7,5004,5004,4004,15.6,106,297,NONE,0.2,3.96,320,25,BELOW,NORMAL
2026061100,KUIL,2026-06-11T00:00Z,1018,10,8870,5395,7870,13.9,38,292,NONE,1.4,1.22,300,10,NORMAL,BELOW
2026061112,KUIL,2026-06-11T12:00Z,1016,7,9620,5227,8620,15.3,59,281,NONE,5.2,3.18,285,20,NORMAL,NORMAL
2026061200,KUIL,2026-06-12T00:00Z,1015,8,11444,5260,10444,12.5,91,281,NONE,7.0,3.42,275,26,ABOVE,BELOW
2026061212,KUIL,2026-06-12T12:00Z,1014,6,12152,7008,11152,16.3,124,325,NONE,7.2,2.91,305,28,MUCH ABOVE,NORMAL
2026061300,KUIL,2026-06-13T00:00Z,1016,9,12645,6259,11645,15.3,101,329,NONE,8.6,3.27,335,30,MUCH ABOVE,NORMAL
2026061312,KUIL,2026-06-13T12:00Z,1016,7,13220,7281,12220,14.9,91,5,NONE,10.6,3.76,350,22,MUCH ABOVE,NORMAL
2026061400,KUIL,2026-06-14T00:00Z,1015,9,13714,7647,12714,15.4,101,11,NONE,14.0,4.71,0,17,MUCH ABOVE,NORMAL
2026061412,KUIL,2026-06-14T12:00Z,1014,7,13719,11522,12719,19.2,101,22,NONE,14.2,4.20,0,23,MUCH ABOVE,NORMAL
2026061500,KUIL,2026-06-15T00:00Z,1013,100,14782,11503,13782,18.1,104,8,NONE,17.0,5.78,15,15,MUCH ABOVE,NORMAL
2026061512,KUIL,2026-06-15T12:00Z,1012,7,14405,9767,13405,20.2,122,296,NONE,18.6,6.50,300,10,MUCH ABOVE,NORMAL
2026061620,KUIL,2026-06-16T20:00Z,1015,816,,,,,,,NO DATA,9.6,,,,--,--
2026061700,KUIL,2026-06-17T00:00Z,1015,7,13781,6758,12781,13.0,140,307,NONE,9.4,3.39,310,29,MUCH ABOVE,BELOW
2026061712,KUIL,2026-06-17T12:00Z,1013,7,13092,6502,12092,13.0,140,309,NONE,10.4,4.78,315,34,MUCH ABOVE,BELOW
2026061800,KUIL,2026-06-18T00:00Z,1014,58,14164,7211,13164,11.2,114,306,NONE,10.4,2.87,315,30,MUCH ABOVE,MUCH BELOW
2026061812,KUIL,2026-06-18T12:00Z,1012,8,14389,7223,13389,14.6,74,334,NONE,11.2,2.99,325,29,MUCH ABOVE,BELOW
2026061900,KUIL,2026-06-19T00:00Z,1010,8,14730,7450,13730,13.2,67,319,NONE,14.4,4.72,340,10,MUCH ABOVE,BELOW
2026061912,KUIL,2026-06-19T12:00Z,1006,7,13371,7261,12371,14.9,63,261,NONE,15.0,5.08,300,16,MUCH ABOVE,BELOW
2026062000,KUIL,2026-06-20T00:00Z,1006,9,12902,7155,11902,16.1,86,259,NONE,13.2,4.97,260,14,MUCH ABOVE,NORMAL
2026062012,KUIL,2026-06-20T12:00Z,1007,11,12317,6741,11317,10.4,49,249,NONE,12.8,4.98,300,18,ABOVE,MUCH BELOW
2026062100,KUIL,2026-06-21T00:00Z,1011,7,12154,7354,11154,14.5,34,211,NONE,9.8,4.01,315,16,ABOVE,BELOW
2026062112,KUIL,2026-06-21T12:00Z,1012,7,11062,8603,10062,18.1,76,1,NONE,11.2,6.42,355,19,NORMAL,NORMAL
2026062200,KUIL,2026-06-22T00:00Z,1012,8,11072,8185,10072,17.7,84,333,NONE,12.4,6.79,330,19,NORMAL,NORMAL
2026062212,KUIL,2026-06-22T12:00Z,1012,8,10410,7775,9410,16.2,74,2,NONE,12.6,7.79,345,13,NORMAL,NORMAL
2026062300,KUIL,2026-06-23T00:00Z,1011,9,11858,8696,10858,15.3,63,13,NONE,14.6,6.49,75,5,ABOVE,BELOW
2026062312,KUIL,2026-06-23T12:00Z,1011,9,12621,9271,11621,12.9,28,142,NONE,16.4,8.71,140,4,ABOVE,MUCH BELOW
2026062400,KUIL,2026-06-24T00:00Z,1010,9,11308,10202,10308,18.3,32,203,NONE,16.6,8.56,180,14,NORMAL,NORMAL
2026062412,KUIL,2026-06-24T12:00Z,1010,9,11886,9737,10886,18.5,43,210,NONE,15.8,8.45,190,12,ABOVE,NORMAL
2026062500,KUIL,2026-06-25T00:00Z,1011,8,11377,8413,10377,14.4,84,255,NONE,14.8,7.60,235,12,NORMAL,BELOW
2026062512,KUIL,2026-06-25T12:00Z,1008,7,11435,7080,10435,19.4,114,256,NONE,11.6,5.26,230,15,NORMAL,NORMAL
2026062600,KUIL,2026-06-26T00:00Z,1004,6,7229,7150,6229,30.9,282,209,WEAK,5.0,3.19,220,25,BELOW,MUCH ABOVE
2026062612,KUIL,2026-06-26T12:00Z,999,8,8547,8336,7547,21.9,224,203,NONE,5.6,4.27,230,25,NORMAL,NORMAL
2026062700,KUIL,2026-06-27T00:00Z,1003,9,7237,7125,6237,18.8,139,259,NONE,4.8,4.55,250,19,BELOW,NORMAL
2026062712,KUIL,2026-06-27T12:00Z,1005,7,5908,5792,4908,18.5,74,275,NONE,2.4,5.38,320,10,MUCH BELOW,NORMAL
2026062800,KUIL,2026-06-28T00:00Z,1010,7,6986,6930,5986,20.1,60,317,NONE,5.8,5.96,335,13,BELOW,NORMAL
2026062812,KUIL,2026-06-28T12:00Z,1012,11,9817,7823,8817,18.8,74,309,NONE,7.8,5.41,350,9,NORMAL,NORMAL
2026062900,KUIL,2026-06-29T00:00Z,1013,8,11348,7170,10348,18.3,36,305,NONE,7.8,4.30,350,11,NORMAL,NORMAL
2026062912,KUIL,2026-06-29T12:00Z,1011,7,13122,8779,12122,18.0,53,318,NONE,7.8,1.50,340,20,ABOVE,NORMAL
2026063000,KUIL,2026-06-30T00:00Z,1011,9,12544,6679,11544,16.0,33,321,NONE,8.4,2.88,340,18,ABOVE,BELOW
2026063012,KUIL,2026-06-30T12:00Z,1011,8,10581,6554,9581,13.5,58,282,NONE,8.4,4.54,320,16,NORMAL,MUCH BELOW
2026070100,KUIL,2026-07-01T00:00Z,1012,8,10695,6691,9695,17.4,59,303,NONE,7.6,4.17,320,23,NORMAL,NORMAL
2026070112,KUIL,2026-07-01T12:00Z,1012,100,8644,6299,7644,20.5,156,308,NONE,6.6,5.04,325,24,BELOW,NORMAL
2026070200,KUIL,2026-07-02T00:00Z,1013,8,10790,7135,9790,23.9,170,300,NONE,5.8,3.44,315,25,NORMAL,ABOVE
2026070212,KUIL,2026-07-02T12:00Z,1011,7,10477,9759,9477,24.6,124,273,NONE,7.2,4.17,285,18,NORMAL,ABOVE
2026070300,KUIL,2026-07-03T00:00Z,1010,9,10991,10947,9991,30.4,333,232,WEAK,8.8,4.53,255,29,NORMAL,MUCH ABOVE
2026070312,KUIL,2026-07-03T12:00Z,1012,9,12308,7400,11308,19.7,71,264,NONE,5.8,1.89,290,15,NORMAL,NORMAL
2026070400,KUIL,2026-07-04T00:00Z,1014,8,12799,7625,11799,21.5,149,245,NONE,9.2,4.15,250,15,ABOVE,NORMAL
2026070412,KUIL,2026-07-04T12:00Z,1014,9,11659,9619,10659,17.7,111,263,NONE,8.8,4.16,245,24,NORMAL,NORMAL
2026070500,KUIL,2026-07-05T00:00Z,1017,9,11994,7021,10994,15.7,92,283,NONE,6.0,1.77,280,26,NORMAL,BELOW
2026070512,KUIL,2026-07-05T12:00Z,1015,8,12218,6917,11218,13.9,81,317,NONE,8.2,2.77,295,23,NORMAL,BELOW
2026070600,KUIL,2026-07-06T00:00Z,1013,9,13193,6732,12193,13.2,67,344,NONE,12.0,3.62,330,12,ABOVE,MUCH BELOW
2026070612,KUIL,2026-07-06T12:00Z,1011,8,13080,8407,12080,13.0,23,315,NONE,13.6,4.21,245,11,ABOVE,MUCH BELOW
2026070700,KUIL,2026-07-07T00:00Z,1010,8,13251,8064,12251,14.6,48,239,NONE,14.0,5.08,195,15,ABOVE,BELOW
2026070712,KUIL,2026-07-07T12:00Z,1011,7,13176,7623,12176,13.7,74,237,NONE,13.0,4.98,220,18,ABOVE,MUCH BELOW
2026070900,KUIL,2026-07-09T00:00Z,1018,9,12940,7235,11940,19.1,160,285,NONE,10.4,4.26,290,25,NORMAL,NORMAL
2026070912,KUIL,2026-07-09T12:00Z,1016,7,11616,11242,10616,27.3,258,289,WEAK,11.6,5.89,290,19,NORMAL,ABOVE
2026071000,KUIL,2026-07-10T00:00Z,1013,9,11495,10637,10495,30.0,224,255,NONE,9.2,3.89,235,23,NORMAL,MUCH ABOVE
2026071012,KUIL,2026-07-10T12:00Z,1009,8,10463,9930,9463,29.9,218,239,NONE,9.6,5.66,245,22,NORMAL,MUCH ABOVE
2026071100,KUIL,2026-07-11T00:00Z,1008,8,11584,8939,10584,22.3,170,224,NONE,7.0,2.91,220,20,NORMAL,NORMAL
2026071112,KUIL,2026-07-11T12:00Z,1008,7,10038,6599,9038,18.5,124,239,NONE,4.0,2.42,230,25,NORMAL,NORMAL
2026071200,KUIL,2026-07-12T00:00Z,1010,7,8019,8019,7019,26.6,365,191,WEAK,5.6,6.08,190,24,MUCH BELOW,ABOVE
2026071212,KUIL,2026-07-12T12:00Z,1014,6,6094,5980,5094,17.2,122,254,NONE,2.4,2.77,245,30,MUCH BELOW,NORMAL
2026071300,KUIL,2026-07-13T00:00Z,1015,8,9714,5920,8714,17.7,80,248,NONE,5.8,4.26,235,16,BELOW,NORMAL
2026071312,KUIL,2026-07-13T12:00Z,1013,49,10378,6237,9378,16.1,70,252,NONE,8.6,5.18,235,12,NORMAL,BELOW
2026071400,KUIL,2026-07-14T00:00Z,1012,7,11638,7113,10638,19.4,92,215,NONE,10.8,4.88,215,15,NORMAL,NORMAL
2026071412,KUIL,2026-07-14T12:00Z,1012,7,12311,7987,11311,19.9,163,207,NONE,11.4,5.13,200,19,NORMAL,NORMAL
2026071500,KUIL,2026-07-15T00:00Z,1013,8,12281,7206,11281,17.8,107,194,NONE,12.6,4.99,165,15,NORMAL,NORMAL
2026071512,KUIL,2026-07-15T12:00Z,1013,8,12740,7072,11740,20.5,203,188,NONE,13.2,5.36,195,31,NORMAL,NORMAL
2026071600,KUIL,2026-07-16T00:00Z,1012,9,12726,9688,11726,22.5,146,183,NONE,15.2,5.57,190,20,NORMAL,NORMAL
2026071612,KUIL,2026-07-16T12:00Z,1009,7,12894,11992,11894,26.7,143,133,NONE,16.0,6.41,135,22,NORMAL,ABOVE
2026071700,KUIL,2026-07-17T00:00Z,1010,8,10938,10938,9938,32.5,163,158,NONE,10.0,5.46,161,13,NORMAL,MUCH ABOVE
2026071712,KUIL,2026-07-17T12:00Z,1010,6,10213,8923,9213,25.8,147,157,NONE,7.4,4.44,150,10,BELOW,ABOVE
2026071800,KUIL,2026-07-18T00:00Z,1012,7,10073,6094,9073,20.6,102,197,NONE,5.6,3.54,210,8,BELOW,NORMAL
2026071812,KUIL,2026-07-18T12:00Z,1013,13,9593,9425,8593,25.6,148,269,NONE,8.2,5.64,260,24,BELOW,ABOVE
2026071900,KUIL,2026-07-19T00:00Z,1016,7,13213,10725,12213,24.6,140,327,NONE,10.0,4.01,340,24,NORMAL,NORMAL
2026071912,KUIL,2026-07-19T12:00Z,1015,7,13650,8562,12650,18.4,65,316,NONE,11.6,3.50,295,10,NORMAL,NORMAL
2026072000,KUIL,2026-07-20T00:00Z,1013,7,15082,7265,14082,16.5,28,292,NONE,11.4,2.61,295,8,MUCH ABOVE,BELOW
2026072012,KUIL,2026-07-20T12:00Z,1009,7,15093,9796,14093,11.4,20,71,NONE,17.0,4.79,35,1,MUCH ABOVE,MUCH BELOW
2026072100,KUIL,2026-07-21T00:00Z,1009,8,14402,8915,13402,16.5,58,185,NONE,16.2,4.54,190,12,ABOVE,BELOW
2026072112,KUIL,2026-07-21T12:00Z,1008,8,14814,9765,13814,19.4,92,186,NONE,18.6,6.37,200,12,ABOVE,NORMAL
2026072200,KUIL,2026-07-22T00:00Z,1008,7,14919,9705,13919,19.1,65,212,NONE,19.4,6.23,205,9,ABOVE,NORMAL
2026072212,KUIL,2026-07-22T12:00Z,1007,7,14325,11778,13325,23.3,122,224,NONE,20.6,6.93,235,13,ABOVE,NORMAL
2026072300,KUIL,2026-07-23T00:00Z,1006,7,14339,13876,13339,30.1,172,209,NONE,22.6,7.64,200,13,ABOVE,MUCH ABOVE
2026072312,KUIL,2026-07-23T12:00Z,1010,6,14216,13350,13216,35.0,160,190,NONE,18.4,6.98,215,3,ABOVE,MUCH ABOVE
2026072400,KUIL,2026-07-24T00:00Z,1012,7,13422,13379,12422,36.9,164,193,NONE,16.4,6.28,175,10,NORMAL,MUCH ABOVE
2026072412,KUIL,2026-07-24T12:00Z,1010,7,13590,10741,12590,27.4,55,199,NONE,16.0,6.92,140,8,NORMAL,ABOVE
2026072500,KUIL,2026-07-25T00:00Z,1009,8,13276,7902,12276,15.9,52,228,NONE,15.0,5.34,175,19,NORMAL,BELOW
2026072512,KUIL,2026-07-25T12:00Z,1006,6,11281,10410,10281,27.0,273,193,WEAK,8.0,3.76,200,29,BELOW,ABOVE
2026072600,KUIL,2026-07-26T00:00Z,1009,8,9773,9681,8773,33.5,464,198,WEAK,8.2,5.63,190,26,MUCH BELOW,MUCH ABOVE
2026072612,KUIL,2026-07-26T12:00Z,1009,12,10376,10376,9376,35.1,437,202,WEAK,6.8,3.92,200,21,BELOW,MUCH ABOVE
2026072700,KUIL,2026-07-27T00:00Z,1012,8,9862,9817,8862,29.1,341,201,WEAK,7.2,4.88,220,28,BELOW,MUCH ABOVE
2026072712,KUIL,2026-07-27T12:00Z,1010,7,9681,9476,8681,30.4,366,205,WEAK,7.8,5.51,210,31,MUCH BELOW,MUCH ABOVE
2026072800,KUIL,2026-07-28T00:00Z,1012,9,12122,8465,11122,30.0,380,199,WEAK,7.6,2.78,200,27,NORMAL,MUCH ABOVE
2026072812,KUIL,2026-07-28T12:00Z,1008,7,11213,9012,10213,29.2,419,201,WEAK,8.0,3.54,215,35,BELOW,MUCH ABOVE
2026072900,KUIL,2026-07-29T00:00Z,1013,8,11122,7436,10122,18.8,116,233,NONE,5.2,2.54,240,26,BELOW,NORMAL
2026072912,KUIL,2026-07-29T12:00Z,1011,6,12293,6332,11293,17.9,76,257,NONE,7.8,3.15,275,15,NORMAL,NORMAL
2026073000,KUIL,2026-07-30T00:00Z,1011,17,12426,6812,11426,17.6,73,219,NONE,8.2,2.51,200,16,NORMAL,NORMAL
2026073012,KUIL,2026-07-30T12:00Z,1012,7,12876,6527,11876,17.5,96,232,NONE,9.4,4.02,220,15,NORMAL,NORMAL
2026073100,KUIL,2026-07-31T00:00Z,1014,7,13668,8008,12668,27.4,216,227,NONE,9.2,3.39,245,14,NORMAL,ABOVE
2026073112,KUIL,2026-07-31T12:00Z,1015,8,14551,12838,13551,33.2,303,226,WEAK,11.8,4.04,238,23,ABOVE,MUCH ABOVE
2026080100,KUIL,2026-08-01T00:00Z,1013,8,14168,11310,13168,31.0,312,207,WEAK,12.8,4.46,200,25,ABOVE,MUCH ABOVE
2026080112,KUIL,2026-08-01T12:00Z,1011,6,10595,10595,9595,30.7,395,217,WEAK,8.4,4.79,220,41,BELOW,MUCH ABOVE
2026080200,KUIL,2026-08-02T00:00Z,1016,7,7696,6929,6696,21.2,216,238,NONE,4.6,5.72,250,27,MUCH BELOW,NORMAL
2026080212,KUIL,2026-08-02T12:00Z,1017,9,7244,7002,6244,20.9,135,272,NONE,4.4,3.66,280,23,MUCH BELOW,NORMAL
2026080300,KUIL,2026-08-03T00:00Z,1019,7,8877,6371,7877,16.2,126,328,NONE,5.6,5.19,330,21,MUCH BELOW,BELOW
2026080312,KUIL,2026-08-03T12:00Z,1018,7,13221,7677,12221,18.0,70,14,NONE,7.2,2.40,355,20,NORMAL,NORMAL
2026080400,KUIL,2026-08-04T00:00Z,1014,7,13065,8261,12065,15.9,57,351,NONE,12.6,4.49,340,11,NORMAL,BELOW
2026080412,KUIL,2026-08-04T12:00Z,1011,7,13907,8707,12907,14.3,70,357,NONE,13.4,4.59,320,10,NORMAL,BELOW
2026080500,KUIL,2026-08-05T00:00Z,1009,8,15169,8500,14169,15.3,67,314,NONE,16.6,5.43,280,6,MUCH ABOVE,BELOW
2026080512,KUIL,2026-08-05T12:00Z,1008,7,15629,9604,14629,15.2,38,324,NONE,17.0,5.04,285,13,MUCH ABOVE,BELOW
2026080600,KUIL,2026-08-06T00:00Z,1007,9,15738,10615,14738,13.8,45,262,NONE,18.4,4.52,295,14,MUCH ABOVE,MUCH BELOW
2026080612,KUIL,2026-08-06T12:00Z,1008,7,15979,10175,14979,15.3,30,252,NONE,18.8,5.01,295,15,MUCH ABOVE,BELOW
2026080700,KUIL,2026-08-07T00:00Z,1010,7,15682,10052,14682,14.4,38,251,NONE,19.2,5.62,285,6,MUCH ABOVE,BELOW
2026080712,KUIL,2026-08-07T12:00Z,1010,7,15091,9819,14091,14.7,53,242,NONE,18.0,5.27,245,9,MUCH ABOVE,BELOW
2026080800,KUIL,2026-08-08T00:00Z,1013,8,15000,9084,14000,17.8,108,301,NONE,17.4,6.16,255,17,ABOVE,NORMAL
2026080812,KUIL,2026-08-08T12:00Z,1014,9,14129,9325,13129,20.7,151,264,NONE,14.8,4.83,235,9,ABOVE,NORMAL
2026080900,KUIL,2026-08-09T00:00Z,1015,9,13922,7376,12922,18.6,116,277,NONE,12.6,3.98,275,9,NORMAL,NORMAL
2026080912,KUIL,2026-08-09T12:00Z,1014,7,13543,9424,12543,20.3,139,296,NONE,12.8,4.22,280,12,NORMAL,NORMAL
2026081000,KUIL,2026-08-10T00:00Z,1013,6,12728,10689,11728,23.2,127,276,NONE,12.4,4.71,280,11,NORMAL,NORMAL
2026081012,KUIL,2026-08-10T12:00Z,1013,6,12486,10236,11486,25.1,204,301,NONE,12.4,5.11,295,15,NORMAL,NORMAL
2026081100,KUIL,2026-08-11T00:00Z,1015,7,13251,11063,12251,28.8,207,278,NONE,10.2,4.25,280,18,NORMAL,ABOVE
2026081112,KUIL,2026-08-11T12:00Z,1014,7,12971,11838,11971,30.0,217,295,NONE,11.6,5.24,285,14,NORMAL,MUCH ABOVE
2026081200,KUIL,2026-08-12T00:00Z,1014,6,12777,10362,11777,33.0,118,284,NONE,11.0,4.63,270,10,NORMAL,MUCH ABOVE
2026081212,KUIL,2026-08-12T12:00Z,1012,7,11239,10286,10239,30.2,92,299,NONE,10.8,5.39,275,9,NORMAL,MUCH ABOVE
2026081300,KUIL,2026-08-13T00:00Z,1009,7,11053,10144,10053,29.4,99,14,NONE,11.8,6.13,30,9,BELOW,ABOVE
2026081312,KUIL,2026-08-13T12:00Z,1007,7,11103,9610,10103,24.5,74,8,NONE,14.4,7.60,55,6,BELOW,NORMAL
2026081400,KUIL,2026-08-14T00:00Z,1006,8,11301,10298,10301,23.7,22,318,NONE,15.2,7.95,115,2,NORMAL,NORMAL
2026081412,KUIL,2026-08-14T12:00Z,1008,7,10599,10127,9599,23.2,42,203,NONE,14.6,8.34,185,9,BELOW,NORMAL
2026081500,KUIL,2026-08-15T00:00Z,1010,8,11059,10008,10059,24.3,87,189,NONE,14.4,7.97,170,13,BELOW,NORMAL
2026081512,KUIL,2026-08-15T12:00Z,1012,6,10680,10146,9680,25.5,90,150,NONE,12.2,7.00,135,15,BELOW,ABOVE
2026081600,KUIL,2026-08-16T00:00Z,1015,7,12232,8644,11232,24.4,56,197,NONE,11.8,5.63,175,11,NORMAL,NORMAL
2026081612,KUIL,2026-08-16T12:00Z,1017,6,12535,7829,11535,21.3,21,213,NONE,11.8,5.90,180,4,NORMAL,NORMAL
2026081700,KUIL,2026-08-17T00:00Z,1017,8,13057,9093,12057,25.6,32,351,NONE,11.4,4.26,35,5,NORMAL,ABOVE
2026081712,KUIL,2026-08-17T12:00Z,1016,7,13273,8125,12273,25.8,51,21,NONE,11.4,2.86,260,2,NORMAL,ABOVE
2026081800,KUIL,2026-08-18T00:00Z,1014,8,13687,8261,12687,21.1,59,347,NONE,15.8,5.32,90,1,NORMAL,NORMAL
2026081812,KUIL,2026-08-18T12:00Z,1013,7,14080,7957,13080,20.2,44,321,NONE,15.2,4.58,300,9,ABOVE,NORMAL
2026081900,KUIL,2026-08-19T00:00Z,1014,10,15013,12954,14013,25.2,45,36,NONE,15.8,4.55,30,13,ABOVE,ABOVE
2026081912,KUIL,2026-08-19T12:00Z,1012,8,14114,11750,13114,24.7,52,24,NONE,16.6,4.92,40,11,ABOVE,ABOVE
2026082000,KUIL,2026-08-20T00:00Z,1011,12,13841,10824,12841,23.9,56,276,NONE,17.6,5.77,300,10,NORMAL,NORMAL
2026082012,KUIL,2026-08-20T12:00Z,1008,7,13346,11663,12346,21.9,48,224,NONE,17.6,6.38,245,8,NORMAL,NORMAL
2026082100,KUIL,2026-08-21T00:00Z,1008,9,14849,10152,13849,19.8,79,187,NONE,18.4,6.50,190,17,ABOVE,NORMAL
2026082112,KUIL,2026-08-21T12:00Z,1008,7,14169,9986,13169,26.0,112,177,NONE,18.2,6.12,195,13,ABOVE,ABOVE
2026082200,KUIL,2026-08-22T00:00Z,1010,8,13420,12765,12420,29.6,191,162,NONE,19.0,6.72,160,23,NORMAL,MUCH ABOVE
2026082212,KUIL,2026-08-22T12:00Z,1010,7,12732,11708,11732,24.0,184,188,NONE,15.8,5.53,200,29,NORMAL,NORMAL
2026082300,KUIL,2026-08-23T00:00Z,1012,7,10965,10099,9965,29.1,157,160,NONE,9.6,4.98,65,15,NORMAL,ABOVE
2026082312,KUIL,2026-08-23T12:00Z,1012,9,10639,9949,9639,28.6,143,276,NONE,8.0,4.39,290,19,NORMAL,ABOVE
2026082400,KUIL,2026-08-24T00:00Z,1015,11,12807,9898,11807,27.4,138,312,NONE,10.8,4.36,305,15,NORMAL,ABOVE
2026082412,KUIL,2026-08-24T12:00Z,1012,8,13107,9830,12107,20.7,38,8,NONE,14.2,5.08,235,5,NORMAL,NORMAL
2026082500,KUIL,2026-08-25T00:00Z,1008,10,13415,10431,12415,21.5,42,147,NONE,17.4,6.40,165,12,NORMAL,NORMAL
2026082512,KUIL,2026-08-25T12:00Z,1007,7,13473,10191,12473,24.0,120,172,NONE,17.4,6.66,185,13,NORMAL,NORMAL
2026082600,KUIL,2026-08-26T00:00Z,1011,9,12927,11617,11927,24.9,341,178,WEAK,14.0,5.31,175,38,NORMAL,NORMAL
2026082612,KUIL,2026-08-26T12:00Z,1011,7,13240,8756,12240,22.7,231,185,NONE,12.8,5.36,190,39,NORMAL,NORMAL
2026082700,KUIL,2026-08-27T00:00Z,1010,9,12202,8653,11202,23.2,259,184,WEAK,9.8,4.15,190,34,NORMAL,NORMAL
2026082712,KUIL,2026-08-27T12:00Z,1008,7,9874,8969,8874,28.6,332,194,WEAK,8.0,5.13,210,25,NORMAL,ABOVE
2026082800,KUIL,2026-08-28T00:00Z,1012,10,10237,8631,9237,26.1,220,239,NONE,6.8,4.18,255,27,NORMAL,ABOVE
2026082812,KUIL,2026-08-28T12:00Z,1012,7,10285,7710,9285,21.7,105,269,NONE,5.0,3.04,275,12,NORMAL,NORMAL
2026082900,KUIL,2026-08-29T00:00Z,1011,9,9432,7105,8432,20.6,134,254,NONE,5.2,3.63,245,25,BELOW,NORMAL
2026082912,KUIL,2026-08-29T12:00Z,1010,7,7135,6373,6135,20.6,122,312,NONE,4.0,5.73,310,13,MUCH BELOW,NORMAL
2026083000,KUIL,2026-08-30T00:00Z,1013,8,9303,6720,8303,18.4,131,309,NONE,4.8,3.51,320,17,BELOW,NORMAL
2026083012,KUIL,2026-08-30T12:00Z,1014,8,10836,6089,9836,30.9,263,322,WEAK,4.6,2.28,330,27,NORMAL,MUCH ABOVE
2026083100,KUIL,2026-08-31T00:00Z,1014,8,11934,8715,10934,30.4,175,271,NONE,7.6,2.78,285,14,NORMAL,MUCH ABOVE
2026083112,KUIL,2026-08-31T12:00Z,1009,8,12302,8879,11302,25.8,49,229,NONE,9.4,3.26,225,9,NORMAL,ABOVE
2026090100,KUIL,2026-09-01T00:00Z,1003,8,12235,10407,11235,27.2,132,198,NONE,12.0,4.35,205,14,NORMAL,ABOVE
2026090112,KUIL,2026-09-01T12:00Z,1003,7,11844,8233,10844,24.6,167,207,NONE,9.8,4.89,200,17,NORMAL,NORMAL
2026090200,KUIL,2026-09-02T00:00Z,1003,8,9393,9315,8393,25.1,206,196,NONE,7.4,4.88,195,24,BELOW,NORMAL
2026090212,KUIL,2026-09-02T12:00Z,999,7,8466,8430,7466,27.3,461,179,WEAK,6.8,5.79,185,26,BELOW,ABOVE
2026090300,KUIL,2026-09-03T00:00Z,993,26,8830,8830,7830,26.6,282,164,WEAK,7.2,5.39,195,13,BELOW,ABOVE
2026090312,KUIL,2026-09-03T12:00Z,999,6,7167,6868,6167,23.1,187,181,NONE,4.6,5.58,190,16,MUCH BELOW,NORMAL
2026090400,KUIL,2026-09-04T00:00Z,1004,10,7235,7058,6235,24.1,131,77,NONE,4.6,5.59,110,16,MUCH BELOW,NORMAL
2026090412,KUIL,2026-09-04T12:00Z,1004,7,7749,7026,6749,20.1,30,94,NONE,6.0,6.33,110,2,BELOW,NORMAL
2026090500,KUIL,2026-09-05T00:00Z,1008,8,8030,7633,7030,22.3,84,39,NONE,6.6,6.72,45,8,BELOW,NORMAL
2026090512,KUIL,2026-09-05T12:00Z,1010,6,7940,7492,6940,23.8,27,45,NONE,6.8,7.11,65,2,BELOW,NORMAL
2026090600,KUIL,2026-09-06T00:00Z,1011,8,8113,7557,7113,22.9,30,38,NONE,7.2,7.23,190,1,BELOW,NORMAL
2026090612,KUIL,2026-09-06T12:00Z,1010,8,8839,7582,7839,18.4,92,56,NONE,8.8,6.93,90,8,BELOW,NORMAL
2026090700,KUIL,2026-09-07T00:00Z,1010,7,9949,7428,8949,17.2,79,332,NONE,9.4,6.14,345,5,NORMAL,NORMAL
2026090712,KUIL,2026-09-07T12:00Z,1012,7,9229,6941,8229,24.3,109,306,NONE,5.6,4.89,330,8,BELOW,ABOVE
2026090800,KUIL,2026-09-08T00:00Z,1015,8,9978,9159,8978,24.7,60,326,NONE,6.2,4.24,340,11,NORMAL,ABOVE
2026090812,KUIL,2026-09-08T12:00Z,1016,7,12754,9129,11754,20.3,81,359,NONE,10.0,4.40,35,7,NORMAL,NORMAL
2026090900,KUIL,2026-09-09T00:00Z,1018,8,13557,8064,12557,20.2,94,350,NONE,11.8,4.24,10,20,NORMAL,NORMAL
2026090912,KUIL,2026-09-09T12:00Z,1018,8,14749,10482,13749,24.0,132,350,NONE,13.0,3.34,350,15,ABOVE,ABOVE
2026091000,KUIL,2026-09-10T00:00Z,1017,7,14416,12780,13416,32.9,246,288,NONE,15.4,4.67,295,15,ABOVE,MUCH ABOVE
2026091012,KUIL,2026-09-10T12:00Z,1013,8,13995,11330,12995,28.3,320,287,WEAK,11.8,4.86,270,39,ABOVE,MUCH ABOVE
2026091100,KUIL,2026-09-11T00:00Z,1010,8,10540,6077,9540,11.9,83,286,NONE,10.0,5.79,295,15,NORMAL,MUCH BELOW
2026091112,KUIL,2026-09-11T12:00Z,1009,7,9902,6435,8902,15.7,82,258,NONE,8.0,5.25,270,14,NORMAL,NORMAL
2026091200,KUIL,2026-09-12T00:00Z,1008,8,8901,6219,7901,19.2,80,191,NONE,4.4,4.02,175,17,NORMAL,NORMAL
2026091212,KUIL,2026-09-12T12:00Z,1007,7,8684,5992,7684,20.3,134,145,NONE,5.6,5.80,125,26,BELOW,NORMAL
2026091300,KUIL,2026-09-13T00:00Z,1005,10,8385,7650,7385,22.9,167,108,NONE,9.0,8.59,125,27,BELOW,NORMAL
2026091312,KUIL,2026-09-13T12:00Z,1007,7,9036,8523,8036,26.7,92,29,NONE,6.4,5.52,25,12,NORMAL,ABOVE
2026091400,KUIL,2026-09-14T00:00Z,1009,9,10310,6674,9310,15.3,80,269,NONE,10.0,6.07,310,23,NORMAL,BELOW
2026091412,KUIL,2026-09-14T12:00Z,1013,7,12361,6195,11361,20.2,97,309,NONE,3.4,0.13,350,20,NORMAL,NORMAL
2026091500,KUIL,2026-09-15T00:00Z,1014,7,11476,6992,10476,22.4,147,302,NONE,3.6,1.13,315,25,NORMAL,NORMAL
2026091512,KUIL,2026-09-15T12:00Z,1011,11,9400,7240,8400,25.9,160,317,NONE,6.2,3.93,300,18,NORMAL,ABOVE
2026091600,KUIL,2026-09-16T00:00Z,1011,100,9745,8474,8745,23.8,200,28,NONE,6.8,4.63,20,24,NORMAL,NORMAL
2026091612,KUIL,2026-09-16T12:00Z,1014,8,11340,7153,10340,16.4,163,37,NONE,10.8,5.52,30,17,NORMAL,NORMAL
2026091700,KUIL,2026-09-17T00:00Z,1013,8,12989,7310,11989,16.9,135,24,NONE,11.4,4.24,45,10,NORMAL,NORMAL
2026091712,KUIL,2026-09-17T12:00Z,1011,7,13234,7531,12234,12.1,37,60,NONE,15.0,5.33,65,2,NORMAL,MUCH BELOW
2026091800,KUIL,2026-09-18T00:00Z,1011,9,13458,8964,12458,13.0,33,336,NONE,14.4,5.21,340,13,ABOVE,BELOW
2026091812,KUIL,2026-09-18T12:00Z,1013,8,13366,9000,12366,16.3,29,238,NONE,13.8,5.96,320,13,ABOVE,NORMAL
2026091900,KUIL,2026-09-19T00:00Z,1016,21,13846,8972,12846,17.7,35,201,NONE,13.8,5.83,330,8,ABOVE,NORMAL
2026091912,KUIL,2026-09-19T12:00Z,1015,8,13202,8691,12202,17.1,51,221,NONE,13.9,5.59,238,6,NORMAL,NORMAL
2026092000,KUIL,2026-09-20T00:00Z,1014,8,13526,8786,12526,15.4,56,223,NONE,13.6,5.34,240,12,ABOVE,NORMAL
2026092012,KUIL,2026-09-20T12:00Z,1014,12,13271,8829,12271,14.2,58,224,NONE,14.0,5.59,235,13,NORMAL,BELOW
2026092100,KUIL,2026-09-21T00:00Z,1012,8,13466,8562,12466,13.9,71,219,NONE,14.4,4.96,220,15,ABOVE,BELOW
2026092112,KUIL,2026-09-21T12:00Z,1010,110,12885,8216,11885,15.3,80,265,NONE,13.0,4.60,235,25,NORMAL,BELOW
2026092200,KUIL,2026-09-22T00:00Z,1011,8,12532,6118,11532,18.8,96,270,NONE,8.2,3.14,230,27,NORMAL,NORMAL
2026092212,KUIL,2026-09-22T12:00Z,1011,8,10547,5788,9547,16.2,83,278,NONE,6.2,3.43,240,24,NORMAL,NORMAL
2026092300,KUIL,2026-09-23T00:00Z,1012,8,9153,5948,8153,19.0,172,243,NONE,5.6,4.91,255,28,NORMAL,NORMAL
2026092312,KUIL,2026-09-23T12:00Z,1012,8,7881,5398,6881,14.9,97,250,NONE,3.4,3.78,235,32,BELOW,BELOW
2026092400,KUIL,2026-09-24T00:00Z,1015,8,7084,4519,6084,11.9,81,273,NONE,2.8,3.67,245,17,BELOW,MUCH BELOW
2026092412,KUIL,2026-09-24T12:00Z,1011,7,10650,5349,9650,16.9,103,217,NONE,4.2,1.90,210,14,NORMAL,NORMAL
2026092500,KUIL,2026-09-25T00:00Z,1003,5,8301,8301,7301,30.0,397,201,WEAK,5.2,3.64,205,42,NORMAL,MUCH ABOVE
2026092512,KUIL,2026-09-25T12:00Z,998,6,8146,8146,7146,26.1,221,183,NONE,6.6,5.67,180,26,NORMAL,ABOVE
2026092600,KUIL,2026-09-26T00:00Z,1010,8,6250,4143,5250,11.4,148,287,NONE,3.0,6.94,285,28,BELOW,MUCH BELOW
2026092612,KUIL,2026-09-26T12:00Z,1014,7,5512,5216,4512,12.6,77,293,NONE,1.2,3.68,315,19,MUCH BELOW,BELOW
2026092700,KUIL,2026-09-27T00:00Z,1015,13,8262,4264,7262,11.9,35,4,NONE,5.2,5.58,0,3,NORMAL,BELOW
2026092800,KUIL,2026-09-28T00:00Z,1010,8,9071,4437,8071,8.0,43,352,NONE,8.4,5.79,355,7,NORMAL,MUCH BELOW
2026092812,KUIL,2026-09-28T12:00Z,1011,8,8701,6851,7701,21.9,140,298,NONE,8.0,6.42,285,18,NORMAL,NORMAL
2026092912,KUIL,2026-09-29T12:00Z,1005,100,11805,11767,10805,39.4,705,257,MODERATE,9.0,4.15,250,40,NORMAL,MUCH ABOVE
2026093000,KUIL,2026-09-30T00:00Z,1009,7,10492,5421,9492,26.5,452,272,WEAK,4.8,2.41,265,48,NORMAL,ABOVE
2026093012,KUIL,2026-09-30T12:00Z,1012,8,9978,5857,8978,17.5,193,288,NONE,3.8,2.49,285,22,NORMAL,NORMAL
2026100100,KUIL,2026-10-01T00:00Z,1013,100,11133,4738,10133,18.9,186,278,NONE,6.8,3.80,285,15,NORMAL,NORMAL
2026100112,KUIL,2026-10-01T12:00Z,1012,100,11876,10938,10876,26.6,250,267,WEAK,9.2,4.54,285,31,NORMAL,ABOVE
2026100200,KUIL,2026-10-02T00:00Z,1011,100,11061,10998,10061,32.3,302,240,WEAK,10.4,5.51,250,24,NORMAL,MUCH ABOVE
2026100212,KUIL,2026-10-02T12:00Z,1009,100,11214,8687,10214,27.6,242,232,NONE,7.6,3.39,240,28,NORMAL,MUCH ABOVE
2026100300,KUIL,2026-10-03T00:00Z,1013,6,13663,7630,12663,22.8,79,240,NONE,7.2,1.13,300,25,ABOVE,ABOVE
2026100312,KUIL,2026-10-03T12:00Z,1013,7,13961,8311,12961,23.8,66,225,NONE,10.0,2.36,210,5,ABOVE,ABOVE
2026100400,KUIL,2026-10-04T00:00Z,1010,7,14605,8083,13605,16.9,28,235,NONE,14.2,4.82,160,1,MUCH ABOVE,NORMAL
2026100412,KUIL,2026-10-04T12:00Z,1011,8,14374,10088,13374,18.7,35,224,NONE,12.6,3.59,280,9,MUCH ABOVE,NORMAL
2026100500,KUIL,2026-10-05T00:00Z,1011,9,13918,8952,12918,13.8,67,259,NONE,16.6,5.80,255,20,MUCH ABOVE,NORMAL
2025100100,KSLE,2025-10-01T00:00Z,999,6,8143,8143,7143,21.4,490,202,WEAK,6.6,5.67,225,50,BELOW,NORMAL
2025100112,KSLE,2025-10-01T12:00Z,1003,5,8051,7124,7051,20.0,293,214,WEAK,6.8,6.70,230,33,BELOW,NORMAL
2025100200,KSLE,2025-10-02T00:00Z,1006,6,8581,5893,7581,17.2,222,216,NONE,5.6,5.69,215,47,NORMAL,NORMAL
2025100212,KSLE,2025-10-02T12:00Z,1009,5,7410,6565,6410,20.6,207,214,NONE,5.4,5.96,225,33,BELOW,NORMAL
2025100300,KSLE,2025-10-03T00:00Z,1010,100,7675,7578,6675,23.7,96,210,NONE,6.6,6.97,190,10,BELOW,ABOVE
2025100312,KSLE,2025-10-03T12:00Z,1012,5,8132,6106,7132,18.5,33,342,NONE,6.0,6.08,320,5,BELOW,NORMAL
2025100400,KSLE,2025-10-04T00:00Z,1013,5,9936,7408,8936,21.4,77,322,NONE,5.6,3.89,330,11,NORMAL,NORMAL
2025100412,KSLE,2025-10-04T12:00Z,1013,6,9858,7188,8858,27.6,152,320,NONE,6.0,4.25,335,26,NORMAL,MUCH ABOVE
2025100500,KSLE,2025-10-05T00:00Z,1011,6,7995,7746,6995,20.5,103,337,NONE,6.4,3.57,320,19,NORMAL,NORMAL
2025100512,KSLE,2025-10-05T12:00Z,1012,5,10029,6791,9029,17.9,146,19,NONE,5.2,3.38,10,12,NORMAL,NORMAL
2025100600,KSLE,2025-10-06T00:00Z,1010,100,13299,6827,12299,15.8,142,27,NONE,8.2,3.03,25,24,ABOVE,NORMAL
2025100612,KSLE,2025-10-06T12:00Z,1011,6,14221,6042,13221,12.9,141,39,NONE,11.8,4.38,40,34,ABOVE,BELOW
2025100700,KSLE,2025-10-07T00:00Z,1008,100,14379,9216,13379,12.7,92,60,NONE,13.6,4.20,80,19,ABOVE,BELOW
2025100712,KSLE,2025-10-07T12:00Z,1007,100,13990,8994,12990,12.4,38,155,NONE,14.6,4.20,130,10,ABOVE,BELOW
2025100800,KSLE,2025-10-08T00:00Z,1003,34,13570,8094,12570,13.7,81,235,NONE,15.2,6.28,218,10,ABOVE,BELOW
2025100812,KSLE,2025-10-08T12:00Z,1004,6,11203,7504,10203,18.9,131,238,NONE,8.4,4.16,240,26,NORMAL,NORMAL
2025100900,KSLE,2025-10-09T00:00Z,1003,6,8213,7152,7213,19.8,190,205,NONE,3.0,3.91,200,31,NORMAL,NORMAL
2025100912,KSLE,2025-10-09T12:00Z,1005,5,6575,5771,5575,12.8,136,191,NONE,4.0,4.31,190,40,BELOW,BELOW
2025101000,KSLE,2025-10-10T00:00Z,1005,100,8913,8913,7913,26.4,141,156,NONE,8.2,6.29,170,15,NORMAL,ABOVE
2025101012,KSLE,2025-10-10T12:00Z,1004,9,7378,7150,6378,22.2,200,170,NONE,5.6,6.61,195,39,NORMAL,ABOVE
2025101100,KSLE,2025-10-11T00:00Z,1004,100,6410,5826,5410,17.8,155,200,NONE,4.4,6.52,215,17,BELOW,NORMAL
2025101112,KSLE,2025-10-11T12:00Z,1006,7,5915,5848,4915,18.6,142,237,NONE,2.6,6.02,260,17,BELOW,NORMAL
2025101200,KSLE,2025-10-12T00:00Z,1007,100,6938,6918,5938,21.1,179,271,NONE,3.8,5.86,300,20,BELOW,NORMAL
2025101212,KSLE,2025-10-12T12:00Z,1009,6,5464,4699,4464,16.7,162,281,NONE,1.6,3.57,315,30,MUCH BELOW,NORMAL
2025101300,KSLE,2025-10-13T00:00Z,1003,100,5653,5542,4653,17.7,149,281,NONE,1.6,6.04,275,23,MUCH BELOW,NORMAL
2025101312,KSLE,2025-10-13T12:00Z,999,6,4282,3846,3282,12.6,35,53,NONE,-0.5,5.50,95,4,MUCH BELOW,BELOW
2025101400,KSLE,2025-10-14T00:00Z,1002,9,7292,5491,6292,12.5,108,40,NONE,2.8,4.18,55,21,BELOW,BELOW
2025101412,KSLE,2025-10-14T12:00Z,1005,12,8380,5019,7380,9.9,72,48,NONE,4.2,4.55,45,9,NORMAL,MUCH BELOW
2025101500,KSLE,2025-10-15T00:00Z,1006,6,8944,5428,7944,9.6,56,31,NONE,5.4,4.78,55,2,NORMAL,MUCH BELOW
2025101512,KSLE,2025-10-15T12:00Z,1009,6,9753,5557,8753,8.0,28,17,NONE,9.0,6.14,290,4,NORMAL,MUCH BELOW
2025101600,KSLE,2025-10-16T00:00Z,1011,8,11855,5583,10855,13.4,108,347,NONE,6.4,2.03,15,30,NORMAL,BELOW
2025101612,KSLE,2025-10-16T12:00Z,1015,6,12626,8328,11626,15.7,77,1,NONE,5.4,0.63,5,29,ABOVE,NORMAL
2025101700,KSLE,2025-10-17T00:00Z,1014,5,11683,6908,10683,17.7,159,335,NONE,9.4,3.88,335,22,NORMAL,NORMAL
2025101712,KSLE,2025-10-17T12:00Z,1014,7,12460,8241,11460,21.6,215,293,NONE,8.4,3.27,295,28,NORMAL,NORMAL
2025101800,KSLE,2025-10-18T00:00Z,1013,7,11848,5159,10848,19.3,190,307,NONE,4.2,1.90,310,23,NORMAL,NORMAL
2025101812,KSLE,2025-10-18T12:00Z,1014,6,13031,4575,12031,12.6,85,318,NONE,9.8,4.65,305,15,ABOVE,BELOW
2025101900,KSLE,2025-10-19T00:00Z,1008,6,12066,11268,11066,26.4,333,249,WEAK,12.2,5.12,250,28,NORMAL,ABOVE
2025101912,KSLE,2025-10-19T12:00Z,1007,6,6123,5876,5123,16.1,237,253,NONE,2.8,3.55,255,61,BELOW,NORMAL
2025102000,KSLE,2025-10-20T00:00Z,1013,6,6454,5876,5454,15.7,130,279,NONE,2.0,3.68,300,33,BELOW,NORMAL
2025102012,KSLE,2025-10-20T12:00Z,1020,6,5415,5032,4415,15.8,94,318,NONE,0.8,1.48,325,27,BELOW,NORMAL
2025102100,KSLE,2025-10-21T00:00Z,1019,6,11709,5142,10709,18.6,105,323,NONE,9.0,3.64,305,20,NORMAL,NORMAL
2025102112,KSLE,2025-10-21T12:00Z,1016,8,11629,7817,10629,16.0,100,306,NONE,10.0,4.76,290,14,NORMAL,NORMAL
2025102200,KSLE,2025-10-22T00:00Z,1010,6,12009,9466,11009,15.7,70,274,NONE,15.4,7.09,265,15,NORMAL,NORMAL
2025102212,KSLE,2025-10-22T12:00Z,1007,100,12441,8104,11441,18.0,180,205,NONE,12.2,4.24,180,25,ABOVE,NORMAL
2025102300,KSLE,2025-10-23T00:00Z,1011,15,10383,5931,9383,14.8,68,227,NONE,4.2,2.28,270,39,NORMAL,NORMAL
2025102312,KSLE,2025-10-23T12:00Z,1013,15,9601,5286,8601,21.9,196,251,NONE,7.4,5.51,260,26,NORMAL,ABOVE
2025102400,KSLE,2025-10-24T00:00Z,1011,14,11885,5324,10885,21.7,255,233,WEAK,10.0,4.65,225,30,ABOVE,NORMAL
2025102412,KSLE,2025-10-24T12:00Z,1006,9,10943,6705,9943,24.2,484,216,WEAK,7.6,3.41,220,53,NORMAL,ABOVE
2025102500,KSLE,2025-10-25T00:00Z,997,19,7832,7832,6832,27.3,688,221,MODERATE,6.8,5.93,235,51,NORMAL,MUCH ABOVE
2025102512,KSLE,2025-10-25T12:00Z,998,7,6551,6551,5551,19.4,325,203,WEAK,4.6,6.37,210,44,NORMAL,NORMAL
2025102600,KSLE,2025-10-26T00:00Z,996,26,5316,4497,4316,13.7,357,230,WEAK,1.8,6.31,245,63,BELOW,NORMAL
2025102612,KSLE,2025-10-26T12:00Z,1006,11,4711,4347,3711,14.3,192,218,NONE,0.0,6.35,245,29,BELOW,NORMAL
2025102700,KSLE,2025-10-27T00:00Z,1007,9,4872,4080,3872,11.5,108,273,NONE,0.2,6.89,265,23,BELOW,BELOW
2025102712,KSLE,2025-10-27T12:00Z,1017,5,4612,4281,3612,14.1,116,250,NONE,-0.9,6.71,270,20,BELOW,NORMAL
2025102800,KSLE,2025-10-28T00:00Z,1020,7,4988,4270,3988,14.2,92,276,NONE,-0.3,3.53,300,17,BELOW,NORMAL
2025102812,KSLE,2025-10-28T12:00Z,1016,100,10203,4783,9203,20.6,218,254,NONE,6.0,3.81,250,22,NORMAL,NORMAL
2025102900,KSLE,2025-10-29T00:00Z,1014,11,10979,9996,9979,26.2,365,220,WEAK,8.8,4.65,225,32,NORMAL,ABOVE
2025102912,KSLE,2025-10-29T12:00Z,1020,8,7498,5429,6498,14.3,130,277,NONE,1.6,3.28,235,51,NORMAL,NORMAL
2025103000,KSLE,2025-10-30T00:00Z,1023,21,11394,4887,10394,11.6,72,353,NONE,3.4,0.89,330,15,ABOVE,BELOW
2025103012,KSLE,2025-10-30T12:00Z,1016,20,12158,7758,11158,10.4,27,320,NONE,14.6,6.86,150,3,ABOVE,BELOW
2025103100,KSLE,2025-10-31T00:00Z,1010,100,12213,8290,11213,13.1,52,233,NONE,12.8,4.97,250,15,ABOVE,NORMAL
2025103112,KSLE,2025-10-31T12:00Z,1012,8,11812,6978,10812,16.3,121,248,NONE,8.8,3.37,235,19,ABOVE,NORMAL
2025110100,KSLE,2025-11-01T00:00Z,1010,7,11345,9188,10345,29.7,493,241,WEAK,9.6,4.51,245,36,ABOVE,MUCH ABOVE
2025110112,KSLE,2025-11-01T12:00Z,1005,100,12419,11761,11419,35.4,796,230,STRONG,10.4,4.25,245,53,ABOVE,MUCH ABOVE
2025110200,KSLE,2025-11-02T00:00Z,1011,14,7060,7060,6060,21.4,234,247,NONE,3.4,2.63,225,59,NORMAL,ABOVE
2025110212,KSLE,2025-11-02T12:00Z,1020,9,5358,4854,4358,14.8,144,273,NONE,0.8,5.42,260,26,NORMAL,NORMAL
2025110300,KSLE,2025-11-03T00:00Z,1019,22,8045,4131,7045,10.9,102,268,NONE,4.6,5.08,330,12,NORMAL,BELOW
2025110312,KSLE,2025-11-03T12:00Z,1006,8,9716,6759,8716,15.1,264,224,WEAK,8.0,5.52,225,35,NORMAL,NORMAL
2025110400,KSLE,2025-11-04T00:00Z,1003,103,8429,8429,7429,24.3,417,223,WEAK,3.8,3.77,225,49,NORMAL,ABOVE
2025110412,KSLE,2025-11-04T12:00Z,1006,8,8194,6413,7194,18.6,203,231,NONE,2.8,4.05,260,19,NORMAL,NORMAL
2025110500,KSLE,2025-11-05T00:00Z,1001,100,8404,8352,7404,27.9,406,198,WEAK,9.4,7.17,195,35,NORMAL,MUCH ABOVE
2025110512,KSLE,2025-11-05T12:00Z,994,100,7896,7833,6896,26.1,683,194,MODERATE,8.4,7.45,200,61,NORMAL,ABOVE
2025110600,KSLE,2025-11-06T00:00Z,998,100,6702,6688,5702,21.8,492,217,WEAK,5.2,6.76,225,52,NORMAL,ABOVE
2025110612,KSLE,2025-11-06T12:00Z,1009,25,6451,6192,5451,21.6,356,223,WEAK,3.4,5.62,230,41,NORMAL,ABOVE
2025110700,KSLE,2025-11-07T00:00Z,1004,6,8850,8680,7850,23.3,568,224,MODERATE,6.8,5.28,240,63,NORMAL,ABOVE
2025110712,KSLE,2025-11-07T12:00Z,1013,7,5302,4775,4302,14.3,170,255,NONE,0.8,6.07,255,27,NORMAL,NORMAL
2025110800,KSLE,2025-11-08T00:00Z,1016,8,5594,5303,4594,19.5,200,280,NONE,1.2,3.05,280,25,NORMAL,NORMAL
2025110812,KSLE,2025-11-08T12:00Z,1015,8,11219,4080,10219,18.9,136,289,NONE,7.4,3.16,300,23,ABOVE,NORMAL
2025110900,KSLE,2025-11-09T00:00Z,1011,5,11930,10142,10930,21.8,125,229,NONE,14.0,6.46,240,19,ABOVE,ABOVE
2025110912,KSLE,2025-11-09T12:00Z,1012,6,14530,9944,13530,18.3,166,198,NONE,16.0,6.42,205,30,MUCH ABOVE,NORMAL
2025111000,KSLE,2025-11-10T00:00Z,1015,9,13460,9239,12460,14.9,134,218,NONE,13.8,5.08,230,31,MUCH ABOVE,NORMAL
2025111012,KSLE,2025-11-10T12:00Z,1017,7,12848,8608,11848,20.0,221,239,NONE,11.2,4.37,245,33,MUCH ABOVE,NORMAL
2025111100,KSLE,2025-11-11T00:00Z,1016,5,10857,10650,9857,30.0,359,252,WEAK,8.2,4.68,245,35,ABOVE,MUCH ABOVE
2025111112,KSLE,2025-11-11T12:00Z,1017,6,12546,5314,11546,12.4,25,282,NONE,7.8,3.28,270,21,MUCH ABOVE,NORMAL
2025111200,KSLE,2025-11-12T00:00Z,1009,9,11055,9329,10055,25.0,270,225,WEAK,10.0,5.54,240,37,ABOVE,MUCH ABOVE
2025111212,KSLE,2025-11-12T12:00Z,1005,7,10305,7887,9305,21.7,249,213,NONE,11.2,6.54,225,25,ABOVE,ABOVE
2025111300,KSLE,2025-11-13T00:00Z,1002,5,10189,7891,9189,25.0,259,213,WEAK,9.6,5.67,205,33,ABOVE,MUCH ABOVE
2025111312,KSLE,2025-11-13T12:00Z,997,11,9725,9653,8725,27.5,416,203,WEAK,11.6,7.36,215,56,ABOVE,MUCH ABOVE
2025111400,KSLE,2025-11-14T00:00Z,998,6,9207,9162,8207,28.4,270,219,WEAK,7.2,5.27,200,28,NORMAL,MUCH ABOVE
2025111412,KSLE,2025-11-14T12:00Z,1003,7,7009,7009,6009,21.1,147,247,NONE,4.2,6.25,230,30,NORMAL,ABOVE
2025111500,KSLE,2025-11-15T00:00Z,1006,6,9021,7632,8021,29.4,341,261,WEAK,4.0,2.17,275,26,NORMAL,MUCH ABOVE
2025111512,KSLE,2025-11-15T12:00Z,1010,100,10962,10962,9962,31.3,291,245,WEAK,6.0,2.90,245,23,ABOVE,MUCH ABOVE
2025111600,KSLE,2025-11-16T00:00Z,1004,6,11356,9243,10356,26.5,107,215,NONE,10.0,4.91,235,18,MUCH ABOVE,MUCH ABOVE
2025111612,KSLE,2025-11-16T12:00Z,996,7,11096,7660,10096,19.6,95,206,NONE,10.8,4.76,220,23,ABOVE,ABOVE
2025111700,KSLE,2025-11-17T00:00Z,995,5,8468,8468,7468,26.8,267,218,WEAK,5.4,4.65,230,25,NORMAL,MUCH ABOVE
2025111712,KSLE,2025-11-17T12:00Z,998,7,7078,6958,6078,23.7,69,198,NONE,3.8,4.69,180,16,NORMAL,ABOVE
2025111800,KSLE,2025-11-18T00:00Z,1006,6,4680,4097,3680,17.8,59,261,NONE,-0.1,2.97,230,19,NORMAL,NORMAL
2025111812,KSLE,2025-11-18T12:00Z,1012,6,3856,3272,2856,11.6,46,307,NONE,-2.5,0.65,280,9,BELOW,NORMAL
2025111900,KSLE,2025-11-19T00:00Z,1013,7,4288,3619,3288,14.4,75,336,NONE,-0.1,4.03,310,12,NORMAL,NORMAL
2025111912,KSLE,2025-11-19T12:00Z,1011,6,7684,3985,6684,11.3,54,15,NONE,3.2,3.53,0,13,NORMAL,NORMAL
2025112000,KSLE,2025-11-20T00:00Z,1004,7,7992,4361,6992,15.0,153,201,NONE,4.2,3.91,210,13,NORMAL,NORMAL
2025112012,KSLE,2025-11-20T12:00Z,1007,6,4553,4271,3553,13.6,123,213,NONE,-0.5,5.49,250,19,NORMAL,NORMAL
2025112100,KSLE,2025-11-21T00:00Z,1011,6,5219,4946,4219,13.6,75,167,NONE,1.0,4.61,130,7,NORMAL,NORMAL
2025112112,KSLE,2025-11-21T12:00Z,1016,7,8131,4971,7131,9.9,13,293,NONE,5.2,5.71,345,17,NORMAL,BELOW
2025112200,KSLE,2025-11-22T00:00Z,1017,22,10912,5175,9912,13.7,74,337,NONE,6.5,2.98,336,12,MUCH ABOVE,NORMAL
2025112212,KSLE,2025-11-22T12:00Z,1016,6,10943,7496,9943,15.0,63,271,NONE,7.8,4.17,285,19,MUCH ABOVE,NORMAL
2025112300,KSLE,2025-11-23T00:00Z,1014,8,10476,5759,9476,18.4,130,264,NONE,4.8,2.66,270,19,MUCH ABOVE,ABOVE
2025112312,KSLE,2025-11-23T12:00Z,1012,100,8577,8422,7577,24.4,264,252,WEAK,4.8,3.76,260,31,ABOVE,MUCH ABOVE
2025112400,KSLE,2025-11-24T00:00Z,1012,15,7628,7628,6628,23.2,285,235,WEAK,4.4,5.46,235,24,NORMAL,MUCH ABOVE
2025112412,KSLE,2025-11-24T12:00Z,1018,11,3905,3740,2905,12.8,96,281,NONE,-1.7,6.60,280,23,NORMAL,NORMAL
2025112500,KSLE,2025-11-25T00:00Z,1021,7,4100,3462,3100,14.4,97,276,NONE,-2.1,5.53,295,25,NORMAL,NORMAL
2025112512,KSLE,2025-11-25T12:00Z,1019,7,8180,3062,7180,15.3,142,283,NONE,2.2,5.07,275,18,NORMAL,NORMAL
2025112600,KSLE,2025-11-26T00:00Z,1016,7,7506,7506,6506,22.8,329,247,WEAK,4.2,4.94,245,37,NORMAL,MUCH ABOVE
2025112612,KSLE,2025-11-26T12:00Z,1016,10,9689,9687,8689,27.2,377,254,WEAK,5.6,4.13,265,34,ABOVE,MUCH ABOVE
2025112700,KSLE,2025-11-27T00:00Z,1015,6,9429,7716,8429,24.8,247,235,NONE,6.6,5.27,230,27,ABOVE,MUCH ABOVE
2025112712,KSLE,2025-11-27T12:00Z,1013,6,9453,6214,8453,25.6,329,221,WEAK,2.6,2.23,215,31,ABOVE,MUCH ABOVE
2025112800,KSLE,2025-11-28T00:00Z,1006,6,6365,6365,5365,19.7,395,222,WEAK,2.6,3.41,245,55,NORMAL,ABOVE
2025112812,KSLE,2025-11-28T12:00Z,1010,100,6592,6592,5592,18.2,206,243,NONE,2.8,3.42,300,31,NORMAL,ABOVE
2025112900,KSLE,2025-11-29T00:00Z,1015,4,9823,6235,8823,15.9,44,135,NONE,3.0,1.79,70,11,ABOVE,NORMAL
2025112912,KSLE,2025-11-29T12:00Z,1013,7,10063,6244,9063,10.0,20,161,NONE,6.0,3.88,195,17,MUCH ABOVE,BELOW
2025113000,KSLE,2025-11-30T00:00Z,1012,5,7169,5819,6169,14.6,133,305,NONE,3.4,3.93,310,29,NORMAL,NORMAL
2025113012,KSLE,2025-11-30T12:00Z,1015,7,4907,4907,3907,14.4,68,350,NONE,0.0,3.71,355,24,NORMAL,NORMAL
2025120100,KSLE,2025-12-01T00:00Z,1017,6,8007,4221,7007,13.5,158,5,NONE,1.8,1.22,5,21,ABOVE,NORMAL
2025120112,KSLE,2025-12-01T12:00Z,1018,16,11785,2790,10785,17.0,166,350,NONE,5.8,2.15,0,20,MUCH ABOVE,NORMAL
2025120200,KSLE,2025-12-02T00:00Z,1016,7,10197,3869,9197,14.1,128,330,NONE,5.8,3.67,320,25,MUCH ABOVE,NORMAL
2025120212,KSLE,2025-12-02T12:00Z,1016,6,5802,5760,4802,13.0,127,299,NONE,2.2,3.29,310,50,NORMAL,NORMAL
2025120300,KSLE,2025-12-03T00:00Z,1017,6,4706,4670,3706,13.1,87,351,NONE,-0.7,4.04,350,40,NORMAL,NORMAL
2025120312,KSLE,2025-12-03T12:00Z,1019,8,8762,3992,7762,11.4,71,359,NONE,3.0,3.66,350,22,ABOVE,NORMAL
2025120400,KSLE,2025-12-04T00:00Z,1020,8,6764,5980,5764,19.6,251,343,WEAK,3.8,4.58,340,30,NORMAL,ABOVE
2025120412,KSLE,2025-12-04T12:00Z,1020,100,8540,8034,7540,24.6,279,323,WEAK,3.8,3.90,310,29,ABOVE,MUCH ABOVE
2025120500,KSLE,2025-12-05T00:00Z,1017,4,9718,9718,8718,28.6,438,292,WEAK,7.0,5.06,306,36,ABOVE,MUCH ABOVE
2025120512,KSLE,2025-12-05T12:00Z,1015,100,9793,9783,8793,29.2,425,294,WEAK,6.6,4.62,305,35,MUCH ABOVE,MUCH ABOVE
2025120600,KSLE,2025-12-06T00:00Z,1007,100,8553,5520,7553,17.6,333,273,WEAK,7.8,6.56,275,51,ABOVE,ABOVE
2025120700,KSLE,2025-12-07T00:00Z,1014,8,6216,6047,5216,17.9,195,257,NONE,2.2,6.16,280,26,NORMAL,ABOVE
2025120712,KSLE,2025-12-07T12:00Z,1011,8,7369,4977,6369,22.4,394,246,WEAK,2.2,4.57,265,43,NORMAL,MUCH ABOVE
2025120800,KSLE,2025-12-08T00:00Z,1014,11,7093,5684,6093,15.5,194,246,NONE,2.2,3.54,275,41,NORMAL,NORMAL
2025120812,KSLE,2025-12-08T12:00Z,1016,5,8772,6021,7772,21.3,306,252,WEAK,5.0,5.18,245,36,ABOVE,MUCH ABOVE
2025120900,KSLE,2025-12-09T00:00Z,1013,9,9085,9085,8085,32.0,673,257,MODERATE,4.6,3.88,265,56,ABOVE,MUCH ABOVE
2025120912,KSLE,2025-12-09T12:00Z,1012,100,10118,10118,9118,32.3,729,258,MODERATE,5.6,3.56,260,62,MUCH ABOVE,MUCH ABOVE
2025121000,KSLE,2025-12-10T00:00Z,1013,9,9945,9909,8945,33.6,646,268,MODERATE,8.8,5.75,275,45,MUCH ABOVE,MUCH ABOVE
2025121012,KSLE,2025-12-10T12:00Z,1014,10,11560,8041,10560,25.4,428,246,WEAK,7.2,3.42,275,47,MUCH ABOVE,MUCH ABOVE
2025121100,KSLE,2025-12-11T00:00Z,1013,11,10996,7160,9996,22.2,328,247,WEAK,7.2,3.78,265,44,MUCH ABOVE,MUCH ABOVE
2025121112,KSLE,2025-12-11T12:00Z,1015,5,11899,8629,10899,23.1,306,254,WEAK,6.0,2.65,270,38,MUCH ABOVE,MUCH ABOVE
2025121200,KSLE,2025-12-12T00:00Z,1016,100,11428,7867,10428,21.1,112,252,NONE,7.2,3.16,290,17,MUCH ABOVE,MUCH ABOVE
2025121212,KSLE,2025-12-12T12:00Z,1016,10,12236,6822,11236,14.8,58,277,NONE,10.0,4.38,280,27,MUCH ABOVE,NORMAL
2025121300,KSLE,2025-12-13T00:00Z,1013,14,12655,7695,11655,11.4,74,269,NONE,11.8,4.89,285,32,MUCH ABOVE,NORMAL
2025121312,KSLE,2025-12-13T12:00Z,1012,11,12369,7727,11369,11.8,67,248,NONE,12.0,4.62,260,23,MUCH ABOVE,NORMAL
2025121400,KSLE,2025-12-14T00:00Z,1008,16,12205,7516,11205,10.3,83,223,NONE,14.0,5.99,230,31,MUCH ABOVE,BELOW
2025121412,KSLE,2025-12-14T12:00Z,1009,10,11098,6948,10098,12.9,194,226,NONE,9.2,4.79,235,42,MUCH ABOVE,NORMAL
2025121500,KSLE,2025-12-15T00:00Z,1011,8,10115,7873,9115,19.4,288,229,WEAK,8.6,5.44,225,27,MUCH ABOVE,ABOVE
2025121512,KSLE,2025-12-15T12:00Z,1009,100,10378,10378,9378,32.6,839,225,STRONG,10.0,6.04,235,55,MUCH ABOVE,MUCH ABOVE
2025121600,KSLE,2025-12-16T00:00Z,1010,5,10377,7264,9377,17.5,356,244,WEAK,6.6,3.95,240,66,MUCH ABOVE,ABOVE
2025121612,KSLE,2025-12-16T12:00Z,1012,9,6986,6883,5986,24.1,423,246,WEAK,3.8,5.73,265,37,NORMAL,MUCH ABOVE
2025121700,KSLE,2025-12-17T00:00Z,1005,5,8992,6219,7992,22.1,419,229,WEAK,5.2,4.91,240,44,ABOVE,MUCH ABOVE
2025121800,KSLE,2025-12-18T00:00Z,1016,12,3928,3741,2928,13.8,196,256,NONE,-2.3,6.34,265,21,NORMAL,NORMAL
2025121812,KSLE,2025-12-18T12:00Z,1008,100,3648,3558,2648,22.8,483,248,WEAK,-1.3,1.30,250,52,NORMAL,MUCH ABOVE
2025121900,KSLE,2025-12-19T00:00Z,993,18,9216,9215,8216,31.9,912,243,STRONG,7.2,4.75,260,61,ABOVE,MUCH ABOVE
2025121912,KSLE,2025-12-19T12:00Z,999,7,3725,3687,2725,17.0,350,256,WEAK,-1.3,2.47,240,69,NORMAL,ABOVE
2025122000,KSLE,2025-12-20T00:00Z,1006,16,3531,2938,2531,10.4,124,251,NONE,-2.3,7.69,260,32,NORMAL,NORMAL
2025122012,KSLE,2025-12-20T12:00Z,1011,7,3686,3121,2686,12.1,142,237,NONE,-2.7,6.48,265,29,NORMAL,NORMAL
2025122100,KSLE,2025-12-21T00:00Z,1008,7,3916,3464,2916,10.9,114,225,NONE,-1.9,4.33,250,32,NORMAL,NORMAL
2025122112,KSLE,2025-12-21T12:00Z,1001,13,4047,2676,3047,12.2,146,233,NONE,-0.7,4.03,240,33,NORMAL,NORMAL
2025122200,KSLE,2025-12-22T00:00Z,998,11,5672,5672,4672,18.3,260,231,WEAK,1.6,5.77,245,37,NORMAL,ABOVE
2025122212,KSLE,2025-12-22T12:00Z,1004,100,3831,3711,2831,13.4,167,223,NONE,-1.9,6.19,235,40,NORMAL,NORMAL
2025122300,KSLE,2025-12-23T00:00Z,1003,8,4294,3980,3294,14.0,264,216,WEAK,-0.9,6.17,230,43,NORMAL,NORMAL
2025122312,KSLE,2025-12-23T12:00Z,1005,100,3677,3537,2677,13.4,107,214,NONE,-1.3,5.91,210,32,NORMAL,NORMAL
2025122400,KSLE,2025-12-24T00:00Z,999,8,5237,3574,4237,15.5,137,205,NONE,1.2,5.53,215,27,NORMAL,NORMAL
2025122412,KSLE,2025-12-24T12:00Z,985,100,7433,7407,6433,21.6,437,186,WEAK,7.4,6.45,190,66,ABOVE,ABOVE
2025122500,KSLE,2025-12-25T00:00Z,996,6,4199,4199,3199,13.8,85,210,NONE,-0.5,4.30,195,15,NORMAL,NORMAL
2025122512,KSLE,2025-12-25T12:00Z,992,10,5743,5435,4743,17.6,162,173,NONE,1.8,5.24,190,33,NORMAL,ABOVE
2025122600,KSLE,2025-12-26T00:00Z,995,6,4995,4326,3995,11.6,153,201,NONE,1.4,6.86,205,31,NORMAL,NORMAL
2025122612,KSLE,2025-12-26T12:00Z,997,7,4334,4101,3334,14.7,54,234,NONE,-0.3,6.43,215,9,NORMAL,NORMAL
2025122700,KSLE,2025-12-27T00:00Z,1001,6,3535,3449,2535,13.7,133,271,NONE,-1.1,5.90,250,26,NORMAL,NORMAL
2025122712,KSLE,2025-12-27T12:00Z,1012,6,2775,2411,1775,9.0,84,299,NONE,-4.7,2.78,315,33,NORMAL,BELOW
2025122800,KSLE,2025-12-28T00:00Z,1021,10,3033,2404,2033,11.0,93,326,NONE,-4.3,2.50,325,30,NORMAL,NORMAL
2025122812,KSLE,2025-12-28T12:00Z,1027,7,3055,2604,2055,13.1,109,357,NONE,-2.5,2.88,0,21,NORMAL,NORMAL
2025122900,KSLE,2025-12-29T00:00Z,1026,100,8826,3521,7826,10.7,42,2,NONE,4.2,3.27,230,7,ABOVE,NORMAL
2025122912,KSLE,2025-12-29T12:00Z,1025,6,9891,1285,8891,17.5,133,319,NONE,7.2,3.82,320,19,MUCH ABOVE,ABOVE
2025123000,KSLE,2025-12-30T00:00Z,1023,7,12624,10268,11624,16.6,70,319,NONE,8.0,2.39,285,6,MUCH ABOVE,NORMAL
2025123012,KSLE,2025-12-30T12:00Z,1019,8,13070,200,12070,13.5,28,273,NONE,13.2,5.35,260,9,MUCH ABOVE,NORMAL
2025123100,KSLE,2025-12-31T00:00Z,1015,6,13336,7772,12336,13.8,71,230,NONE,12.0,4.48,230,15,MUCH ABOVE,NORMAL
2025123112,KSLE,2025-12-31T12:00Z,1015,7,200,200,200,12.0,62,204,NONE,10.8,3.87,225,16,BELOW,NORMAL
2026010100,KSLE,2026-01-01T00:00Z,1008,6,11504,5747,10504,9.9,48,211,NONE,8.8,3.65,195,9,MUCH ABOVE,BELOW
2026010112,KSLE,2026-01-01T12:00Z,1004,13,9613,9598,8613,24.0,197,181,NONE,5.6,3.75,175,19,MUCH ABOVE,MUCH ABOVE
2026010200,KSLE,2026-01-02T00:00Z,1001,8,9171,9083,8171,26.6,343,218,WEAK,5.8,4.26,230,33,ABOVE,MUCH ABOVE
2026010212,KSLE,2026-01-02T12:00Z,1003,100,8138,8105,7138,24.0,338,222,WEAK,5.6,5.30,225,40,ABOVE,MUCH ABOVE
2026010300,KSLE,2026-01-03T00:00Z,1000,100,7912,7422,6912,22.4,151,171,NONE,7.6,6.19,190,32,ABOVE,MUCH ABOVE
2026010312,KSLE,2026-01-03T12:00Z,995,26,5961,5776,4961,19.6,345,201,WEAK,3.8,6.60,204,60,NORMAL,ABOVE
2026010400,KSLE,2026-01-04T00:00Z,988,7,5864,5572,4864,17.5,318,195,WEAK,3.8,7.06,205,50,NORMAL,ABOVE
2026010412,KSLE,2026-01-04T12:00Z,989,8,6113,6113,5113,20.1,420,206,WEAK,2.6,5.49,215,43,NORMAL,ABOVE
2026010500,KSLE,2026-01-05T00:00Z,996,20,4429,4101,3429,15.0,225,219,NONE,0.0,6.48,225,33,NORMAL,NORMAL
2026010600,KSLE,2026-01-06T00:00Z,1009,9,3689,3125,2689,10.2,12,339,NONE,-2.3,4.87,280,9,NORMAL,NORMAL
2026010612,KSLE,2026-01-06T12:00Z,1010,5,3895,3308,2895,11.4,111,254,NONE,-0.7,3.53,250,29,NORMAL,NORMAL
2026010700,KSLE,2026-01-07T00:00Z,1004,6,5732,5317,4732,19.0,413,242,WEAK,1.0,4.73,260,49,NORMAL,ABOVE
2026010712,KSLE,2026-01-07T12:00Z,1007,100,3071,2936,2071,10.8,80,271,NONE,-3.3,5.57,285,41,NORMAL,NORMAL
2026010800,KSLE,2026-01-08T00:00Z,1003,100,2911,2355,1911,10.4,107,275,NONE,-3.7,7.05,285,27,NORMAL,NORMAL
2026010812,KSLE,2026-01-08T12:00Z,1013,4,2523,2182,1523,9.1,111,298,NONE,-5.1,6.96,290,25,NORMAL,BELOW
2026010900,KSLE,2026-01-09T00:00Z,1020,17,3267,3175,2267,12.3,100,298,NONE,-2.1,4.88,335,31,NORMAL,NORMAL
2026010912,KSLE,2026-01-09T12:00Z,1025,6,4154,3834,3154,13.7,74,275,NONE,-2.7,3.53,315,34,NORMAL,NORMAL
2026011000,KSLE,2026-01-10T00:00Z,1024,5,8375,4887,7375,10.4,46,245,NONE,7.2,7.11,275,13,ABOVE,NORMAL
2026011012,KSLE,2026-01-10T12:00Z,1024,8,9219,5484,8219,10.1,114,219,NONE,8.0,6.94,229,31,ABOVE,NORMAL
2026011100,KSLE,2026-01-11T00:00Z,1022,7,9169,4615,8169,10.4,138,233,NONE,7.2,6.70,235,39,ABOVE,NORMAL
2026011112,KSLE,2026-01-11T12:00Z,1023,5,8484,4139,7484,14.6,227,242,NONE,5.0,4.68,240,36,ABOVE,NORMAL
2026011200,KSLE,2026-01-12T00:00Z,1021,4,9508,4035,8508,15.2,198,244,NONE,8.6,5.90,250,32,ABOVE,NORMAL
2026011212,KSLE,2026-01-12T12:00Z,1022,4,10512,5402,9512,17.1,217,255,NONE,9.8,6.04,275,31,MUCH ABOVE,NORMAL
2026011300,KSLE,2026-01-13T00:00Z,1021,6,11667,9277,10667,12.5,118,256,NONE,13.0,7.01,250,24,MUCH ABOVE,NORMAL
2026011312,KSLE,2026-01-13T12:00Z,1022,8,13109,8044,12109,9.6,49,277,NONE,13.8,6.23,265,17,MUCH ABOVE,BELOW
2026011400,KSLE,2026-01-14T00:00Z,1021,5,13488,8506,12488,8.2,37,246,NONE,14.8,5.83,255,16,MUCH ABOVE,BELOW
2026011500,KSLE,2026-01-15T00:00Z,1024,5,12354,7490,11354,5.6,16,318,NONE,14.0,6.98,295,15,MUCH ABOVE,MUCH BELOW
2026011512,KSLE,2026-01-15T12:00Z,1024,100,13313,7324,12313,12.6,101,19,NONE,9.6,1.37,5,27,MUCH ABOVE,NORMAL
2026011600,KSLE,2026-01-16T00:00Z,1018,6,12604,8087,11604,7.5,61,16,NONE,16.8,7.29,0,13,MUCH ABOVE,BELOW
2026011612,KSLE,2026-01-16T12:00Z,1018,6,13205,8908,12205,6.5,38,17,NONE,15.8,6.79,0,11,MUCH ABOVE,MUCH BELOW
2026011700,KSLE,2026-01-17T00:00Z,1017,6,13141,8856,12141,6.6,30,15,NONE,17.0,7.29,355,15,MUCH ABOVE,MUCH BELOW
2026011712,KSLE,2026-01-17T12:00Z,1017,6,13115,8851,12115,7.3,13,34,NONE,15.0,6.20,330,5,MUCH ABOVE,BELOW
2026011800,KSLE,2026-01-18T00:00Z,1016,6,13218,8984,12218,8.1,24,343,NONE,14.2,5.59,330,8,MUCH ABOVE,BELOW
2026011812,KSLE,2026-01-18T12:00Z,1018,100,200,200,200,9.2,16,345,NONE,12.4,4.48,355,9,MUCH BELOW,BELOW
2026011900,KSLE,2026-01-19T00:00Z,1017,6,11843,8000,10843,8.3,35,40,NONE,12.6,5.99,40,12,MUCH ABOVE,BELOW
2026011912,KSLE,2026-01-19T12:00Z,1019,100,200,200,200,7.4,38,31,NONE,14.2,8.38,20,12,MUCH BELOW,BELOW
2026012001,KSLE,2026-01-20T01:00Z,1016,27,11959,7074,10959,5.5,20,32,NONE,13.5,6.62,60,11,MUCH ABOVE,MUCH BELOW
2026012012,KSLE,2026-01-20T12:00Z,1016,6,200,200,200,5.6,5,323,NONE,12.2,5.50,45,5,MUCH BELOW,MUCH BELOW
2026012100,KSLE,2026-01-21T00:00Z,1015,8,11817,6278,10817,6.3,14,0,NONE,12.6,6.01,50,9,MUCH ABOVE,MUCH BELOW
2026012112,KSLE,2026-01-21T12:00Z,1016,7,200,200,200,5.8,11,337,NONE,10.8,5.02,340,5,MUCH BELOW,MUCH BELOW
2026012200,KSLE,2026-01-22T00:00Z,1015,16,10842,1824,9842,6.0,17,346,NONE,9.8,5.42,345,8,MUCH ABOVE,MUCH BELOW
2026012212,KSLE,2026-01-22T12:00Z,1016,7,200,200,200,5.5,26,337,NONE,9.0,5.89,335,19,MUCH BELOW,MUCH BELOW
2026012300,KSLE,2026-01-23T00:00Z,1015,6,7664,979,6664,14.9,164,311,NONE,5.4,5.45,310,27,NORMAL,NORMAL
2026012312,KSLE,2026-01-23T12:00Z,1015,9,1593,572,593,14.2,100,349,NONE,1.4,3.69,335,20,BELOW,NORMAL
2026012400,KSLE,2026-01-24T00:00Z,1016,5,6706,1717,5706,6.9,58,16,NONE,3.2,5.75,35,16,NORMAL,MUCH BELOW
2026012412,KSLE,2026-01-24T12:00Z,1019,100,200,200,200,3.6,28,21,NONE,4.6,6.24,25,20,MUCH BELOW,MUCH BELOW
2026012500,KSLE,2026-01-25T00:00Z,1016,8,8392,1281,7392,4.3,29,357,NONE,6.2,6.73,5,11,ABOVE,MUCH BELOW
2026012512,KSLE,2026-01-25T12:00Z,1016,8,200,200,200,5.0,41,326,NONE,5.8,6.35,285,19,MUCH BELOW,MUCH BELOW
2026012600,KSLE,2026-01-26T00:00Z,1015,6,7612,968,6612,6.2,32,281,NONE,5.8,5.97,270,15,NORMAL,MUCH BELOW
2026012612,KSLE,2026-01-26T12:00Z,1016,9,200,200,200,7.7,67,228,NONE,4.0,6.25,245,24,MUCH BELOW,MUCH BELOW
2026012700,KSLE,2026-01-27T00:00Z,1016,6,6592,4321,5592,10.5,108,247,NONE,4.0,6.27,265,24,NORMAL,NORMAL
2026012712,KSLE,2026-01-27T12:00Z,1015,9,200,200,200,9.7,64,205,NONE,5.8,5.97,185,21,MUCH BELOW,BELOW
2026012800,KSLE,2026-01-28T00:00Z,1012,6,6937,4337,5937,12.5,186,192,NONE,5.4,8.21,200,34,NORMAL,NORMAL
2026012812,KSLE,2026-01-28T12:00Z,1018,6,5129,4978,4129,14.3,185,222,NONE,0.2,6.07,240,35,NORMAL,NORMAL
2026012900,KSLE,2026-01-29T00:00Z,1020,6,6278,5603,5278,19.2,212,236,NONE,1.4,5.65,270,25,NORMAL,ABOVE
2026012912,KSLE,2026-01-29T12:00Z,1018,8,5983,5803,4983,19.6,294,236,WEAK,2.4,4.47,275,33,NORMAL,ABOVE
2026013000,KSLE,2026-01-30T00:00Z,1019,6,8488,5467,7488,22.1,276,236,WEAK,3.4,3.78,240,20,ABOVE,MUCH ABOVE
2026013012,KSLE,2026-01-30T12:00Z,1016,11,9883,4701,8883,13.4,205,225,NONE,7.0,4.77,230,28,MUCH ABOVE,NORMAL
2026013100,KSLE,2026-01-31T00:00Z,1017,7,9440,9433,8440,23.4,358,244,WEAK,6.0,4.89,250,28,ABOVE,MUCH ABOVE
2026013112,KSLE,2026-01-31T12:00Z,1016,11,10043,9102,9043,19.0,204,230,NONE,7.4,5.01,230,20,MUCH ABOVE,ABOVE
2026020100,KSLE,2026-02-01T00:00Z,1012,6,9792,5162,8792,10.3,133,212,NONE,8.2,5.90,210,41,ABOVE,NORMAL
2026020112,KSLE,2026-02-01T12:00Z,1009,10,7304,6476,6304,17.9,283,207,WEAK,5.2,6.88,210,46,NORMAL,ABOVE
2026020200,KSLE,2026-02-02T00:00Z,1015,5,5819,5695,4819,16.2,164,234,NONE,1.8,5.66,250,31,NORMAL,NORMAL
2026020212,KSLE,2026-02-02T12:00Z,1017,100,7975,4500,6975,18.6,180,246,NONE,2.6,3.53,270,31,NORMAL,ABOVE
2026020300,KSLE,2026-02-03T00:00Z,1019,93,7789,7789,6789,21.8,144,260,NONE,4.9,4.05,260,18,NORMAL,MUCH ABOVE
2026020312,KSLE,2026-02-03T12:00Z,1019,7,11160,6932,10160,13.4,34,214,NONE,9.2,4.92,235,25,MUCH ABOVE,NORMAL
2026020400,KSLE,2026-02-04T00:00Z,1021,62,11453,8019,10453,17.9,136,246,NONE,10.6,5.78,220,18,MUCH ABOVE,ABOVE
2026020412,KSLE,2026-02-04T12:00Z,1019,9,12125,8626,11125,14.2,94,211,NONE,14.2,6.73,205,17,MUCH ABOVE,NORMAL
2026020500,KSLE,2026-02-05T00:00Z,1017,6,12511,7493,11511,6.9,10,186,NONE,15.6,6.59,215,20,MUCH ABOVE,MUCH BELOW
2026020512,KSLE,2026-02-05T12:00Z,1013,6,12813,8232,11813,6.7,17,73,NONE,16.0,6.66,125,7,MUCH ABOVE,MUCH BELOW
2026020600,KSLE,2026-02-06T00:00Z,1011,100,11840,7354,10840,10.8,87,193,NONE,11.6,5.65,190,24,MUCH ABOVE,NORMAL
2026020612,KSLE,2026-02-06T12:00Z,1012,5,9844,6993,8844,12.3,73,202,NONE,10.8,7.26,195,26,ABOVE,NORMAL
2026020700,KSLE,2026-02-07T00:00Z,1011,5,8743,7291,7743,15.2,161,207,NONE,9.8,7.94,210,32,ABOVE,NORMAL
2026020712,KSLE,2026-02-07T12:00Z,1013,6,8013,6367,7013,18.3,263,217,WEAK,5.4,4.67,235,26,NORMAL,ABOVE
2026020800,KSLE,2026-02-08T00:00Z,1014,7,7567,7567,6567,24.7,496,231,WEAK,4.0,5.07,255,37,NORMAL,MUCH ABOVE
2026020812,KSLE,2026-02-08T12:00Z,1014,30,6048,6048,5048,22.6,279,230,WEAK,2.6,5.37,275,23,NORMAL,MUCH ABOVE
2026020900,KSLE,2026-02-09T00:00Z,1014,7,4544,4529,3544,18.6,200,246,NONE,-0.7,4.69,220,23,NORMAL,ABOVE
2026020912,KSLE,2026-02-09T12:00Z,1019,11,3953,3936,2953,13.9,127,267,NONE,-2.3,6.20,275,29,NORMAL,NORMAL
2026021000,KSLE,2026-02-10T00:00Z,1019,6,4399,4338,3399,14.9,90,243,NONE,-1.3,6.04,245,16,NORMAL,NORMAL
2026021012,KSLE,2026-02-10T12:00Z,1012,13,6462,3895,5462,8.5,15,24,NONE,2.2,6.29,210,10,NORMAL,BELOW
2026021100,KSLE,2026-02-11T00:00Z,1005,7,7365,3998,6365,9.6,9,42,NONE,3.4,5.86,125,7,NORMAL,BELOW
2026021112,KSLE,2026-02-11T12:00Z,1007,5,8067,4779,7067,9.3,29,33,NONE,5.0,6.10,30,11,ABOVE,BELOW
2026021200,KSLE,2026-02-12T00:00Z,1010,6,8184,5535,7184,9.0,19,37,NONE,5.4,6.47,105,2,ABOVE,BELOW
2026021212,KSLE,2026-02-12T12:00Z,1016,200,7621,5434,6621,9.9,24,275,NONE,3.2,5.35,270,11,NORMAL,NORMAL
2026021300,KSLE,2026-02-13T00:00Z,1018,6,6131,3986,5131,9.8,18,287,NONE,2.4,3.56,290,8,NORMAL,NORMAL
2026021312,KSLE,2026-02-13T12:00Z,1016,5,3833,3810,2833,12.4,112,232,NONE,1.4,4.34,250,23,NORMAL,NORMAL
2026021400,KSLE,2026-02-14T00:00Z,1010,5,4816,4631,3816,17.4,228,230,NONE,0.0,4.90,245,33,NORMAL,ABOVE
2026021412,KSLE,2026-02-14T12:00Z,1011,9,4048,3545,3048,13.2,124,237,NONE,-1.3,6.32,225,43,NORMAL,NORMAL
2026021500,KSLE,2026-02-15T00:00Z,1008,7,3443,3144,2443,16.7,55,195,NONE,-1.5,4.31,215,27,NORMAL,ABOVE
2026021512,KSLE,2026-02-15T12:00Z,1007,8,5367,5294,4367,17.8,113,230,NONE,1.2,6.18,225,27,NORMAL,ABOVE
2026021600,KSLE,2026-02-16T00:00Z,1005,6,6165,5210,5165,14.7,82,246,NONE,2.8,7.20,215,17,NORMAL,NORMAL
2026021700,KSLE,2026-02-17T00:00Z,991,100,2449,2288,1449,12.1,95,250,NONE,-3.5,6.36,250,19,BELOW,NORMAL
2026021712,KSLE,2026-02-17T12:00Z,987,5,1368,1347,368,9.7,103,217,NONE,-5.0,7.22,226,26,MUCH BELOW,NORMAL
2026021800,KSLE,2026-02-18T00:00Z,991,6,2267,1809,1267,8.8,55,216,NONE,-4.9,7.21,230,11,BELOW,BELOW
2026021812,KSLE,2026-02-18T12:00Z,998,6,1691,1238,691,9.5,45,254,NONE,-6.1,7.10,280,9,MUCH BELOW,BELOW
2026021900,KSLE,2026-02-19T00:00Z,1001,7,2454,2040,1454,10.2,83,228,NONE,-5.1,7.36,250,21,BELOW,NORMAL
2026021912,KSLE,2026-02-19T12:00Z,999,6,1407,1398,407,10.5,61,205,NONE,-4.7,6.94,225,7,MUCH BELOW,NORMAL
2026022000,KSLE,2026-02-20T00:00Z,1004,8,1963,1779,963,9.1,45,313,NONE,-4.5,6.80,310,15,BELOW,BELOW
2026022012,KSLE,2026-02-20T12:00Z,1007,25,1216,1210,216,8.5,27,247,NONE,-5.1,2.79,330,18,MUCH BELOW,BELOW
2026022100,KSLE,2026-02-21T00:00Z,1007,9,2863,2571,1863,10.0,84,206,NONE,-4.3,3.44,230,18,BELOW,NORMAL
2026022112,KSLE,2026-02-21T12:00Z,1005,8,3536,3191,2536,15.2,216,210,NONE,-2.1,3.91,225,29,NORMAL,NORMAL
2026022200,KSLE,2026-02-22T00:00Z,1004,9,5855,4465,4855,16.2,178,184,NONE,2.4,6.03,200,28,NORMAL,ABOVE
2026022212,KSLE,2026-02-22T12:00Z,1003,6,5746,4589,4746,15.5,351,203,WEAK,3.0,5.50,215,60,NORMAL,ABOVE
2026022300,KSLE,2026-02-23T00:00Z,1010,9,4970,4944,3970,17.8,345,210,WEAK,0.2,4.89,220,60,NORMAL,ABOVE
2026022312,KSLE,2026-02-23T12:00Z,1012,7,5263,5192,4263,20.5,453,228,WEAK,0.8,4.48,215,56,NORMAL,MUCH ABOVE
2026022400,KSLE,2026-02-24T00:00Z,1012,9,6490,6387,5490,20.9,353,236,WEAK,2.2,4.58,230,53,NORMAL,MUCH ABOVE
2026022412,KSLE,2026-02-24T12:00Z,1006,41,6397,6364,5397,23.4,305,236,WEAK,3.6,5.22,260,33,NORMAL,MUCH ABOVE
2026022500,KSLE,2026-02-25T00:00Z,1005,8,7084,7084,6084,18.9,211,243,NONE,3.8,5.72,240,44,ABOVE,ABOVE
2026022512,KSLE,2026-02-25T12:00Z,1011,6,3802,2920,2802,8.3,25,325,NONE,-0.3,4.70,265,29,NORMAL,BELOW
2026022600,KSLE,2026-02-26T00:00Z,1017,7,3736,3453,2736,7.3,26,342,NONE,-0.9,5.38,305,12,NORMAL,BELOW
2026022612,KSLE,2026-02-26T12:00Z,1020,6,5795,200,4795,6.8,40,277,NONE,0.6,3.18,270,12,NORMAL,BELOW
2026022700,KSLE,2026-02-27T00:00Z,1019,8,7393,1978,6393,5.8,53,265,NONE,4.0,5.09,255,14,ABOVE,MUCH BELOW
2026022712,KSLE,2026-02-27T12:00Z,1021,6,200,200,200,7.0,44,298,NONE,2.6,3.03,280,26,MUCH BELOW,BELOW
2026022800,KSLE,2026-02-28T00:00Z,1018,100,10015,3049,9015,7.1,48,303,NONE,5.6,3.89,290,24,MUCH ABOVE,MUCH BELOW
2026022812,KSLE,2026-02-28T12:00Z,1013,7,10121,6159,9121,8.4,33,335,NONE,10.2,6.51,315,12,MUCH ABOVE,BELOW
2026030100,KSLE,2026-03-01T00:00Z,1009,8,9763,5918,8763,11.4,23,144,NONE,9.0,6.02,155,3,MUCH ABOVE,NORMAL
2026030112,KSLE,2026-03-01T12:00Z,1008,5,8351,7872,7351,20.4,85,104,NONE,6.8,5.54,100,16,ABOVE,MUCH ABOVE
2026030200,KSLE,2026-03-02T00:00Z,1009,6,7702,7441,6702,22.2,59,166,NONE,5.4,5.96,95,11,ABOVE,MUCH ABOVE
2026030212,KSLE,2026-03-02T12:00Z,1010,6,7015,6901,6015,20.8,21,354,NONE,3.6,4.96,50,9,NORMAL,MUCH ABOVE
2026030300,KSLE,2026-03-03T00:00Z,1012,10,7747,6602,6747,16.9,35,194,NONE,4.0,4.17,150,7,ABOVE,ABOVE
2026030312,KSLE,2026-03-03T12:00Z,1012,100,6555,6485,5555,18.6,177,220,NONE,4.3,4.26,220,27,NORMAL,ABOVE
2026030400,KSLE,2026-03-04T00:00Z,1011,100,6487,6487,5487,21.7,239,235,NONE,2.8,4.45,235,24,NORMAL,MUCH ABOVE
2026030500,KSLE,2026-03-05T00:00Z,1011,100,4240,4240,3240,14.6,139,278,NONE,-1.1,6.85,290,24,NORMAL,NORMAL
2026030512,KSLE,2026-03-05T12:00Z,1019,6,3778,3550,2778,11.9,133,302,NONE,-2.7,4.06,320,29,NORMAL,NORMAL
2026030600,KSLE,2026-03-06T00:00Z,1022,6,4112,3803,3112,13.1,78,315,NONE,-2.3,3.40,340,33,NORMAL,NORMAL
2026030612,KSLE,2026-03-06T12:00Z,1022,100,4362,4284,3362,19.7,176,316,NONE,-0.5,3.51,325,30,NORMAL,MUCH ABOVE
2026030700,KSLE,2026-03-07T00:00Z,1023,6,7045,7045,6045,25.5,197,311,NONE,2.6,3.28,305,18,NORMAL,MUCH ABOVE
2026030712,KSLE,2026-03-07T12:00Z,1022,17,10757,8672,9757,25.6,276,332,WEAK,7.0,4.06,340,27,MUCH ABOVE,MUCH ABOVE
2026030800,KSLE,2026-03-08T00:00Z,1019,7,12198,5470,11198,15.8,117,280,NONE,8.4,3.40,300,37,MUCH ABOVE,NORMAL
2026030812,KSLE,2026-03-08T12:00Z,1017,6,10056,5951,9056,17.1,157,277,NONE,3.8,2.49,275,34,MUCH ABOVE,ABOVE
2026030900,KSLE,2026-03-09T00:00Z,1010,8,6946,6875,5946,16.8,170,255,NONE,2.6,3.03,275,38,NORMAL,ABOVE
2026030912,KSLE,2026-03-09T12:00Z,1013,7,2697,2450,1697,9.5,113,274,NONE,-3.9,3.86,275,37,BELOW,BELOW
2026031000,KSLE,2026-03-10T00:00Z,1012,6,3251,2504,2251,9.1,75,271,NONE,-4.3,6.27,270,28,BELOW,BELOW
2026031012,KSLE,2026-03-10T12:00Z,1014,6,2457,1973,1457,10.0,120,273,NONE,-5.9,6.84,270,27,BELOW,NORMAL
2026031100,KSLE,2026-03-11T00:00Z,1018,6,2945,2945,1945,14.4,217,266,NONE,-4.1,6.24,245,37,BELOW,NORMAL
2026031112,KSLE,2026-03-11T12:00Z,1019,7,4427,4427,3427,18.8,314,249,WEAK,-0.7,4.58,270,47,NORMAL,ABOVE
2026031200,KSLE,2026-03-12T00:00Z,1018,5,5838,5714,4838,22.4,544,248,MODERATE,1.4,5.53,255,68,NORMAL,MUCH ABOVE
2026031212,KSLE,2026-03-12T12:00Z,1018,100,6330,6254,5330,24.7,563,258,MODERATE,2.6,4.07,265,55,NORMAL,MUCH ABOVE
2026031300,KSLE,2026-03-13T00:00Z,1017,83,7096,7096,6096,25.9,525,260,MODERATE,3.3,5.09,273,50,NORMAL,MUCH ABOVE
2026031312,KSLE,2026-03-13T12:00Z,1014,6,7144,7139,6144,21.7,418,252,WEAK,2.8,2.89,270,52,NORMAL,MUCH ABOVE
2026031400,KSLE,2026-03-14T00:00Z,1009,5,7386,7273,6386,24.8,455,250,WEAK,3.6,3.40,265,47,NORMAL,MUCH ABOVE
2026031412,KSLE,2026-03-14T12:00Z,1010,6,5791,5771,4791,19.1,309,278,WEAK,1.4,4.21,270,45,NORMAL,ABOVE
2026031512,KSLE,2026-03-15T12:00Z,1022,6,7421,1961,6421,12.1,247,309,NONE,1.4,3.81,285,35,NORMAL,NORMAL
2026031600,KSLE,2026-03-16T00:00Z,1019,5,9685,9664,8685,25.4,428,285,WEAK,5.8,4.38,275,40,ABOVE,MUCH ABOVE
2026031612,KSLE,2026-03-16T12:00Z,1017,6,11863,6146,10863,24.8,308,279,WEAK,8.0,3.39,285,32,MUCH ABOVE,MUCH ABOVE
2026031700,KSLE,2026-03-17T00:00Z,1012,5,12207,7385,11207,11.4,107,245,NONE,12.4,5.23,270,36,MUCH ABOVE,NORMAL
2026031712,KSLE,2026-03-17T12:00Z,1011,169,11883,7091,10883,9.8,193,255,NONE,13.0,6.38,265,40,MUCH ABOVE,BELOW
2026031800,KSLE,2026-03-18T00:00Z,1009,100,11470,10795,10470,18.3,271,241,WEAK,10.6,5.25,245,36,MUCH ABOVE,ABOVE
2026031812,KSLE,2026-03-18T12:00Z,1010,5,12494,6563,11494,11.1,168,237,NONE,10.2,3.75,250,47,MUCH ABOVE,NORMAL
2026031900,KSLE,2026-03-19T00:00Z,1011,5,11394,8465,10394,12.6,232,240,NONE,13.4,6.74,240,40,MUCH ABOVE,NORMAL
2026031912,KSLE,2026-03-19T12:00Z,1012,6,11290,8041,10290,15.1,288,240,WEAK,11.8,6.02,245,43,MUCH ABOVE,NORMAL
2026032000,KSLE,2026-03-20T00:00Z,1013,6,11126,11121,10126,28.3,474,244,WEAK,10.0,5.15,245,45,MUCH ABOVE,MUCH ABOVE
2026032012,KSLE,2026-03-20T12:00Z,1013,6,11662,9996,10662,20.6,395,239,WEAK,10.8,6.02,260,44,MUCH ABOVE,MUCH ABOVE
2026032100,KSLE,2026-03-21T00:00Z,1013,5,10656,9774,9656,28.0,402,241,WEAK,5.8,3.42,250,52,MUCH ABOVE,MUCH ABOVE
2026032112,KSLE,2026-03-21T12:00Z,1013,100,5936,4591,4936,20.2,310,244,WEAK,2.2,4.88,255,45,NORMAL,MUCH ABOVE
2026032200,KSLE,2026-03-22T00:00Z,1018,8,4555,4298,3555,8.7,33,267,NONE,-0.5,3.90,280,26,NORMAL,BELOW
2026032212,KSLE,2026-03-22T12:00Z,1021,100,4062,2599,3062,7.0,34,343,NONE,0.6,2.52,300,18,NORMAL,MUCH BELOW
2026032300,KSLE,2026-03-23T00:00Z,1014,100,9367,3248,8367,6.8,41,288,NONE,6.8,5.29,230,9,MUCH ABOVE,MUCH BELOW
2026032312,KSLE,2026-03-23T12:00Z,1012,5,9373,5014,8373,11.6,88,271,NONE,6.0,4.52,245,18,MUCH ABOVE,NORMAL
2026032400,KSLE,2026-03-24T00:00Z,1010,100,8868,3689,7868,13.6,199,256,NONE,6.0,5.17,235,26,ABOVE,NORMAL
2026032412,KSLE,2026-03-24T12:00Z,1006,13,9696,9458,8696,26.7,539,232,MODERATE,7.0,4.87,240,42,MUCH ABOVE,MUCH ABOVE
2026032500,KSLE,2026-03-25T00:00Z,1007,100,8655,8655,7655,27.4,680,237,MODERATE,3.6,2.88,240,68,ABOVE,MUCH ABOVE
2026032512,KSLE,2026-03-25T12:00Z,1012,100,5108,4194,4108,11.5,92,243,NONE,0.6,4.88,235,45,NORMAL,NORMAL
2026032600,KSLE,2026-03-26T00:00Z,1017,5,3791,3438,2791,12.8,136,249,NONE,-2.9,5.93,225,32,NORMAL,NORMAL
2026032612,KSLE,2026-03-26T12:00Z,1025,6,2892,2336,1892,7.9,34,295,NONE,-4.9,4.25,270,19,BELOW,MUCH BELOW
2026032700,KSLE,2026-03-27T00:00Z,1024,100,6500,3802,5500,7.3,40,313,NONE,2.6,5.37,210,5,NORMAL,MUCH BELOW
2026032712,KSLE,2026-03-27T12:00Z,1018,7,10141,4957,9141,5.8,20,284,NONE,7.6,5.02,235,22,MUCH ABOVE,MUCH BELOW
2026032800,KSLE,2026-03-28T00:00Z,1011,6,10683,4671,9683,6.8,61,254,NONE,9.4,5.16,225,25,MUCH ABOVE,MUCH BELOW
2026032812,KSLE,2026-03-28T12:00Z,1012,7,9285,4930,8285,13.1,143,247,NONE,4.6,3.89,250,29,ABOVE,NORMAL
2026032900,KSLE,2026-03-29T00:00Z,1012,6,5669,5449,4669,15.8,153,252,NONE,1.8,2.77,245,35,NORMAL,NORMAL
2026032912,KSLE,2026-03-29T12:00Z,1012,6,5960,4066,4960,17.0,236,246,NONE,0.8,3.30,250,46,NORMAL,ABOVE
2026033000,KSLE,2026-03-30T00:00Z,1012,11,4507,4507,3507,19.6,250,249,WEAK,-0.7,3.53,245,36,NORMAL,MUCH ABOVE
2026033012,KSLE,2026-03-30T12:00Z,1014,6,2186,1679,1186,10.2,100,273,NONE,-3.1,2.36,260,31,MUCH BELOW,NORMAL
2026033100,KSLE,2026-03-31T00:00Z,1008,100,6409,4647,5409,7.7,18,19,NONE,2.2,5.12,260,7,NORMAL,MUCH BELOW
2026033112,KSLE,2026-03-31T12:00Z,1004,6,5816,5609,4816,17.9,110,229,NONE,3.2,5.37,235,14,NORMAL,ABOVE
2026040100,KSLE,2026-04-01T00:00Z,1001,5,5128,4624,4128,17.2,151,231,NONE,1.2,4.87,238,26,NORMAL,ABOVE
2026040112,KSLE,2026-04-01T12:00Z,998,7,4233,4035,3233,16.6,227,220,NONE,-0.5,4.57,235,28,NORMAL,ABOVE
2026040200,KSLE,2026-04-02T00:00Z,992,6,4613,4154,3613,14.2,193,235,NONE,0.6,7.53,230,40,NORMAL,NORMAL
2026040212,KSLE,2026-04-02T12:00Z,1002,100,2548,2511,1548,12.4,104,275,NONE,-2.9,6.76,305,24,MUCH BELOW,NORMAL
2026040300,KSLE,2026-04-03T00:00Z,1015,6,4340,3946,3340,11.4,79,285,NONE,-1.9,5.54,310,17,NORMAL,NORMAL
2026040312,KSLE,2026-04-03T12:00Z,1021,6,4451,3688,3451,13.3,60,287,NONE,0.2,2.52,310,17,NORMAL,NORMAL
2026040400,KSLE,2026-04-04T00:00Z,1020,6,8669,3901,7669,13.8,72,288,NONE,5.6,5.69,280,14,ABOVE,NORMAL
2026040412,KSLE,2026-04-04T12:00Z,1019,5,10129,7565,9129,13.1,43,337,NONE,8.8,5.90,290,10,MUCH ABOVE,NORMAL
2026040500,KSLE,2026-04-05T00:00Z,1014,100,10870,7102,9870,11.8,13,346,NONE,12.4,7.04,200,7,MUCH ABOVE,NORMAL
2026040512,KSLE,2026-04-05T12:00Z,1011,100,10765,8555,9765,13.5,31,182,NONE,14.2,8.24,195,10,MUCH ABOVE,NORMAL
2026040600,KSLE,2026-04-06T00:00Z,1008,100,10635,8039,9635,14.2,47,217,NONE,13.8,8.01,220,9,MUCH ABOVE,NORMAL
2026040612,KSLE,2026-04-06T12:00Z,1009,6,10032,8074,9032,15.9,69,214,NONE,11.8,7.61,210,10,ABOVE,NORMAL
2026040700,KSLE,2026-04-07T00:00Z,1008,5,10352,7083,9352,14.4,74,254,NONE,10.8,6.57,220,12,MUCH ABOVE,NORMAL
2026040712,KSLE,2026-04-07T12:00Z,1012,6,9803,5814,8803,13.0,79,279,NONE,7.8,4.95,280,24,ABOVE,NORMAL
2026040800,KSLE,2026-04-08T00:00Z,1011,7,10112,4556,9112,13.7,80,272,NONE,7.4,4.70,290,22,MUCH ABOVE,NORMAL
2026040812,KSLE,2026-04-08T12:00Z,1011,7,9898,3740,8898,12.2,67,270,NONE,7.6,5.01,280,20,ABOVE,NORMAL
2026040900,KSLE,2026-04-09T00:00Z,1008,100,9514,4962,8514,13.5,54,265,NONE,7.8,5.90,270,15,ABOVE,NORMAL
2026040912,KSLE,2026-04-09T12:00Z,1008,6,9208,5853,8208,15.8,25,247,NONE,8.8,6.40,225,8,ABOVE,NORMAL
2026041000,KSLE,2026-04-10T00:00Z,1004,7,9491,8728,8491,18.6,47,157,NONE,11.4,7.89,175,12,ABOVE,ABOVE
2026041012,KSLE,2026-04-10T12:00Z,1003,55,8712,8173,7712,24.0,99,153,NONE,8.0,6.68,175,15,ABOVE,MUCH ABOVE
2026041100,KSLE,2026-04-11T00:00Z,997,5,8537,7514,7537,20.3,109,192,NONE,9.0,7.57,180,19,ABOVE,MUCH ABOVE
2026041200,KSLE,2026-04-12T00:00Z,998,6,7227,7227,6227,22.1,27,309,NONE,4.6,5.98,210,8,NORMAL,MUCH ABOVE
2026041212,KSLE,2026-04-12T12:00Z,996,7,6891,6220,5891,18.6,50,105,NONE,4.4,6.63,130,14,NORMAL,ABOVE
2026041300,KSLE,2026-04-13T00:00Z,1002,100,6192,6192,5192,21.2,76,265,NONE,2.4,5.76,340,10,NORMAL,MUCH ABOVE
2026041312,KSLE,2026-04-13T12:00Z,1010,6,4645,4645,3645,17.7,108,270,NONE,-0.3,4.44,260,20,NORMAL,ABOVE
2026041400,KSLE,2026-04-14T00:00Z,1013,9,4390,4069,3390,12.2,60,287,NONE,-1.3,1.31,310,19,NORMAL,NORMAL
2026041412,KSLE,2026-04-14T12:00Z,1014,13,3700,3099,2700,14.2,105,265,NONE,-3.1,0.13,290,25,BELOW,NORMAL
2026041500,KSLE,2026-04-15T00:00Z,1010,5,4276,4242,3276,20.5,357,244,WEAK,-0.5,4.31,260,44,NORMAL,MUCH ABOVE
2026041512,KSLE,2026-04-15T12:00Z,1002,100,5294,5294,4294,20.6,485,234,WEAK,1.2,4.86,250,59,NORMAL,MUCH ABOVE
2026041600,KSLE,2026-04-16T00:00Z,1009,7,3337,2575,2337,9.3,99,274,NONE,-3.5,7.60,265,26,BELOW,BELOW
2026041612,KSLE,2026-04-16T12:00Z,1015,6,2598,1928,1598,9.5,94,312,NONE,-4.7,7.91,310,30,MUCH BELOW,BELOW
2026041700,KSLE,2026-04-17T00:00Z,1019,7,4294,3493,3294,8.9,41,316,NONE,-1.9,5.96,335,20,NORMAL,MUCH BELOW
2026041712,KSLE,2026-04-17T12:00Z,1020,6,3673,3171,2673,11.0,40,334,NONE,-3.1,3.14,340,17,BELOW,BELOW
2026041800,KSLE,2026-04-18T00:00Z,1015,6,6831,4377,5831,10.8,16,286,NONE,3.4,3.54,240,5,NORMAL,BELOW
2026041812,KSLE,2026-04-18T12:00Z,1011,5,8503,4354,7503,15.3,78,253,NONE,5.6,5.04,250,17,ABOVE,NORMAL
2026041900,KSLE,2026-04-19T00:00Z,1006,7,9821,6474,8821,13.4,65,195,NONE,9.8,6.52,195,15,ABOVE,NORMAL
2026041912,KSLE,2026-04-19T12:00Z,1002,8,9954,7903,8954,18.6,147,170,NONE,11.0,6.92,175,24,ABOVE,ABOVE
2026042000,KSLE,2026-04-20T00:00Z,1002,6,9515,6515,8515,13.8,76,189,NONE,10.4,7.16,175,22,ABOVE,NORMAL
2026042012,KSLE,2026-04-20T12:00Z,1002,11,9686,7842,8686,16.9,160,162,NONE,12.6,8.24,165,22,ABOVE,NORMAL
2026042100,KSLE,2026-04-21T00:00Z,1002,6,8601,7780,7601,20.9,231,169,NONE,9.6,7.42,165,32,ABOVE,ABOVE
2026042112,KSLE,2026-04-21T12:00Z,1003,100,7167,6956,6167,24.6,180,165,NONE,4.6,5.72,155,17,NORMAL,MUCH ABOVE
2026042200,KSLE,2026-04-22T00:00Z,1004,6,5850,5814,4850,18.4,53,208,NONE,2.2,5.24,255,12,NORMAL,ABOVE
2026042212,KSLE,2026-04-22T12:00Z,1008,7,4873,4757,3873,15.2,108,270,NONE,0.2,5.54,280,20,NORMAL,NORMAL
2026042300,KSLE,2026-04-23T00:00Z,1013,6,5248,5248,4248,15.7,120,257,NONE,0.6,3.96,325,18,NORMAL,NORMAL
2026042312,KSLE,2026-04-23T12:00Z,1017,6,3870,3626,2870,9.7,37,245,NONE,-2.7,-1.03,355,23,BELOW,BELOW
2026042400,KSLE,2026-04-24T00:00Z,1014,7,4859,4859,3859,10.2,17,319,NONE,-0.2,0.64,307,19,NORMAL,BELOW
2026042412,KSLE,2026-04-24T12:00Z,1011,6,8192,4916,7192,11.6,80,18,NONE,3.2,2.94,347,23,NORMAL,NORMAL
2026042416,KSLE,2026-04-24T16:00Z,1011,7,6444,3897,5444,10.0,75,30,NONE,3.7,4.27,7,23,NORMAL,BELOW
2026042500,KSLE,2026-04-25T00:00Z,1006,7,6707,4818,5707,8.0,61,9,NONE,4.6,5.10,20,31,NORMAL,MUCH BELOW
2026042512,KSLE,2026-04-25T12:00Z,1005,6,6290,4202,5290,8.3,46,13,NONE,4.0,6.03,325,17,NORMAL,MUCH BELOW
2026042600,KSLE,2026-04-26T00:00Z,1001,6,6495,4524,5495,7.3,39,12,NONE,5.4,7.57,340,7,NORMAL,MUCH BELOW
2026042612,KSLE,2026-04-26T12:00Z,1001,6,6395,4488,5395,8.9,32,349,NONE,5.2,9.66,320,14,NORMAL,MUCH BELOW
2026042700,KSLE,2026-04-27T00:00Z,1003,6,6449,5262,5449,10.4,36,317,NONE,5.2,9.14,15,9,NORMAL,BELOW
2026042712,KSLE,2026-04-27T12:00Z,1009,5,6600,4345,5600,11.9,30,275,NONE,4.6,8.36,335,10,NORMAL,NORMAL
2026042800,KSLE,2026-04-28T00:00Z,1011,6,7319,4979,6319,15.2,34,299,NONE,1.0,4.97,325,9,NORMAL,NORMAL
2026042812,KSLE,2026-04-28T12:00Z,1015,6,4822,4690,3822,13.3,46,300,NONE,-0.3,2.71,315,15,NORMAL,NORMAL
2026042900,KSLE,2026-04-29T00:00Z,1015,6,5262,4999,4262,13.5,62,296,NONE,0.2,2.26,275,12,NORMAL,NORMAL
2026042912,KSLE,2026-04-29T12:00Z,1017,6,6732,4826,5732,12.8,67,357,NONE,0.4,1.87,335,12,NORMAL,NORMAL
2026043000,KSLE,2026-04-30T00:00Z,1014,7,8643,6785,7643,12.5,23,65,NONE,7.9,5.93,101,6,NORMAL,NORMAL
2026043012,KSLE,2026-04-30T12:00Z,1012,6,10184,6997,9184,12.0,21,32,NONE,10.0,6.33,220,4,ABOVE,NORMAL
2026050100,KSLE,2026-05-01T00:00Z,1008,7,10143,7816,9143,15.1,10,83,NONE,12.4,7.86,240,7,ABOVE,NORMAL
2026050112,KSLE,2026-05-01T12:00Z,1009,6,10095,8737,9095,19.4,79,186,NONE,12.2,7.73,180,16,ABOVE,ABOVE
2026050200,KSLE,2026-05-02T00:00Z,1007,6,10624,9722,9624,22.6,118,193,NONE,8.2,4.27,180,32,ABOVE,MUCH ABOVE
2026050212,KSLE,2026-05-02T12:00Z,1009,6,10628,8130,9628,23.8,57,168,NONE,8.0,4.15,195,22,ABOVE,MUCH ABOVE
2026050300,KSLE,2026-05-03T00:00Z,1005,5,10889,8900,9889,22.0,77,122,NONE,15.6,8.46,135,11,ABOVE,MUCH ABOVE
2026050312,KSLE,2026-05-03T12:00Z,1004,6,11001,9456,10001,21.6,125,83,NONE,15.6,8.32,115,14,ABOVE,MUCH ABOVE
2026050400,KSLE,2026-05-04T00:00Z,1000,6,11553,9597,10553,18.3,33,29,NONE,18.0,9.03,160,3,ABOVE,ABOVE
2026050412,KSLE,2026-05-04T12:00Z,1004,6,10833,9982,9833,18.3,38,353,NONE,15.8,8.70,340,8,ABOVE,ABOVE
2026050500,KSLE,2026-05-05T00:00Z,1004,6,12059,8623,11059,18.8,50,312,NONE,14.4,7.62,325,16,MUCH ABOVE,ABOVE
2026050512,KSLE,2026-05-05T12:00Z,1008,100,11485,9252,10485,19.8,22,21,NONE,9.2,3.75,40,6,ABOVE,ABOVE
2026050600,KSLE,2026-05-06T00:00Z,1008,8,12608,8855,11608,20.3,66,354,NONE,12.0,4.54,351,8,MUCH ABOVE,ABOVE
2026050612,KSLE,2026-05-06T12:00Z,1012,6,13189,8643,12189,20.0,49,298,NONE,12.8,4.11,330,8,MUCH ABOVE,ABOVE
2026050700,KSLE,2026-05-07T00:00Z,1012,6,12200,9186,11200,19.5,99,284,NONE,11.8,5.38,275,20,MUCH ABOVE,ABOVE
2026050712,KSLE,2026-05-07T12:00Z,1013,6,12304,6046,11304,16.6,76,299,NONE,8.0,2.89,295,22,MUCH ABOVE,NORMAL
2026050800,KSLE,2026-05-08T00:00Z,1010,6,12076,4865,11076,13.3,83,277,NONE,9.6,3.51,290,14,MUCH ABOVE,NORMAL
2026050812,KSLE,2026-05-08T12:00Z,1012,100,12249,4592,11249,13.2,123,234,NONE,9.0,4.16,235,23,MUCH ABOVE,NORMAL
2026050900,KSLE,2026-05-09T00:00Z,1014,7,10577,7860,9577,16.3,93,286,NONE,5.4,3.17,280,19,ABOVE,NORMAL
2026050912,KSLE,2026-05-09T12:00Z,1014,6,11734,6028,10734,11.9,37,5,NONE,10.0,4.64,330,14,ABOVE,BELOW
2026051000,KSLE,2026-05-10T00:00Z,1008,14,12415,7295,11415,10.7,36,260,NONE,15.4,6.96,220,17,MUCH ABOVE,BELOW
2026051012,KSLE,2026-05-10T12:00Z,1010,9,12473,6703,11473,19.4,149,243,NONE,9.4,3.38,220,28,MUCH ABOVE,ABOVE
2026051100,KSLE,2026-05-11T00:00Z,1012,6,7512,7352,6512,16.2,70,273,NONE,6.0,2.29,240,30,NORMAL,NORMAL
2026051112,KSLE,2026-05-11T12:00Z,1015,7,12064,6560,11064,13.9,72,20,NONE,7.8,3.54,250,11,ABOVE,NORMAL
2026051200,KSLE,2026-05-12T00:00Z,1008,6,13356,7373,12356,13.1,51,256,NONE,14.2,5.09,235,13,MUCH ABOVE,NORMAL
2026051212,KSLE,2026-05-12T12:00Z,1005,6,12854,10063,11854,17.3,133,201,NONE,18.4,7.24,205,28,MUCH ABOVE,NORMAL
2026051300,KSLE,2026-05-13T00:00Z,1003,100,11695,9310,10695,21.0,207,204,NONE,11.8,4.72,180,39,ABOVE,ABOVE
2026051312,KSLE,2026-05-13T12:00Z,1006,100,6626,6338,5626,20.3,249,219,NONE,2.2,4.32,175,23,NORMAL,ABOVE
2026051400,KSLE,2026-05-14T00:00Z,1015,6,5990,5566,4990,14.6,153,254,NONE,2.6,3.69,265,26,NORMAL,NORMAL
2026051412,KSLE,2026-05-14T12:00Z,1016,7,5785,5785,4785,16.7,155,258,NONE,1.4,1.61,285,33,NORMAL,NORMAL
2026051500,KSLE,2026-05-15T00:00Z,1014,6,7272,5427,6272,19.8,220,260,NONE,2.8,4.70,265,37,NORMAL,ABOVE
2026051512,KSLE,2026-05-15T12:00Z,1016,6,4603,4145,3603,12.1,94,279,NONE,-1.1,2.47,275,28,BELOW,BELOW
2026051600,KSLE,2026-05-16T00:00Z,1015,6,5279,5077,4279,17.7,247,256,NONE,0.8,5.29,245,25,BELOW,NORMAL
2026051612,KSLE,2026-05-16T12:00Z,1015,7,4120,3837,3120,12.5,125,276,NONE,-1.5,5.66,270,25,MUCH BELOW,BELOW
2026051700,KSLE,2026-05-17T00:00Z,1016,7,4760,4354,3760,14.9,179,294,NONE,-0.5,6.31,290,19,BELOW,NORMAL
2026051712,KSLE,2026-05-17T12:00Z,1017,7,3532,3478,2532,12.5,102,3,NONE,-2.7,5.28,15,26,MUCH BELOW,BELOW
2026051800,KSLE,2026-05-18T00:00Z,1018,7,7048,5300,6048,12.5,81,10,NONE,0.8,4.47,50,19,NORMAL,BELOW
2026051812,KSLE,2026-05-18T12:00Z,1017,5,7653,5708,6653,14.2,76,349,NONE,2.8,4.70,290,12,NORMAL,NORMAL
2026051900,KSLE,2026-05-19T00:00Z,1015,7,7100,6398,6100,16.7,101,341,NONE,5.2,5.59,330,19,NORMAL,NORMAL
2026051912,KSLE,2026-05-19T12:00Z,1018,16,8689,5923,7689,17.4,141,348,NONE,5.4,5.05,330,16,NORMAL,NORMAL
2026052000,KSLE,2026-05-20T00:00Z,1015,7,10246,7028,9246,21.8,135,326,NONE,5.6,3.57,335,17,NORMAL,ABOVE
2026052012,KSLE,2026-05-20T12:00Z,1015,6,9019,4788,8019,23.0,161,330,NONE,6.6,5.47,313,21,NORMAL,ABOVE
2026052100,KSLE,2026-05-21T00:00Z,1013,7,12376,4834,11376,17.8,111,359,NONE,7.8,3.41,5,10,ABOVE,NORMAL
2026052112,KSLE,2026-05-21T12:00Z,1012,6,11469,7814,10469,19.1,127,9,NONE,10.6,5.52,20,9,ABOVE,NORMAL
2026052200,KSLE,2026-05-22T00:00Z,1007,8,11986,7823,10986,16.0,74,359,NONE,13.4,6.88,35,8,ABOVE,NORMAL
2026052212,KSLE,2026-05-22T12:00Z,1007,7,11177,8361,10177,16.3,85,351,NONE,11.0,5.39,320,9,ABOVE,NORMAL
2026052300,KSLE,2026-05-23T00:00Z,1003,8,12107,7492,11107,16.3,60,339,NONE,11.8,5.75,225,8,ABOVE,NORMAL
2026052312,KSLE,2026-05-23T12:00Z,1006,7,11589,7080,10589,18.1,82,302,NONE,10.8,4.52,275,16,ABOVE,NORMAL
2026052400,KSLE,2026-05-24T00:00Z,1007,9,11437,6124,10437,14.4,63,353,NONE,12.2,5.51,330,2,ABOVE,BELOW
2026052412,KSLE,2026-05-24T12:00Z,1009,10,11069,5423,10069,15.3,60,294,NONE,9.0,4.52,275,19,NORMAL,NORMAL
2026052500,KSLE,2026-05-25T00:00Z,1004,100,12173,8617,11173,18.8,126,236,NONE,11.8,5.24,225,23,ABOVE,NORMAL
2026052512,KSLE,2026-05-25T12:00Z,1003,6,11094,7801,10094,12.8,192,221,NONE,10.8,5.40,225,35,NORMAL,BELOW
2026052600,KSLE,2026-05-26T00:00Z,1003,100,5981,5968,4981,21.9,404,208,WEAK,2.8,4.84,205,45,BELOW,ABOVE
2026052612,KSLE,2026-05-26T12:00Z,1003,6,5272,5242,4272,17.3,52,217,NONE,1.0,5.52,265,3,BELOW,NORMAL
2026052700,KSLE,2026-05-27T00:00Z,1006,7,6409,5746,5409,17.5,100,9,NONE,3.8,5.88,35,19,BELOW,NORMAL
2026052712,KSLE,2026-05-27T12:00Z,1006,6,12014,8735,11014,23.0,244,37,NONE,7.8,3.54,75,31,ABOVE,ABOVE
2026052800,KSLE,2026-05-28T00:00Z,1001,7,12764,11364,11764,30.1,248,22,NONE,10.8,4.24,35,21,ABOVE,MUCH ABOVE
2026052812,KSLE,2026-05-28T12:00Z,1003,6,12562,10341,11562,26.8,112,77,NONE,14.6,4.96,115,15,ABOVE,MUCH ABOVE
2026052816,KSLE,2026-05-28T16:00Z,1003,5,12618,10150,11618,26.7,53,33,NONE,14.6,5.32,68,6,ABOVE,MUCH ABOVE
2026052900,KSLE,2026-05-29T00:00Z,1000,100,12719,10570,11719,31.3,80,323,NONE,11.6,3.61,45,5,ABOVE,MUCH ABOVE
2026052912,KSLE,2026-05-29T12:00Z,1006,5,9492,5206,8492,24.8,150,307,NONE,4.6,3.24,315,21,NORMAL,ABOVE
2026053000,KSLE,2026-05-30T00:00Z,1012,7,6131,5918,5131,13.7,66,286,NONE,2.0,2.89,265,9,BELOW,BELOW
2026053012,KSLE,2026-05-30T12:00Z,1016,11,5213,3452,4213,12.0,42,314,NONE,0.4,3.17,295,6,MUCH BELOW,MUCH BELOW
2026053100,KSLE,2026-05-31T00:00Z,1018,9,5858,5516,4858,12.5,35,347,NONE,2.2,3.82,295,4,BELOW,MUCH BELOW
2026053112,KSLE,2026-05-31T12:00Z,1020,6,7533,5169,6533,10.5,49,2,NONE,1.8,3.55,255,11,NORMAL,MUCH BELOW
2026060100,KSLE,2026-06-01T00:00Z,1016,7,8439,5877,7439,10.8,64,10,NONE,5.2,3.19,25,6,NORMAL,MUCH BELOW
2026060112,KSLE,2026-06-01T12:00Z,1014,7,11237,7199,10237,11.0,61,35,NONE,10.4,5.43,40,10,NORMAL,MUCH BELOW
2026060200,KSLE,2026-06-02T00:00Z,1009,6,11740,7017,10740,11.6,30,14,NONE,13.6,6.36,230,5,NORMAL,MUCH BELOW
2026060212,KSLE,2026-06-02T12:00Z,1008,6,11965,7787,10965,13.2,14,212,NONE,14.0,6.23,240,8,ABOVE,MUCH BELOW
2026060300,KSLE,2026-06-03T00:00Z,1007,100,13114,7368,12114,13.1,49,254,NONE,15.0,6.46,210,17,ABOVE,MUCH BELOW
2026060312,KSLE,2026-06-03T12:00Z,1010,6,10964,6248,9964,17.5,154,218,NONE,10.4,5.66,215,21,NORMAL,NORMAL
2026060400,KSLE,2026-06-04T00:00Z,1013,100,8201,8075,7201,19.5,119,259,NONE,6.2,4.14,270,16,NORMAL,NORMAL
2026060412,KSLE,2026-06-04T12:00Z,1016,7,10697,4618,9697,12.9,72,288,NONE,5.4,3.19,285,23,NORMAL,MUCH BELOW
2026060500,KSLE,2026-06-05T00:00Z,1012,9,11266,5377,10266,14.3,98,270,NONE,6.4,3.42,230,14,NORMAL,BELOW
2026060512,KSLE,2026-06-05T12:00Z,1011,100,8811,4760,7811,16.1,205,254,NONE,2.4,1.98,250,39,NORMAL,NORMAL
2026060600,KSLE,2026-06-06T00:00Z,1009,100,6371,5947,5371,14.4,131,246,NONE,3.8,3.80,260,27,BELOW,BELOW
2026060612,KSLE,2026-06-06T12:00Z,1007,100,5159,4387,4159,13.9,115,247,NONE,1.0,5.03,245,27,MUCH BELOW,BELOW
2026060700,KSLE,2026-06-07T00:00Z,1008,8,5820,5215,4820,15.0,121,259,NONE,1.6,6.58,250,18,BELOW,BELOW
2026060712,KSLE,2026-06-07T12:00Z,1011,9,5071,4430,4071,13.2,50,313,NONE,0.6,3.70,325,24,MUCH BELOW,MUCH BELOW
2026060800,KSLE,2026-06-08T00:00Z,1008,7,8335,4983,7335,12.1,34,283,NONE,5.6,5.94,210,14,NORMAL,MUCH BELOW
2026060812,KSLE,2026-06-08T12:00Z,1003,6,8331,5870,7331,21.7,171,224,NONE,6.2,6.07,215,20,NORMAL,NORMAL
2026060900,KSLE,2026-06-09T00:00Z,995,8,9367,9326,8367,27.7,528,217,MODERATE,7.2,4.88,230,51,NORMAL,MUCH ABOVE
2026060912,KSLE,2026-06-09T12:00Z,1005,7,6791,6791,5791,19.8,234,252,NONE,4.2,6.12,280,35,NORMAL,NORMAL
2026061000,KSLE,2026-06-10T00:00Z,1013,7,6125,5969,5125,16.2,169,273,NONE,3.0,4.32,285,24,BELOW,NORMAL
2026061012,KSLE,2026-06-10T12:00Z,1015,100,5711,5711,4711,17.2,168,282,NONE,1.4,1.73,295,39,BELOW,NORMAL
2026061100,KSLE,2026-06-11T00:00Z,1016,7,10862,6651,9862,16.6,113,316,NONE,4.0,1.78,325,29,NORMAL,NORMAL
2026061112,KSLE,2026-06-11T12:00Z,1014,7,11799,5441,10799,20.0,136,327,NONE,7.6,2.52,305,20,NORMAL,NORMAL
2026061200,KSLE,2026-06-12T00:00Z,1011,7,13837,10488,12837,15.9,90,316,NONE,12.2,5.61,305,16,MUCH ABOVE,NORMAL
2026061212,KSLE,2026-06-12T12:00Z,1011,7,14189,7024,13189,17.2,115,323,NONE,10.2,2.49,320,30,MUCH ABOVE,NORMAL
2026061300,KSLE,2026-06-13T00:00Z,1011,7,13919,7170,12919,14.6,118,341,NONE,11.6,3.48,340,23,MUCH ABOVE,BELOW
2026061312,KSLE,2026-06-13T12:00Z,1013,7,14119,7472,13119,13.4,98,20,NONE,14.4,4.33,0,22,MUCH ABOVE,MUCH BELOW
2026061400,KSLE,2026-06-14T00:00Z,1009,9,14147,8709,13147,15.8,118,39,NONE,16.4,5.06,25,9,MUCH ABOVE,NORMAL
2026061412,KSLE,2026-06-14T12:00Z,1010,7,15466,8951,14466,13.5,90,45,NONE,17.2,5.05,15,20,MUCH ABOVE,MUCH BELOW
2026061500,KSLE,2026-06-15T00:00Z,1008,100,15859,11637,14859,16.5,115,34,NONE,18.6,5.28,20,18,MUCH ABOVE,NORMAL
2026061512,KSLE,2026-06-15T12:00Z,1010,6,15665,11682,14665,15.9,122,31,NONE,18.0,4.40,15,19,MUCH ABOVE,NORMAL
2026061600,KSLE,2026-06-16T00:00Z,1008,7,16533,10474,15533,24.9,147,322,NONE,20.2,6.34,320,9,MUCH ABOVE,ABOVE
2026061612,KSLE,2026-06-16T12:00Z,1010,7,17478,10805,16478,17.6,165,294,NONE,17.0,4.16,290,24,MUCH ABOVE,NORMAL
2026061700,KSLE,2026-06-17T00:00Z,1009,7,17939,8207,16939,21.2,163,295,NONE,13.0,1.60,290,35,MUCH ABOVE,NORMAL
2026061712,KSLE,2026-06-17T12:00Z,1012,7,16806,12078,15806,16.3,185,329,NONE,13.6,2.84,320,27,MUCH ABOVE,NORMAL
2026061800,KSLE,2026-06-18T00:00Z,1010,100,16862,7922,15862,14.0,94,343,NONE,14.2,4.09,340,17,MUCH ABOVE,BELOW
2026061812,KSLE,2026-06-18T12:00Z,1009,6,16318,9499,15318,14.0,101,336,NONE,16.6,3.30,290,18,MUCH ABOVE,BELOW
2026061900,KSLE,2026-06-19T00:00Z,1005,100,15521,9479,14521,17.6,49,305,NONE,19.4,5.85,120,3,MUCH ABOVE,NORMAL
2026061912,KSLE,2026-06-19T12:00Z,1004,7,14870,8877,13870,22.3,50,256,NONE,17.4,5.03,280,8,MUCH ABOVE,NORMAL
2026062000,KSLE,2026-06-20T00:00Z,1003,7,14325,8287,13325,23.2,109,240,NONE,15.6,5.05,250,9,MUCH ABOVE,ABOVE
2026062012,KSLE,2026-06-20T12:00Z,1009,7,12806,7483,11806,20.6,104,254,NONE,7.4,1.12,295,16,NORMAL,NORMAL
2026062100,KSLE,2026-06-21T00:00Z,1009,7,12737,7119,11737,14.0,41,298,NONE,9.2,2.62,285,10,NORMAL,BELOW
2026062112,KSLE,2026-06-21T12:00Z,1011,13,13323,7588,12323,13.9,39,9,NONE,11.0,3.86,305,14,ABOVE,MUCH BELOW
2026062200,KSLE,2026-06-22T00:00Z,1008,8,13521,8041,12521,11.6,49,335,NONE,14.4,5.97,345,5,ABOVE,MUCH BELOW
2026062212,KSLE,2026-06-22T12:00Z,1008,7,13468,7621,12468,13.0,85,5,NONE,14.8,5.33,0,9,ABOVE,MUCH BELOW
2026062300,KSLE,2026-06-23T00:00Z,1006,8,13573,8304,12573,15.0,27,35,NONE,17.0,6.65,205,5,ABOVE,BELOW
2026062312,KSLE,2026-06-23T12:00Z,1008,7,13097,9905,12097,19.0,22,132,NONE,17.6,6.91,165,4,NORMAL,NORMAL
2026062400,KSLE,2026-06-24T00:00Z,1007,7,13132,9777,12132,19.5,24,244,NONE,17.6,7.03,175,10,NORMAL,NORMAL
2026062412,KSLE,2026-06-24T12:00Z,1009,7,12774,10428,11774,19.8,38,21,NONE,16.2,8.16,135,8,NORMAL,NORMAL
2026062500,KSLE,2026-06-25T00:00Z,1006,6,12171,10009,11171,22.2,87,311,NONE,16.4,7.81,240,9,NORMAL,NORMAL
2026062512,KSLE,2026-06-25T12:00Z,1007,6,12473,8715,11473,15.8,108,250,NONE,14.0,6.85,260,21,NORMAL,BELOW
2026062600,KSLE,2026-06-26T00:00Z,1004,7,11498,5921,10498,22.4,267,244,WEAK,10.6,5.15,235,27,NORMAL,NORMAL
2026062612,KSLE,2026-06-26T12:00Z,1003,7,9509,9145,8509,26.5,271,234,WEAK,7.4,5.25,240,21,BELOW,ABOVE
2026062700,KSLE,2026-06-27T00:00Z,1004,7,9934,7337,8934,19.4,141,257,NONE,6.2,3.95,255,20,NORMAL,NORMAL
2026062712,KSLE,2026-06-27T12:00Z,1006,6,6242,5913,5242,15.2,94,278,NONE,3.6,4.45,285,19,MUCH BELOW,BELOW
2026062800,KSLE,2026-06-28T00:00Z,1010,9,7162,6735,6162,20.0,151,299,NONE,4.2,6.38,315,17,MUCH BELOW,NORMAL
2026062812,KSLE,2026-06-28T12:00Z,1012,7,6826,6826,5826,20.2,139,327,NONE,3.4,4.05,340,19,MUCH BELOW,NORMAL
2026062900,KSLE,2026-06-29T00:00Z,1012,8,7932,7194,6932,20.9,78,309,NONE,5.6,4.16,355,9,BELOW,NORMAL
2026062912,KSLE,2026-06-29T12:00Z,1012,9,12371,5762,11371,17.6,108,337,NONE,2.4,-0.51,350,25,NORMAL,NORMAL
2026063000,KSLE,2026-06-30T00:00Z,1011,8,13212,6816,12212,18.7,69,308,NONE,4.8,-0.38,350,22,NORMAL,NORMAL
2026063012,KSLE,2026-06-30T12:00Z,1012,8,11847,6837,10847,15.4,70,305,NONE,2.4,-0.25,335,23,NORMAL,BELOW
2026070100,KSLE,2026-07-01T00:00Z,1012,8,10829,6136,9829,15.5,54,304,NONE,4.2,1.78,345,16,NORMAL,BELOW
2026070112,KSLE,2026-07-01T12:00Z,1012,7,5619,5619,4619,17.8,96,325,NONE,1.6,-0.00,335,23,MUCH BELOW,NORMAL
2026070200,KSLE,2026-07-02T00:00Z,1011,8,11466,8875,10466,22.2,115,329,NONE,5.4,2.41,335,13,NORMAL,NORMAL
2026070212,KSLE,2026-07-02T12:00Z,1011,6,12059,9814,11059,20.5,100,345,NONE,6.6,1.89,335,11,NORMAL,NORMAL
2026070218,KSLE,2026-07-02T18:00Z,1011,14,12048,9944,11048,22.8,91,304,NONE,8.0,2.88,305,14,NORMAL,NORMAL
2026070312,KSLE,2026-07-03T12:00Z,1011,10,13213,9402,12213,24.7,84,283,NONE,10.6,3.62,255,13,NORMAL,NORMAL
2026070412,KSLE,2026-07-04T12:00Z,1012,11,14422,8075,13422,25.6,145,268,NONE,10.8,2.23,265,15,ABOVE,ABOVE
2026070512,KSLE,2026-07-05T12:00Z,1011,9,14552,8060,13552,14.5,65,337,NONE,14.8,3.83,265,20,ABOVE,MUCH BELOW
2026070612,KSLE,2026-07-06T12:00Z,1007,9,14097,9962,13097,17.4,23,126,NONE,17.8,6.13,180,10,NORMAL,NORMAL
2026070712,KSLE,2026-07-07T12:00Z,1009,10,14172,9844,13172,23.8,92,211,NONE,15.2,4.80,215,24,NORMAL,NORMAL
2026070800,KSLE,2026-07-08T00:00Z,1009,9,14390,10479,13390,21.0,85,230,NONE,14.0,4.56,200,25,NORMAL,NORMAL
2026070812,KSLE,2026-07-08T12:00Z,1014,9,13762,7746,12762,21.5,119,336,NONE,12.2,3.60,260,20,NORMAL,NORMAL
2026070900,KSLE,2026-07-09T00:00Z,1013,10,14757,10179,13757,26.4,140,332,NONE,12.2,3.85,240,8,ABOVE,ABOVE
2026070912,KSLE,2026-07-09T12:00Z,1014,9,14618,10380,13618,16.0,79,320,NONE,13.6,3.84,305,10,ABOVE,BELOW
2026071000,KSLE,2026-07-10T00:00Z,1009,8,14772,10626,13772,14.2,87,255,NONE,15.0,4.94,240,13,ABOVE,MUCH BELOW
2026071012,KSLE,2026-07-10T12:00Z,1008,9,14288,7060,13288,17.0,76,253,NONE,11.8,2.85,245,22,NORMAL,BELOW
2026071100,KSLE,2026-07-11T00:00Z,1004,10,12946,6692,11946,18.8,130,230,NONE,12.6,4.23,215,24,NORMAL,NORMAL
2026071112,KSLE,2026-07-11T12:00Z,1008,8,11798,8322,10798,23.7,210,218,NONE,8.2,3.02,235,36,NORMAL,NORMAL
2026071200,KSLE,2026-07-12T00:00Z,1008,8,12624,8908,11624,21.8,205,226,NONE,9.4,3.51,220,33,NORMAL,NORMAL
2026071212,KSLE,2026-07-12T12:00Z,1013,21,14466,8017,13466,20.3,172,231,NONE,9.8,3.01,235,35,NORMAL,NORMAL
2026071300,KSLE,2026-07-13T00:00Z,1010,10,12270,9776,11270,15.4,110,227,NONE,13.0,4.97,220,26,NORMAL,BELOW
2026071312,KSLE,2026-07-13T12:00Z,1011,8,13914,9241,12914,16.4,44,229,NONE,12.8,4.10,215,26,NORMAL,BELOW
2026071400,KSLE,2026-07-14T00:00Z,1008,9,14388,9401,13388,16.6,156,218,NONE,14.0,4.44,200,24,NORMAL,BELOW
2026071412,KSLE,2026-07-14T12:00Z,1010,8,13846,10727,12846,19.2,130,203,NONE,15.2,3.70,205,36,NORMAL,NORMAL
2026071500,KSLE,2026-07-15T00:00Z,1009,11,14175,8599,13175,14.3,69,214,NONE,16.2,5.79,200,23,NORMAL,MUCH BELOW
2026071512,KSLE,2026-07-15T12:00Z,1011,13,13349,11413,12349,23.0,145,206,NONE,16.2,5.16,200,28,NORMAL,NORMAL
2026071600,KSLE,2026-07-16T00:00Z,1007,10,13427,12000,12427,26.2,131,184,NONE,15.6,4.78,185,20,NORMAL,ABOVE
2026071606,KSLE,2026-07-16T06:00Z,1007,9,13310,11173,12310,30.1,128,163,NONE,15.0,4.92,175,15,NORMAL,MUCH ABOVE
2026071612,KSLE,2026-07-16T12:00Z,1009,8,12508,12071,11508,33.6,222,159,NONE,12.8,4.44,125,18,NORMAL,MUCH ABOVE
2026071700,KSLE,2026-07-17T00:00Z,1010,10,12729,5256,11729,17.0,76,223,NONE,6.0,1.25,195,24,NORMAL,BELOW
2026071712,KSLE,2026-07-17T12:00Z,1009,9,14270,7085,13270,16.9,62,232,NONE,8.6,1.25,210,32,NORMAL,BELOW
2026071800,KSLE,2026-07-18T00:00Z,1009,9,14285,10975,13285,21.8,118,225,NONE,10.0,1.61,235,20,NORMAL,NORMAL
2026071812,KSLE,2026-07-18T12:00Z,1012,12,14255,9242,13255,18.8,41,284,NONE,10.8,2.36,225,24,NORMAL,NORMAL
2026071900,KSLE,2026-07-19T00:00Z,1011,9,14461,9799,13461,19.4,74,325,NONE,14.0,4.45,275,13,NORMAL,NORMAL
2026071912,KSLE,2026-07-19T12:00Z,1011,8,14548,10276,13548,17.9,63,351,NONE,15.6,4.42,250,12,NORMAL,BELOW
2026072000,KSLE,2026-07-20T00:00Z,1007,7,15560,10060,14560,15.6,39,360,NONE,18.2,5.13,230,15,ABOVE,BELOW
2026072012,KSLE,2026-07-20T12:00Z,1006,6,15542,10223,14542,17.7,56,216,NONE,21.2,6.46,210,28,ABOVE,BELOW
2026072100,KSLE,2026-07-21T00:00Z,1005,7,13863,12715,12863,31.1,171,206,NONE,22.0,8.52,205,8,NORMAL,MUCH ABOVE
2026072112,KSLE,2026-07-21T12:00Z,1006,6,13999,12375,12999,33.1,160,216,NONE,21.8,8.15,240,12,NORMAL,MUCH ABOVE
2026072200,KSLE,2026-07-22T00:00Z,1003,8,15425,13357,14425,35.5,151,205,NONE,23.6,8.46,175,15,ABOVE,MUCH ABOVE
2026072212,KSLE,2026-07-22T12:00Z,1004,11,15543,14621,14543,39.0,133,171,NONE,23.2,8.09,195,12,ABOVE,MUCH ABOVE
2026072300,KSLE,2026-07-23T00:00Z,1005,7,15161,15107,14161,42.4,183,174,NONE,22.2,6.77,160,19,ABOVE,MUCH ABOVE
2026072400,KSLE,2026-07-24T00:00Z,1008,8,15060,8847,14060,26.8,89,227,NONE,16.4,4.68,215,13,NORMAL,ABOVE
2026072412,KSLE,2026-07-24T12:00Z,1008,8,14128,11419,13128,27.4,108,205,NONE,15.8,4.67,200,33,NORMAL,ABOVE
2026072500,KSLE,2026-07-25T00:00Z,1005,7,14295,9020,13295,27.0,171,213,NONE,13.8,3.70,200,34,NORMAL,ABOVE
2026072512,KSLE,2026-07-25T12:00Z,1007,8,13234,10854,12234,25.2,328,204,WEAK,10.0,3.36,205,36,NORMAL,NORMAL
2026072600,KSLE,2026-07-26T00:00Z,1010,8,14147,10631,13147,26.7,226,231,NONE,8.4,2.13,225,28,NORMAL,ABOVE
2026072612,KSLE,2026-07-26T12:00Z,1010,8,13287,8814,12287,21.1,162,212,NONE,8.2,2.75,220,27,NORMAL,NORMAL
2026072700,KSLE,2026-07-27T00:00Z,1010,7,11723,8765,10723,21.8,185,229,NONE,10.4,4.62,225,27,MUCH BELOW,NORMAL
2026072712,KSLE,2026-07-27T12:00Z,1012,6,12480,10616,11480,26.9,240,228,NONE,12.2,5.49,220,22,BELOW,ABOVE
2026072800,KSLE,2026-07-28T00:00Z,1009,100,12242,11264,11242,26.5,177,216,NONE,12.2,4.73,220,26,BELOW,ABOVE
2026072812,KSLE,2026-07-28T12:00Z,1011,6,13904,8909,12904,26.7,255,223,WEAK,10.4,2.50,230,30,NORMAL,ABOVE
2026072900,KSLE,2026-07-29T00:00Z,1010,7,14729,8961,13729,21.6,88,259,NONE,10.6,2.62,240,19,NORMAL,NORMAL
2026072912,KSLE,2026-07-29T12:00Z,1009,100,14758,7458,13758,19.8,30,280,NONE,9.0,1.00,240,16,NORMAL,NORMAL
2026073000,KSLE,2026-07-30T00:00Z,1006,100,14184,8310,13184,17.9,61,250,NONE,11.6,3.60,225,17,NORMAL,BELOW
2026073012,KSLE,2026-07-30T12:00Z,1011,6,14608,7613,13608,21.6,113,232,NONE,10.2,1.74,245,20,NORMAL,NORMAL
2026073100,KSLE,2026-07-31T00:00Z,1010,9,14879,10095,13879,18.1,95,243,NONE,13.0,2.47,240,17,NORMAL,NORMAL
2026073112,KSLE,2026-07-31T12:00Z,1013,10,15301,11075,14301,21.2,12,283,NONE,14.4,2.70,225,12,ABOVE,NORMAL
2026080100,KSLE,2026-08-01T00:00Z,1009,9,15864,10171,14864,19.8,106,220,NONE,17.2,3.78,200,23,MUCH ABOVE,NORMAL
2026080112,KSLE,2026-08-01T12:00Z,1014,7,14769,8759,13769,26.4,240,229,NONE,10.8,2.49,240,37,NORMAL,ABOVE
2026080200,KSLE,2026-08-02T00:00Z,1015,100,14684,6880,13684,20.0,160,262,NONE,9.0,2.39,260,28,NORMAL,NORMAL
2026080212,KSLE,2026-08-02T12:00Z,1016,6,14033,6708,13033,16.1,77,316,NONE,4.4,-0.63,275,14,NORMAL,BELOW
2026080300,KSLE,2026-08-03T00:00Z,1014,9,12935,6996,11935,15.7,92,330,NONE,6.8,1.64,300,20,NORMAL,MUCH BELOW
2026080312,KSLE,2026-08-03T12:00Z,1015,6,14143,6964,13143,14.6,135,5,NONE,10.0,2.49,340,20,NORMAL,MUCH BELOW
2026080400,KSLE,2026-08-04T00:00Z,1009,7,14730,9633,13730,15.4,81,8,NONE,15.4,3.32,20,7,NORMAL,MUCH BELOW
2026080412,KSLE,2026-08-04T12:00Z,1007,7,15416,9684,14416,11.7,55,359,NONE,18.4,5.25,335,12,ABOVE,MUCH BELOW
2026080500,KSLE,2026-08-05T00:00Z,1004,8,16076,10721,15076,12.4,57,337,NONE,20.8,5.34,310,8,MUCH ABOVE,MUCH BELOW
2026080512,KSLE,2026-08-05T12:00Z,1004,6,16189,11512,15189,14.6,32,349,NONE,20.4,4.36,220,7,MUCH ABOVE,MUCH BELOW
2026080600,KSLE,2026-08-06T00:00Z,1004,10,17025,10769,16025,12.6,39,301,NONE,22.0,5.93,225,6,MUCH ABOVE,MUCH BELOW
2026080612,KSLE,2026-08-06T12:00Z,1006,100,16898,10836,15898,17.5,30,250,NONE,19.4,4.12,230,6,MUCH ABOVE,BELOW
2026080700,KSLE,2026-08-07T00:00Z,1005,12,16434,11035,15434,14.2,39,245,NONE,22.0,5.69,210,13,MUCH ABOVE,MUCH BELOW
2026080712,KSLE,2026-08-07T12:00Z,1009,9,15919,10408,14919,16.3,56,235,NONE,17.8,3.41,250,16,MUCH ABOVE,BELOW
2026080800,KSLE,2026-08-08T00:00Z,1009,7,16307,11795,15307,16.1,72,271,NONE,19.8,4.86,245,14,MUCH ABOVE,BELOW
2026080812,KSLE,2026-08-08T12:00Z,1011,7,15890,11456,14890,16.0,67,299,NONE,18.2,5.12,250,15,MUCH ABOVE,BELOW
2026080900,KSLE,2026-08-09T00:00Z,1010,10,15646,11392,14646,19.9,128,283,NONE,16.6,4.66,270,15,ABOVE,NORMAL
2026080912,KSLE,2026-08-09T12:00Z,1011,7,14848,10713,13848,14.6,67,310,NONE,14.6,3.20,255,15,ABOVE,MUCH BELOW
2026081000,KSLE,2026-08-10T00:00Z,1008,8,15659,8996,14659,17.8,101,291,NONE,15.4,5.43,260,16,ABOVE,BELOW
2026081012,KSLE,2026-08-10T12:00Z,1011,6,14438,8865,13438,18.5,92,329,NONE,14.8,3.95,305,13,NORMAL,BELOW
2026081100,KSLE,2026-08-11T00:00Z,1009,100,15544,10115,14544,21.4,103,333,NONE,15.6,4.80,270,9,ABOVE,NORMAL
2026081112,KSLE,2026-08-11T12:00Z,1012,7,14679,12011,13679,26.7,130,326,NONE,14.0,4.07,275,8,NORMAL,NORMAL
2026081200,KSLE,2026-08-12T00:00Z,1010,8,14216,11489,13216,28.5,119,323,NONE,12.8,3.59,270,12,NORMAL,ABOVE
2026081212,KSLE,2026-08-12T12:00Z,1010,7,13577,10827,12577,28.6,119,322,NONE,11.8,3.72,295,16,NORMAL,ABOVE
2026081300,KSLE,2026-08-13T00:00Z,1006,11,12745,9847,11745,27.7,112,325,NONE,11.6,4.36,265,8,NORMAL,ABOVE
2026081312,KSLE,2026-08-13T12:00Z,1005,6,12785,9713,11785,25.1,84,359,NONE,10.8,3.62,305,5,NORMAL,NORMAL
2026081400,KSLE,2026-08-14T00:00Z,1002,7,12622,9191,11622,20.9,37,14,NONE,15.0,6.19,155,6,NORMAL,NORMAL
2026081412,KSLE,2026-08-14T12:00Z,1006,7,11667,10506,10667,28.9,39,160,NONE,14.0,7.20,165,13,BELOW,ABOVE
2026081500,KSLE,2026-08-15T00:00Z,1006,100,12928,8654,11928,23.9,74,234,NONE,14.4,5.82,210,24,NORMAL,NORMAL
2026081512,KSLE,2026-08-15T12:00Z,1011,6,12211,11636,11211,30.4,150,188,NONE,11.4,4.47,190,21,BELOW,MUCH ABOVE
2026081600,KSLE,2026-08-16T00:00Z,1012,8,13015,10568,12015,27.6,102,210,NONE,12.6,5.84,185,19,NORMAL,ABOVE
2026081612,KSLE,2026-08-16T12:00Z,1015,5,13449,7594,12449,22.2,44,253,NONE,12.0,3.98,235,17,NORMAL,NORMAL
2026081700,KSLE,2026-08-17T00:00Z,1012,7,13513,8652,12513,16.1,38,263,NONE,14.0,4.45,210,11,NORMAL,BELOW
2026081712,KSLE,2026-08-17T12:00Z,1013,6,13719,10208,12719,20.5,35,285,NONE,14.0,4.44,205,11,NORMAL,NORMAL
2026081800,KSLE,2026-08-18T00:00Z,1010,100,13882,10027,12882,17.7,52,256,NONE,16.4,5.16,240,14,NORMAL,BELOW
2026081812,KSLE,2026-08-18T12:00Z,1012,6,13991,11050,12991,25.4,75,268,NONE,13.4,2.70,270,17,NORMAL,NORMAL
2026081900,KSLE,2026-08-19T00:00Z,1010,8,14314,10146,13314,18.5,45,270,NONE,16.0,4.41,260,12,NORMAL,NORMAL
2026081912,KSLE,2026-08-19T12:00Z,1011,6,15088,10027,14088,17.9,40,278,NONE,16.8,4.77,260,9,ABOVE,BELOW
2026082000,KSLE,2026-08-20T00:00Z,1006,8,14877,10454,13877,20.3,38,252,NONE,17.6,5.12,235,12,ABOVE,NORMAL
2026082012,KSLE,2026-08-20T12:00Z,1006,6,14895,10826,13895,21.7,32,267,NONE,18.6,5.12,220,18,ABOVE,NORMAL
2026082100,KSLE,2026-08-21T00:00Z,1004,8,15406,11128,14406,22.3,140,209,NONE,22.0,7.89,190,22,ABOVE,NORMAL
2026082112,KSLE,2026-08-21T12:00Z,1007,6,14387,12809,13387,27.3,149,164,NONE,22.6,7.53,155,23,NORMAL,ABOVE
2026082200,KSLE,2026-08-22T00:00Z,1008,6,14830,9968,13830,24.1,175,199,NONE,18.2,5.99,185,24,ABOVE,NORMAL
2026082212,KSLE,2026-08-22T12:00Z,1010,6,12648,11621,11648,23.6,175,191,NONE,17.0,6.91,170,23,NORMAL,NORMAL
2026082300,KSLE,2026-08-23T00:00Z,1010,8,11968,10150,10968,24.6,204,213,NONE,8.8,3.25,220,24,BELOW,NORMAL
2026082312,KSLE,2026-08-23T12:00Z,1012,7,11249,9103,10249,24.0,147,243,NONE,7.2,2.75,275,17,BELOW,NORMAL
2026082400,KSLE,2026-08-24T00:00Z,1011,9,13763,8935,12763,20.8,64,3,NONE,14.6,5.95,20,8,NORMAL,NORMAL
2026082412,KSLE,2026-08-24T12:00Z,1008,7,14034,10817,13034,21.7,82,32,NONE,16.8,5.66,0,0,NORMAL,NORMAL
2026082500,KSLE,2026-08-25T00:00Z,1004,8,14085,11066,13085,18.4,75,208,NONE,20.8,8.30,190,22,NORMAL,NORMAL
2026082512,KSLE,2026-08-25T12:00Z,1007,8,13255,11470,12255,22.4,158,190,NONE,20.2,8.08,185,19,NORMAL,NORMAL
2026082600,KSLE,2026-08-26T00:00Z,1008,8,14023,9132,13023,20.2,164,210,NONE,16.8,6.16,190,23,NORMAL,NORMAL
2026082612,KSLE,2026-08-26T12:00Z,1011,7,13032,11867,12032,22.6,178,190,NONE,15.6,5.66,180,26,NORMAL,NORMAL
2026082700,KSLE,2026-08-27T00:00Z,1008,7,13611,9990,12611,28.6,269,215,WEAK,12.8,5.35,200,37,NORMAL,ABOVE
2026082712,KSLE,2026-08-27T12:00Z,1010,100,13413,7801,12413,21.4,218,210,NONE,9.2,2.63,210,34,NORMAL,NORMAL
2026082800,KSLE,2026-08-28T00:00Z,1010,8,13014,8468,12014,22.8,89,269,NONE,9.8,3.26,240,17,NORMAL,NORMAL
2026082812,KSLE,2026-08-28T12:00Z,1011,6,12792,8537,11792,22.1,45,287,NONE,9.2,3.26,220,16,NORMAL,NORMAL
2026082900,KSLE,2026-08-29T00:00Z,1008,9,11988,8596,10988,22.0,97,261,NONE,10.0,4.27,260,12,NORMAL,NORMAL
2026082912,KSLE,2026-08-29T12:00Z,1011,8,7520,7228,6520,18.3,117,284,NONE,5.8,3.45,260,29,MUCH BELOW,NORMAL
2026083000,KSLE,2026-08-30T00:00Z,1011,7,8145,8145,7145,19.9,102,301,NONE,6.8,3.70,300,19,MUCH BELOW,NORMAL
2026083012,KSLE,2026-08-30T12:00Z,1013,7,12103,6489,11103,16.9,92,350,NONE,5.2,1.26,330,14,NORMAL,BELOW
2026083100,KSLE,2026-08-31T00:00Z,1009,8,13396,10924,12396,26.6,103,357,NONE,11.4,4.23,5,8,NORMAL,ABOVE
2026083112,KSLE,2026-08-31T12:00Z,1005,7,13281,8202,12281,21.0,12,6,NONE,16.0,5.81,215,6,NORMAL,NORMAL
2026090100,KSLE,2026-09-01T00:00Z,1000,9,12590,10807,11590,22.6,136,191,NONE,17.2,7.02,180,23,NORMAL,NORMAL
2026090112,KSLE,2026-09-01T12:00Z,1004,9,11910,11008,10910,27.1,202,189,NONE,12.8,5.46,170,17,NORMAL,ABOVE
2026090200,KSLE,2026-09-02T00:00Z,1004,7,11002,7390,10002,26.0,200,199,NONE,6.6,3.15,190,27,BELOW,ABOVE
2026090212,KSLE,2026-09-02T12:00Z,1002,6,8272,8272,7272,26.6,337,207,WEAK,6.4,5.42,205,34,MUCH BELOW,ABOVE
2026090300,KSLE,2026-09-03T00:00Z,1000,10,8944,8916,7944,28.7,386,221,WEAK,7.0,5.53,240,31,BELOW,ABOVE
2026090312,KSLE,2026-09-03T12:00Z,1003,6,7238,6464,6238,19.8,258,216,WEAK,5.0,5.85,230,26,MUCH BELOW,NORMAL
2026090400,KSLE,2026-09-04T00:00Z,1002,7,6863,6819,5863,22.1,238,214,NONE,4.8,5.72,230,22,MUCH BELOW,NORMAL
2026090412,KSLE,2026-09-04T12:00Z,1003,6,7291,6967,6291,22.4,183,186,NONE,4.6,6.23,200,17,MUCH BELOW,NORMAL
2026090500,KSLE,2026-09-05T00:00Z,1006,8,7579,7349,6579,23.4,151,185,NONE,5.6,6.35,180,12,MUCH BELOW,NORMAL
2026090512,KSLE,2026-09-05T12:00Z,1009,7,7270,7255,6270,23.0,93,180,NONE,5.0,5.32,155,6,MUCH BELOW,NORMAL
2026090600,KSLE,2026-09-06T00:00Z,1008,10,8173,7703,7173,22.4,71,207,NONE,6.4,5.42,185,14,BELOW,NORMAL
2026090612,KSLE,2026-09-06T12:00Z,1008,8,8018,7995,7018,26.5,82,65,NONE,6.8,7.23,20,13,BELOW,ABOVE
2026090700,KSLE,2026-09-07T00:00Z,1010,7,8317,8201,7317,26.3,104,359,NONE,6.0,5.17,0,10,BELOW,ABOVE
2026090712,KSLE,2026-09-07T12:00Z,1013,7,9672,7271,8672,21.8,81,293,NONE,6.4,4.14,320,13,BELOW,NORMAL
2026090800,KSLE,2026-09-08T00:00Z,1012,8,11422,7031,10422,19.3,97,317,NONE,7.6,4.17,290,11,NORMAL,NORMAL
2026090812,KSLE,2026-09-08T12:00Z,1014,6,12675,8221,11675,17.2,117,19,NONE,11.2,4.38,340,14,NORMAL,NORMAL
2026090900,KSLE,2026-09-09T00:00Z,1013,8,14129,9794,13129,13.8,34,13,NONE,14.8,4.70,110,2,NORMAL,BELOW
2026090912,KSLE,2026-09-09T12:00Z,1015,8,14627,9746,13627,16.7,64,18,NONE,17.0,5.53,345,6,ABOVE,BELOW
2026091000,KSLE,2026-09-10T00:00Z,1012,8,16492,10367,15492,15.1,37,333,NONE,19.6,5.86,235,8,MUCH ABOVE,BELOW
2026091012,KSLE,2026-09-10T12:00Z,1010,7,15262,9605,14262,17.9,57,298,NONE,17.0,4.91,265,18,ABOVE,NORMAL
2026091100,KSLE,2026-09-11T00:00Z,1006,100,13237,10795,12237,33.7,278,268,WEAK,13.2,5.10,255,27,NORMAL,MUCH ABOVE
2026091112,KSLE,2026-09-11T12:00Z,1010,8,12293,6411,11293,13.6,62,301,NONE,9.2,4.02,300,13,NORMAL,BELOW
2026091212,KSLE,2026-09-12T12:00Z,1006,5,11528,7485,10528,22.4,215,214,NONE,6.4,2.28,210,30,NORMAL,NORMAL
2026091300,KSLE,2026-09-13T00:00Z,1005,11,7176,7176,6176,22.5,200,200,NONE,4.4,5.59,215,20,MUCH BELOW,NORMAL
2026091312,KSLE,2026-09-13T12:00Z,1008,6,6759,6192,5759,19.9,113,238,NONE,3.0,5.23,280,10,MUCH BELOW,NORMAL
2026091400,KSLE,2026-09-14T00:00Z,1012,7,8973,8366,7973,27.9,217,320,NONE,5.0,4.91,350,25,BELOW,ABOVE
2026091412,KSLE,2026-09-14T12:00Z,1014,7,11220,6484,10220,17.6,52,275,NONE,4.6,1.65,325,17,NORMAL,NORMAL
2026091500,KSLE,2026-09-15T00:00Z,1011,10,12573,6592,11573,18.3,79,343,NONE,5.8,0.50,340,12,NORMAL,NORMAL
2026091512,KSLE,2026-09-15T12:00Z,1010,6,11764,9149,10764,23.6,135,308,NONE,11.4,5.12,300,13,NORMAL,NORMAL
2026091600,KSLE,2026-09-16T00:00Z,1008,16,9219,8868,8219,23.8,91,315,NONE,7.0,5.51,280,11,BELOW,NORMAL
2026091612,KSLE,2026-09-16T12:00Z,1010,7,9466,8794,8466,22.9,206,54,NONE,8.8,5.87,60,20,BELOW,NORMAL
2026091700,KSLE,2026-09-17T00:00Z,1008,9,11484,9858,10484,24.2,205,71,NONE,12.0,5.48,85,22,NORMAL,ABOVE
2026091712,KSLE,2026-09-17T12:00Z,1008,8,12017,10421,11017,23.0,105,75,NONE,13.8,5.56,75,15,NORMAL,NORMAL
2026091800,KSLE,2026-09-18T00:00Z,1009,6,11892,9823,10892,20.3,26,358,NONE,14.0,6.08,15,12,NORMAL,NORMAL
2026091812,KSLE,2026-09-18T12:00Z,1014,6,12665,7402,11665,18.8,29,268,NONE,11.0,3.99,0,11,NORMAL,NORMAL
2026091900,KSLE,2026-09-19T00:00Z,1014,7,13476,8307,12476,16.3,49,350,NONE,12.8,4.98,355,12,NORMAL,BELOW
2026092000,KSLE,2026-09-20T00:00Z,1011,7,14068,8854,13068,12.5,12,314,NONE,15.8,5.56,0,0,ABOVE,MUCH BELOW
2026092012,KSLE,2026-09-20T12:00Z,1011,8,13751,8857,12751,18.6,19,24,NONE,16.0,5.55,175,5,NORMAL,NORMAL
2026092100,KSLE,2026-09-21T00:00Z,1007,8,13510,8906,12510,17.5,16,64,NONE,18.8,6.51,155,5,NORMAL,NORMAL
2026092112,KSLE,2026-09-21T12:00Z,1008,7,13057,10172,12057,22.7,34,262,NONE,16.4,6.03,210,11,NORMAL,NORMAL
2026092200,KSLE,2026-09-22T00:00Z,1008,6,12900,9120,11900,18.9,31,292,NONE,14.2,4.82,240,8,NORMAL,NORMAL
2026092212,KSLE,2026-09-22T12:00Z,1010,100,12870,7799,11870,18.7,54,347,NONE,7.0,0.62,255,12,NORMAL,NORMAL
2026092300,KSLE,2026-09-23T00:00Z,1010,7,12187,6149,11187,17.5,55,287,NONE,7.4,2.25,275,13,NORMAL,NORMAL
2026092312,KSLE,2026-09-23T12:00Z,1012,100,12016,8631,11016,20.0,94,252,NONE,9.2,4.15,235,17,NORMAL,NORMAL
2026092400,KSLE,2026-09-24T00:00Z,1011,6,11506,7742,10506,20.5,130,240,NONE,9.2,4.15,235,17,NORMAL,NORMAL
2026092412,KSLE,2026-09-24T12:00Z,1008,5,12943,7616,11943,22.5,171,223,NONE,13.0,5.74,230,24,NORMAL,NORMAL
2026092500,KSLE,2026-09-25T00:00Z,1002,6,11373,9630,10373,24.6,397,208,WEAK,14.0,6.73,205,42,NORMAL,ABOVE
2026092512,KSLE,2026-09-25T12:00Z,1002,6,8064,7362,7064,20.7,378,219,WEAK,5.2,5.05,220,46,BELOW,NORMAL
2026092600,KSLE,2026-09-26T00:00Z,1013,6,7172,6682,6172,18.7,170,273,NONE,3.8,5.86,270,26,BELOW,NORMAL
2026092612,KSLE,2026-09-26T12:00Z,1014,100,8177,4876,7177,13.2,42,359,NONE,2.8,3.66,325,17,BELOW,BELOW
2026092700,KSLE,2026-09-27T00:00Z,1010,7,9793,4951,8793,9.4,30,3,NONE,8.6,5.78,160,8,NORMAL,MUCH BELOW
2026092800,KSLE,2026-09-28T00:00Z,1006,8,10496,8279,9496,15.0,12,271,NONE,9.4,5.56,190,8,NORMAL,BELOW
2026092812,KSLE,2026-09-28T12:00Z,1010,11,11119,7451,10119,14.0,60,342,NONE,7.8,4.05,310,7,NORMAL,BELOW
2026092900,KSLE,2026-09-29T00:00Z,1010,7,11865,4804,10865,16.4,165,311,NONE,9.4,4.41,285,18,NORMAL,NORMAL
2026092912,KSLE,2026-09-29T12:00Z,1010,6,13562,11301,12562,31.0,299,272,WEAK,8.6,2.38,295,30,NORMAL,MUCH ABOVE
2026093000,KSLE,2026-09-30T00:00Z,1008,7,13064,12281,12064,35.3,304,270,WEAK,9.8,2.99,285,22,NORMAL,MUCH ABOVE
2026093012,KSLE,2026-09-30T12:00Z,1010,5,10924,10597,9924,30.3,180,292,NONE,10.2,5.25,295,18,NORMAL,MUCH ABOVE
2026100100,KSLE,2026-10-01T00:00Z,1009,6,14481,10955,13481,28.0,168,298,NONE,11.8,3.72,290,17,ABOVE,MUCH ABOVE
2026100112,KSLE,2026-10-01T12:00Z,1010,7,14000,11046,13000,23.4,99,311,NONE,13.4,4.95,275,16,ABOVE,ABOVE
2026100312,KSLE,2026-10-03T12:00Z,1010,6,15235,9156,14235,19.2,22,42,NONE,15.2,3.82,200,7,MUCH ABOVE,NORMAL
2026100400,KSLE,2026-10-04T00:00Z,1007,6,15799,9237,14799,14.7,38,250,NONE,18.8,5.75,230,16,MUCH ABOVE,BELOW
2026100412,KSLE,2026-10-04T12:00Z,1009,6,15297,10343,14297,18.1,52,260,NONE,18.6,4.51,255,26,MUCH ABOVE,NORMAL
2026100500,KSLE,2026-10-05T00:00Z,1008,100,15247,10150,14247,14.3,60,253,NONE,20.2,5.96,230,9,MUCH ABOVE,BELOW
2025100100,KMFR,2025-10-01T00:00Z,963,27,9551,9551,8551,21.7,311,223,WEAK,9.2,6.14,240,49,BELOW,ABOVE
2025100106,KMFR,2025-10-01T06:00Z,965,11,9016,8456,8016,18.8,194,219,NONE,8.8,7.37,230,27,BELOW,NORMAL
2025100200,KMFR,2025-10-02T00:00Z,967,8,8919,8265,7919,19.8,199,232,NONE,10.4,7.03,225,24,BELOW,ABOVE
2025100206,KMFR,2025-10-02T06:00Z,970,25,8747,8264,7747,19.1,80,221,NONE,7.9,6.94,187,23,BELOW,NORMAL
2025100300,KMFR,2025-10-03T00:00Z,969,100,8510,8443,7510,23.7,82,252,NONE,8.2,7.32,130,4,BELOW,MUCH ABOVE
2025100306,KMFR,2025-10-03T06:00Z,971,10,8228,7958,7228,22.1,28,340,NONE,6.8,6.38,214,2,BELOW,ABOVE
2025100400,KMFR,2025-10-04T00:00Z,973,8,8047,8047,7047,16.7,79,334,NONE,7.2,6.19,15,11,BELOW,NORMAL
2025100406,KMFR,2025-10-04T06:00Z,974,8,11037,7908,10037,17.5,125,355,NONE,7.0,3.69,358,23,NORMAL,NORMAL
2025100500,KMFR,2025-10-05T00:00Z,971,9,8689,8606,7689,18.4,121,349,NONE,8.2,4.70,355,21,BELOW,NORMAL
2025100506,KMFR,2025-10-05T06:00Z,971,9,8268,7917,7268,17.5,97,11,NONE,7.6,3.75,8,18,BELOW,NORMAL
2025100600,KMFR,2025-10-06T00:00Z,966,8,13904,8269,12904,12.4,56,37,NONE,12.4,4.76,60,13,ABOVE,NORMAL
2025100606,KMFR,2025-10-06T06:00Z,968,7,14068,8483,13068,13.7,84,68,NONE,12.2,3.69,36,22,ABOVE,NORMAL
2025100700,KMFR,2025-10-07T00:00Z,966,8,15147,8410,14147,10.0,52,118,NONE,16.0,5.96,110,12,MUCH ABOVE,BELOW
2025100706,KMFR,2025-10-07T06:00Z,968,8,15157,8938,14157,10.6,61,123,NONE,16.3,6.33,114,17,MUCH ABOVE,BELOW
2025100800,KMFR,2025-10-08T00:00Z,965,9,14695,8769,13695,10.9,32,243,NONE,16.4,6.70,215,8,ABOVE,BELOW
2025100806,KMFR,2025-10-08T06:00Z,965,10,12651,9500,11651,13.7,52,243,NONE,16.0,7.59,234,19,NORMAL,NORMAL
2025100900,KMFR,2025-10-09T00:00Z,960,100,9954,9309,8954,17.4,207,219,NONE,14.2,8.89,210,36,NORMAL,NORMAL
2025100906,KMFR,2025-10-09T06:00Z,963,6,10082,8855,9082,20.4,239,210,NONE,7.6,4.56,212,44,NORMAL,ABOVE
2025101000,KMFR,2025-10-10T00:00Z,965,100,9144,8626,8144,19.1,182,178,NONE,9.0,6.90,180,25,BELOW,ABOVE
2025101006,KMFR,2025-10-10T06:00Z,966,8,8770,8531,7770,22.0,205,185,NONE,6.3,5.47,190,29,BELOW,ABOVE
2025101100,KMFR,2025-10-11T00:00Z,966,100,6041,6041,5041,19.0,174,210,NONE,3.6,6.14,220,19,MUCH BELOW,ABOVE
2025101106,KMFR,2025-10-11T06:00Z,968,6,6240,5966,5240,14.6,70,235,NONE,3.0,6.27,252,18,MUCH BELOW,NORMAL
2025101200,KMFR,2025-10-12T00:00Z,969,10,6776,6552,5776,17.6,109,312,NONE,4.4,6.25,320,19,BELOW,NORMAL
2025101206,KMFR,2025-10-12T06:00Z,971,7,7142,6941,6142,16.3,103,315,NONE,3.9,4.70,322,21,BELOW,NORMAL
2025101300,KMFR,2025-10-13T00:00Z,966,100,6207,6174,5207,19.0,128,283,NONE,2.8,5.23,300,23,MUCH BELOW,ABOVE
2025101306,KMFR,2025-10-13T06:00Z,963,9,6070,5956,5070,17.1,128,280,NONE,3.2,6.21,263,23,MUCH BELOW,NORMAL
2025101400,KMFR,2025-10-14T00:00Z,957,7,7543,6900,6543,17.3,153,119,NONE,5.4,6.34,135,27,BELOW,NORMAL
2025101406,KMFR,2025-10-14T06:00Z,962,15,8271,7219,7271,16.8,100,98,NONE,7.0,6.83,114,18,BELOW,NORMAL
2025101500,KMFR,2025-10-15T00:00Z,963,6,9237,7573,8237,16.1,48,89,NONE,8.6,6.27,90,6,BELOW,NORMAL
2025101506,KMFR,2025-10-15T06:00Z,966,7,9288,7884,8288,16.7,27,96,NONE,8.3,6.21,61,3,BELOW,NORMAL
2025101600,KMFR,2025-10-16T00:00Z,970,10,10054,6742,9054,13.0,77,328,NONE,8.8,5.65,315,19,NORMAL,NORMAL
2025101606,KMFR,2025-10-16T06:00Z,973,17,12077,6884,11077,17.2,140,353,NONE,6.2,1.90,358,32,NORMAL,NORMAL
2025101700,KMFR,2025-10-17T00:00Z,973,7,12298,7511,11298,12.0,85,8,NONE,10.0,3.25,15,29,NORMAL,NORMAL
2025101706,KMFR,2025-10-17T06:00Z,974,7,13196,8774,12196,18.4,111,354,NONE,10.8,3.67,8,15,NORMAL,NORMAL
2025101800,KMFR,2025-10-18T00:00Z,971,8,14206,6465,13206,19.5,131,318,NONE,10.4,4.38,315,18,MUCH ABOVE,ABOVE
2025101806,KMFR,2025-10-18T06:00Z,972,9,14331,5889,13331,20.2,96,322,NONE,10.0,2.00,334,13,MUCH ABOVE,ABOVE
2025101900,KMFR,2025-10-19T00:00Z,970,14,13360,11996,12360,22.3,126,281,NONE,15.6,6.05,325,11,ABOVE,ABOVE
2025101906,KMFR,2025-10-19T06:00Z,969,9,12999,11134,11999,23.6,247,246,NONE,14.2,5.71,244,28,NORMAL,MUCH ABOVE
2025102000,KMFR,2025-10-20T00:00Z,975,10,7082,6788,6082,12.2,78,315,NONE,5.2,3.39,300,29,BELOW,NORMAL
2025102006,KMFR,2025-10-20T06:00Z,978,7,6956,6681,5956,12.8,84,331,NONE,3.6,3.85,328,30,BELOW,NORMAL
2025102100,KMFR,2025-10-21T00:00Z,975,8,14742,7002,13742,10.7,11,321,NONE,11.0,1.99,345,13,MUCH ABOVE,BELOW
2025102106,KMFR,2025-10-21T06:00Z,975,8,14436,10184,13436,10.7,6,264,NONE,13.5,3.84,23,14,MUCH ABOVE,BELOW
2025102200,KMFR,2025-10-22T00:00Z,969,10,13200,9627,12200,11.1,19,249,NONE,15.4,5.81,70,3,ABOVE,BELOW
2025102206,KMFR,2025-10-22T06:00Z,969,12,13091,8525,12091,14.1,52,180,NONE,14.8,5.39,170,7,NORMAL,NORMAL
2025102300,KMFR,2025-10-23T00:00Z,971,7,10727,6560,9727,13.2,69,260,NONE,11.6,6.40,285,20,NORMAL,NORMAL
2025102306,KMFR,2025-10-23T06:00Z,973,7,11076,7516,10076,14.4,68,277,NONE,10.5,5.59,274,11,NORMAL,NORMAL
2025102400,KMFR,2025-10-24T00:00Z,972,6,12343,6867,11343,13.7,79,259,NONE,13.6,5.99,230,17,NORMAL,NORMAL
2025102406,KMFR,2025-10-24T06:00Z,972,11,12953,7295,11953,16.3,126,230,NONE,12.0,4.24,230,23,ABOVE,NORMAL
2025102500,KMFR,2025-10-25T00:00Z,964,8,9652,9401,8652,22.5,470,230,WEAK,8.6,5.89,245,50,NORMAL,ABOVE
2025102506,KMFR,2025-10-25T06:00Z,966,27,8376,8376,7376,21.8,240,229,NONE,6.5,5.99,227,33,NORMAL,ABOVE
2025102600,KMFR,2025-10-26T00:00Z,965,95,5424,5011,4424,13.3,274,247,WEAK,1.8,6.98,245,40,MUCH BELOW,NORMAL
2025102606,KMFR,2025-10-26T06:00Z,970,18,5112,4981,4112,13.5,125,242,NONE,0.7,6.27,246,31,MUCH BELOW,NORMAL
2025102700,KMFR,2025-10-27T00:00Z,969,7,5861,5657,4861,15.4,153,274,NONE,1.8,6.17,260,25,BELOW,NORMAL
2025102706,KMFR,2025-10-27T06:00Z,975,40,4816,4597,3816,10.9,83,293,NONE,-0.5,5.30,279,19,MUCH BELOW,BELOW
2025102800,KMFR,2025-10-28T00:00Z,978,20,10236,5334,9236,12.0,95,303,NONE,3.8,2.43,280,17,NORMAL,NORMAL
2025102806,KMFR,2025-10-28T06:00Z,978,8,11650,5241,10650,16.8,152,281,NONE,7.9,3.15,268,20,NORMAL,NORMAL
2025102900,KMFR,2025-10-29T00:00Z,975,7,11987,10426,10987,21.7,114,233,NONE,13.4,6.35,245,13,NORMAL,ABOVE
2025102906,KMFR,2025-10-29T06:00Z,978,7,12169,9837,11169,20.5,139,239,NONE,11.3,5.96,240,23,NORMAL,ABOVE
2025103000,KMFR,2025-10-30T00:00Z,977,9,13217,7347,12217,15.1,24,109,NONE,10.0,2.37,265,4,ABOVE,NORMAL
2025103006,KMFR,2025-10-30T06:00Z,976,8,13417,7965,12417,14.6,18,180,NONE,12.2,3.22,280,4,ABOVE,NORMAL
2025103100,KMFR,2025-10-31T00:00Z,971,8,12877,7267,11877,14.5,42,266,NONE,13.6,4.84,245,9,ABOVE,NORMAL
2025103106,KMFR,2025-10-31T06:00Z,973,7,12949,7412,11949,13.9,13,256,NONE,11.5,3.61,314,6,ABOVE,NORMAL
2025110100,KMFR,2025-11-01T00:00Z,974,7,14290,7814,13290,21.2,159,266,NONE,12.6,5.12,275,18,MUCH ABOVE,ABOVE
2025110106,KMFR,2025-11-01T06:00Z,973,6,14032,8517,13032,19.9,161,247,NONE,12.8,4.29,257,24,MUCH ABOVE,ABOVE
2025110200,KMFR,2025-11-02T00:00Z,972,10,12159,12159,11159,31.1,403,246,WEAK,11.2,4.75,250,45,ABOVE,MUCH ABOVE
2025110206,KMFR,2025-11-02T06:00Z,974,13,10666,10666,9666,26.2,277,252,WEAK,8.3,4.66,240,38,NORMAL,MUCH ABOVE
2025110300,KMFR,2025-11-03T00:00Z,975,8,13506,6040,12506,12.8,53,236,NONE,8.0,2.90,215,12,MUCH ABOVE,NORMAL
2025110306,KMFR,2025-11-03T06:00Z,970,5,13041,6866,12041,13.8,100,208,NONE,11.6,3.54,205,24,ABOVE,NORMAL
2025110400,KMFR,2025-11-04T00:00Z,964,7,9892,9892,8892,24.7,481,228,WEAK,10.8,6.69,230,50,NORMAL,MUCH ABOVE
2025110406,KMFR,2025-11-04T06:00Z,966,171,8734,6816,7734,17.3,254,237,WEAK,8.0,6.82,235,39,NORMAL,NORMAL
2025110500,KMFR,2025-11-05T00:00Z,963,25,9930,9930,8930,29.0,487,198,WEAK,9.8,6.24,200,51,NORMAL,MUCH ABOVE
2025110506,KMFR,2025-11-05T06:00Z,958,7,11201,8182,10201,22.2,471,194,WEAK,10.9,5.09,199,62,NORMAL,MUCH ABOVE
2025110600,KMFR,2025-11-06T00:00Z,965,9,7232,7108,6232,19.9,349,222,WEAK,5.8,7.13,225,53,NORMAL,ABOVE
2025110606,KMFR,2025-11-06T06:00Z,971,6,6932,6932,5932,19.7,220,233,NONE,5.1,6.76,240,40,NORMAL,ABOVE
2025110700,KMFR,2025-11-07T00:00Z,971,8,8984,8826,7984,25.9,347,242,WEAK,6.4,4.91,240,31,NORMAL,MUCH ABOVE
2025110706,KMFR,2025-11-07T06:00Z,971,8,8252,7897,7252,20.5,244,257,NONE,7.3,4.65,255,46,NORMAL,ABOVE
2025110800,KMFR,2025-11-08T00:00Z,975,8,10331,6967,9331,18.4,137,291,NONE,4.8,2.94,300,24,NORMAL,ABOVE
2025110806,KMFR,2025-11-08T06:00Z,975,10,11316,5624,10316,20.6,164,296,NONE,6.9,2.70,304,29,NORMAL,ABOVE
2025110900,KMFR,2025-11-09T00:00Z,972,8,12786,10937,11786,19.4,84,226,NONE,17.4,7.40,220,12,ABOVE,ABOVE
2025111000,KMFR,2025-11-10T00:00Z,976,7,13853,10499,12853,15.0,63,194,NONE,18.0,6.76,215,13,MUCH ABOVE,NORMAL
2025111100,KMFR,2025-11-11T00:00Z,976,11,12705,8757,11705,19.2,149,255,NONE,13.2,5.86,250,20,ABOVE,ABOVE
2025111106,KMFR,2025-11-11T06:00Z,977,7,12444,8838,11444,19.9,131,256,NONE,11.7,5.05,259,22,ABOVE,ABOVE
2025111200,KMFR,2025-11-12T00:00Z,971,7,11977,8720,10977,19.3,169,225,NONE,13.6,6.37,225,20,ABOVE,ABOVE
2025111206,KMFR,2025-11-12T06:00Z,969,7,11985,9248,10985,19.6,185,213,NONE,14.1,7.45,228,31,ABOVE,ABOVE
2025111300,KMFR,2025-11-13T00:00Z,961,7,11237,8595,10237,20.3,229,190,NONE,13.0,6.25,215,38,ABOVE,ABOVE
2025111306,KMFR,2025-11-13T06:00Z,961,7,10850,10106,9850,21.7,396,186,WEAK,10.9,5.71,198,56,NORMAL,MUCH ABOVE
2025111400,KMFR,2025-11-14T00:00Z,956,6,8914,8891,7914,22.8,222,190,NONE,9.8,6.89,180,25,NORMAL,MUCH ABOVE
2025111406,KMFR,2025-11-14T06:00Z,960,8,8740,7109,7740,15.2,119,175,NONE,8.7,7.57,194,23,NORMAL,NORMAL
2025111500,KMFR,2025-11-15T00:00Z,967,6,11202,6822,10202,16.3,27,15,NONE,8.2,3.67,230,20,ABOVE,NORMAL
2025111506,KMFR,2025-11-15T06:00Z,971,6,11424,6800,10424,19.9,19,56,NONE,7.7,3.84,219,24,ABOVE,ABOVE
2025111600,KMFR,2025-11-16T00:00Z,963,6,11964,8473,10964,16.6,84,158,NONE,13.0,5.35,155,7,ABOVE,NORMAL
2025111606,KMFR,2025-11-16T06:00Z,960,7,11818,9496,10818,20.8,90,145,NONE,11.7,4.30,113,11,ABOVE,ABOVE
2025111700,KMFR,2025-11-17T00:00Z,958,7,8399,8399,7399,21.5,171,217,NONE,7.4,5.92,235,24,NORMAL,MUCH ABOVE
2025111706,KMFR,2025-11-17T06:00Z,956,35,8586,8196,7586,22.0,207,185,NONE,8.4,6.74,194,24,NORMAL,MUCH ABOVE
2025111800,KMFR,2025-11-18T00:00Z,963,6,7161,6803,6161,17.2,46,108,NONE,4.2,4.95,130,14,NORMAL,ABOVE
2025111806,KMFR,2025-11-18T06:00Z,968,5,7119,6703,6119,16.4,32,64,NONE,4.1,4.49,114,16,NORMAL,NORMAL
2025111900,KMFR,2025-11-19T00:00Z,970,100,8538,7280,7538,16.0,39,276,NONE,1.0,2.62,300,5,NORMAL,NORMAL
2025111906,KMFR,2025-11-19T06:00Z,971,5,5344,5344,4344,14.3,29,326,NONE,0.9,2.63,284,6,NORMAL,NORMAL
2025112000,KMFR,2025-11-20T00:00Z,965,5,7600,6475,6600,15.6,94,216,NONE,5.2,4.42,245,21,NORMAL,NORMAL
2025112006,KMFR,2025-11-20T06:00Z,965,7,6375,6375,5375,20.8,234,209,NONE,3.6,5.94,225,33,NORMAL,ABOVE
2025112100,KMFR,2025-11-21T00:00Z,970,7,5465,4835,4465,13.4,20,45,NONE,1.4,5.92,55,9,NORMAL,NORMAL
2025112106,KMFR,2025-11-21T06:00Z,973,5,6722,5272,5722,9.9,38,106,NONE,3.2,4.57,95,14,NORMAL,NORMAL
2025112200,KMFR,2025-11-22T00:00Z,975,11,12563,5782,11563,9.5,59,18,NONE,6.4,2.28,20,23,MUCH ABOVE,BELOW
2025112206,KMFR,2025-11-22T06:00Z,976,5,12402,5869,11402,9.6,37,32,NONE,7.4,2.33,14,20,MUCH ABOVE,BELOW
2025112300,KMFR,2025-11-23T00:00Z,973,6,11709,6466,10709,10.0,38,299,NONE,10.8,5.15,300,14,MUCH ABOVE,NORMAL
2025112306,KMFR,2025-11-23T06:00Z,974,9,11870,6018,10870,12.7,50,263,NONE,9.2,4.21,293,13,MUCH ABOVE,NORMAL
2025112400,KMFR,2025-11-24T00:00Z,974,6,8376,5720,7376,18.0,145,264,NONE,6.6,5.17,260,16,NORMAL,ABOVE
2025112406,KMFR,2025-11-24T06:00Z,976,7,8209,8209,7209,17.6,160,265,NONE,4.4,5.12,263,24,NORMAL,ABOVE
2025112500,KMFR,2025-11-25T00:00Z,979,5,6549,5320,5549,9.4,37,306,NONE,1.2,1.61,290,24,NORMAL,BELOW
2025112506,KMFR,2025-11-25T06:00Z,980,5,9281,5148,8281,10.8,78,294,NONE,1.8,2.24,310,20,ABOVE,NORMAL
2025112600,KMFR,2025-11-26T00:00Z,977,7,9727,4776,8727,13.0,178,272,NONE,7.6,5.40,270,31,ABOVE,NORMAL
2025112606,KMFR,2025-11-26T06:00Z,978,5,9505,6214,8505,18.3,206,283,NONE,7.9,5.71,288,27,ABOVE,ABOVE
2025112700,KMFR,2025-11-27T00:00Z,975,5,10877,6333,9877,8.5,64,248,NONE,11.2,6.29,250,26,MUCH ABOVE,BELOW
2025112706,KMFR,2025-11-27T06:00Z,975,5,11913,6212,10913,8.2,67,232,NONE,11.8,5.58,240,42,MUCH ABOVE,BELOW
2025112800,KMFR,2025-11-28T00:00Z,973,7,8095,7895,7095,14.9,120,241,NONE,7.8,5.67,260,42,NORMAL,NORMAL
2025112806,KMFR,2025-11-28T06:00Z,972,7,11076,6560,10076,11.8,80,248,NONE,5.6,2.36,276,51,MUCH ABOVE,NORMAL
2025112900,KMFR,2025-11-29T00:00Z,973,100,9638,5617,8638,9.4,9,77,NONE,6.2,4.26,5,9,ABOVE,NORMAL
2025112906,KMFR,2025-11-29T06:00Z,973,6,9547,6019,8547,9.4,29,160,NONE,6.6,3.75,299,2,ABOVE,NORMAL
2025113000,KMFR,2025-11-30T00:00Z,972,8,10092,5540,9092,13.0,139,306,NONE,6.4,4.07,315,31,ABOVE,NORMAL
2025113006,KMFR,2025-11-30T06:00Z,973,6,8678,5588,7678,13.3,147,309,NONE,6.2,5.57,309,37,NORMAL,NORMAL
2025120100,KMFR,2025-12-01T00:00Z,974,12,10095,5469,9095,11.2,84,7,NONE,5.0,3.20,10,20,ABOVE,NORMAL
2025120106,KMFR,2025-12-01T06:00Z,975,6,13261,6077,12261,13.7,120,24,NONE,4.7,1.34,17,24,MUCH ABOVE,NORMAL
2025120200,KMFR,2025-12-02T00:00Z,974,6,11440,5377,10440,17.6,162,333,NONE,9.6,4.26,350,26,MUCH ABOVE,ABOVE
2025120206,KMFR,2025-12-02T06:00Z,975,7,11690,8884,10690,11.5,67,318,NONE,9.6,3.77,340,25,MUCH ABOVE,NORMAL
2025120300,KMFR,2025-12-03T00:00Z,975,6,5399,4654,4399,8.7,86,336,NONE,1.0,2.78,350,40,NORMAL,BELOW
2025120306,KMFR,2025-12-03T06:00Z,977,11,6001,4712,5001,8.8,39,32,NONE,0.9,2.52,22,39,NORMAL,BELOW
2025120400,KMFR,2025-12-04T00:00Z,978,12,8515,4731,7515,14.8,237,354,NONE,6.0,6.07,355,28,ABOVE,NORMAL
2025120406,KMFR,2025-12-04T06:00Z,980,7,9249,4761,8249,17.1,214,360,NONE,6.0,5.49,3,24,ABOVE,ABOVE
2025120500,KMFR,2025-12-05T00:00Z,980,14,10731,9399,9731,20.8,303,329,WEAK,7.0,3.92,330,40,MUCH ABOVE,MUCH ABOVE
2025120506,KMFR,2025-12-05T06:00Z,979,16,11509,8285,10509,19.0,247,314,NONE,6.6,2.72,318,37,MUCH ABOVE,ABOVE
2025120600,KMFR,2025-12-06T00:00Z,974,7,10375,10375,9375,26.7,394,294,WEAK,7.0,4.16,305,36,ABOVE,MUCH ABOVE
2025120606,KMFR,2025-12-06T06:00Z,974,6,9193,5956,8193,16.7,226,289,NONE,4.9,4.15,285,39,ABOVE,ABOVE
2025120700,KMFR,2025-12-07T00:00Z,976,158,8360,5696,7360,15.4,163,298,NONE,5.4,5.69,305,31,ABOVE,NORMAL
2025120706,KMFR,2025-12-07T06:00Z,976,50,8589,5860,7589,19.0,205,285,NONE,5.3,4.47,283,28,ABOVE,ABOVE
2025120800,KMFR,2025-12-08T00:00Z,979,7,8076,7940,7076,19.4,182,284,NONE,5.0,5.31,290,30,ABOVE,MUCH ABOVE
2025120806,KMFR,2025-12-08T06:00Z,980,22,8196,8170,7196,17.6,123,284,NONE,5.8,4.85,297,18,ABOVE,ABOVE
2025120900,KMFR,2025-12-09T00:00Z,979,7,9822,9796,8822,23.7,247,279,NONE,9.2,5.43,285,25,ABOVE,MUCH ABOVE
2025120906,KMFR,2025-12-09T06:00Z,978,6,11296,7576,10296,19.2,214,273,NONE,8.7,3.90,283,39,MUCH ABOVE,MUCH ABOVE
2025121000,KMFR,2025-12-10T00:00Z,978,7,11493,10228,10493,29.8,404,291,WEAK,7.2,3.28,295,40,MUCH ABOVE,MUCH ABOVE
2025121006,KMFR,2025-12-10T06:00Z,979,9,12595,8369,11595,25.7,248,291,NONE,8.6,3.02,305,28,MUCH ABOVE,MUCH ABOVE
2025121100,KMFR,2025-12-11T00:00Z,978,251,11963,7597,10963,12.4,95,269,NONE,12.2,6.38,275,26,MUCH ABOVE,NORMAL
2025121106,KMFR,2025-12-11T06:00Z,978,10,13307,8246,12307,13.8,102,267,NONE,13.2,6.07,285,31,MUCH ABOVE,NORMAL
2025121200,KMFR,2025-12-12T00:00Z,978,100,13122,7733,12122,8.4,22,296,NONE,12.2,4.11,310,23,MUCH ABOVE,BELOW
2025121206,KMFR,2025-12-12T06:00Z,978,7,13045,7840,12045,9.0,26,296,NONE,14.0,5.22,317,21,MUCH ABOVE,NORMAL
2025121300,KMFR,2025-12-13T00:00Z,976,28,13298,8285,12298,8.2,32,311,NONE,15.4,5.70,320,20,MUCH ABOVE,BELOW
2025121400,KMFR,2025-12-14T00:00Z,972,7,2332,2332,1332,7.9,44,211,NONE,15.2,5.32,210,18,BELOW,BELOW
2025121406,KMFR,2025-12-14T06:00Z,972,7,2100,2100,1329,8.7,44,202,NONE,13.1,4.28,202,16,BELOW,BELOW
2025121500,KMFR,2025-12-15T00:00Z,974,33,11413,7137,10413,16.1,169,244,NONE,12.4,6.51,245,25,MUCH ABOVE,ABOVE
2025121506,KMFR,2025-12-15T06:00Z,975,61,11598,9660,10598,18.9,184,239,NONE,12.8,6.07,238,29,MUCH ABOVE,ABOVE
2025121600,KMFR,2025-12-16T00:00Z,975,21,11040,11034,10040,28.4,490,250,WEAK,9.0,4.91,255,47,MUCH ABOVE,MUCH ABOVE
2025121606,KMFR,2025-12-16T06:00Z,977,144,10594,9044,9594,19.0,191,245,NONE,8.7,5.38,262,37,MUCH ABOVE,MUCH ABOVE
2025121700,KMFR,2025-12-17T00:00Z,971,325,9610,9610,8610,,,,NO DATA,9.2,6.51,250,43,ABOVE,--
2025121706,KMFR,2025-12-17T06:00Z,965,218,10075,10075,9075,29.7,547,240,MODERATE,8.7,5.37,242,53,ABOVE,MUCH ABOVE
2025121800,KMFR,2025-12-18T00:00Z,976,161,5173,4873,4173,10.1,114,281,NONE,0.2,2.53,280,26,NORMAL,NORMAL
2025121806,KMFR,2025-12-18T06:00Z,974,90,8904,4912,7904,14.2,230,278,NONE,4.3,4.01,280,28,ABOVE,NORMAL
2025121900,KMFR,2025-12-19T00:00Z,964,44,8173,7430,7173,17.2,274,242,WEAK,7.8,5.04,250,64,ABOVE,ABOVE
2025121906,KMFR,2025-12-19T06:00Z,961,36,8638,8638,7638,25.3,576,248,MODERATE,7.0,5.66,236,57,ABOVE,MUCH ABOVE
2025122000,KMFR,2025-12-20T00:00Z,967,51,5489,5489,4489,11.6,102,267,NONE,1.2,4.09,255,43,NORMAL,NORMAL
2025122006,KMFR,2025-12-20T06:00Z,970,189,4295,4088,3295,9.1,46,262,NONE,-0.7,3.39,257,29,NORMAL,NORMAL
2025122100,KMFR,2025-12-21T00:00Z,969,263,7513,4517,6513,10.8,154,257,NONE,2.4,4.70,240,37,ABOVE,NORMAL
2025122106,KMFR,2025-12-21T06:00Z,968,254,7165,7065,6165,20.0,282,234,WEAK,3.3,3.99,225,38,NORMAL,MUCH ABOVE
2025122200,KMFR,2025-12-22T00:00Z,960,92,7581,7573,6581,20.3,270,237,WEAK,6.2,5.94,245,41,ABOVE,MUCH ABOVE
2025122206,KMFR,2025-12-22T06:00Z,962,168,6900,6900,5900,18.3,237,231,NONE,5.1,6.56,227,47,NORMAL,MUCH ABOVE
2025122300,KMFR,2025-12-23T00:00Z,967,87,5725,4824,4725,9.7,59,232,NONE,2.2,4.22,240,39,NORMAL,NORMAL
2025122306,KMFR,2025-12-23T06:00Z,967,41,4803,4685,3803,9.9,43,214,NONE,0.1,3.44,214,28,NORMAL,NORMAL
2025122400,KMFR,2025-12-24T00:00Z,959,145,5471,5362,4471,18.7,238,193,NONE,1.0,3.68,180,50,NORMAL,ABOVE
2025122406,KMFR,2025-12-24T06:00Z,953,217,7536,7207,6536,18.5,328,184,WEAK,4.5,4.86,190,61,NORMAL,ABOVE
2025122500,KMFR,2025-12-25T00:00Z,954,7,6522,5925,5522,11.4,75,173,NONE,5.0,7.54,195,25,NORMAL,NORMAL
2025122506,KMFR,2025-12-25T06:00Z,953,193,6647,5535,5647,14.6,186,171,NONE,5.2,7.02,184,36,NORMAL,ABOVE
2025122600,KMFR,2025-12-26T00:00Z,958,8,4491,4446,3491,13.7,112,208,NONE,0.0,5.81,165,16,NORMAL,NORMAL
2025122606,KMFR,2025-12-26T06:00Z,955,253,4875,4712,3875,14.9,155,176,NONE,0.9,5.73,180,34,NORMAL,ABOVE
2025122700,KMFR,2025-12-27T00:00Z,963,200,4764,4763,3764,14.6,83,268,NONE,0.2,5.54,275,15,NORMAL,NORMAL
2025122706,KMFR,2025-12-27T06:00Z,968,13,4209,4027,3209,10.4,67,302,NONE,-1.3,5.06,288,21,NORMAL,NORMAL
2025122800,KMFR,2025-12-28T00:00Z,980,50,3632,3102,2632,9.5,67,358,NONE,-3.7,1.31,355,24,NORMAL,NORMAL
2025122806,KMFR,2025-12-28T06:00Z,983,10,3415,2833,2415,11.6,90,346,NONE,-3.2,0.78,360,15,NORMAL,NORMAL
2025122900,KMFR,2025-12-29T00:00Z,983,46,12125,4107,11125,8.1,41,82,NONE,1.6,0.13,80,22,MUCH ABOVE,BELOW
2025122906,KMFR,2025-12-29T06:00Z,984,6,12113,4295,11113,8.6,24,79,NONE,2.9,0.13,124,11,MUCH ABOVE,NORMAL
2025123000,KMFR,2025-12-30T00:00Z,980,6,13285,7245,12285,11.4,21,312,NONE,10.4,3.11,285,10,MUCH ABOVE,NORMAL
2025123006,KMFR,2025-12-30T06:00Z,980,23,13350,7794,12350,10.2,7,311,NONE,12.8,4.59,269,7,MUCH ABOVE,NORMAL
2025123100,KMFR,2025-12-31T00:00Z,975,15,12758,8399,11758,11.4,50,159,NONE,13.6,5.06,205,10,MUCH ABOVE,NORMAL
2025123106,KMFR,2025-12-31T06:00Z,975,6,12388,8115,11388,10.7,44,139,NONE,11.2,3.73,128,7,MUCH ABOVE,NORMAL
2026010100,KMFR,2026-01-01T00:00Z,968,10,10766,7937,9766,18.4,147,212,NONE,11.4,6.39,225,18,MUCH ABOVE,ABOVE
2026010106,KMFR,2026-01-01T06:00Z,967,18,10538,10453,9538,26.3,234,161,NONE,7.6,4.48,168,23,MUCH ABOVE,MUCH ABOVE
2026010200,KMFR,2026-01-02T00:00Z,962,5,9361,8985,8361,24.4,268,204,WEAK,7.2,5.14,215,32,ABOVE,MUCH ABOVE
2026010206,KMFR,2026-01-02T06:00Z,964,5,8468,8143,7468,22.9,215,218,NONE,6.8,6.19,231,29,ABOVE,MUCH ABOVE
2026010300,KMFR,2026-01-03T00:00Z,959,84,8454,7371,7454,14.5,223,172,NONE,8.2,5.79,190,49,ABOVE,NORMAL
2026010306,KMFR,2026-01-03T06:00Z,957,69,8166,7249,7166,18.7,397,181,WEAK,7.1,6.19,182,44,NORMAL,ABOVE
2026010400,KMFR,2026-01-04T00:00Z,953,6,6601,5530,5601,15.6,287,208,WEAK,4.4,6.64,215,57,NORMAL,ABOVE
2026010406,KMFR,2026-01-04T06:00Z,953,5,6493,6337,5493,17.4,352,213,WEAK,5.1,6.95,216,63,NORMAL,ABOVE
2026010500,KMFR,2026-01-05T00:00Z,958,5,5375,4483,4375,11.8,161,220,NONE,2.4,6.85,215,40,NORMAL,NORMAL
2026010506,KMFR,2026-01-05T06:00Z,960,5,5259,4833,4259,14.3,149,224,NONE,1.7,6.65,233,40,NORMAL,NORMAL
2026010600,KMFR,2026-01-06T00:00Z,967,100,5451,4987,4451,14.4,60,214,NONE,1.0,5.40,205,11,NORMAL,NORMAL
2026010606,KMFR,2026-01-06T06:00Z,970,20,5915,4855,4915,13.3,61,196,NONE,0.9,4.85,214,15,NORMAL,NORMAL
2026010700,KMFR,2026-01-07T00:00Z,971,5,5750,5556,4750,12.8,99,258,NONE,2.2,5.38,260,28,NORMAL,NORMAL
2026010706,KMFR,2026-01-07T06:00Z,970,10,5285,5258,4285,13.1,118,253,NONE,1.2,6.13,264,31,NORMAL,NORMAL
2026010800,KMFR,2026-01-08T00:00Z,965,210,3518,3345,2518,12.4,225,256,NONE,-1.9,6.32,290,43,NORMAL,NORMAL
2026010806,KMFR,2026-01-08T06:00Z,969,66,3465,3065,2465,10.6,110,303,NONE,-3.2,7.04,307,28,NORMAL,NORMAL
2026010900,KMFR,2026-01-09T00:00Z,982,6,3476,2962,2476,9.9,74,334,NONE,-3.7,3.18,340,42,NORMAL,NORMAL
2026010906,KMFR,2026-01-09T06:00Z,984,8,1306,1306,1329,9.7,52,344,NONE,-3.3,1.82,346,28,BELOW,NORMAL
2026011000,KMFR,2026-01-10T00:00Z,985,15,8524,5551,7524,10.1,6,22,NONE,7.0,6.59,315,7,NORMAL,NORMAL
2026011006,KMFR,2026-01-10T06:00Z,987,8,9764,5919,8764,10.6,23,170,NONE,7.6,5.79,226,3,ABOVE,NORMAL
2026011100,KMFR,2026-01-11T00:00Z,985,6,9575,5876,8575,10.1,51,243,NONE,8.0,6.41,230,14,ABOVE,NORMAL
2026011106,KMFR,2026-01-11T06:00Z,985,7,10256,5884,9256,8.7,37,230,NONE,8.8,5.89,249,16,ABOVE,BELOW
2026011200,KMFR,2026-01-12T00:00Z,983,5,11230,5697,10230,6.8,25,247,NONE,10.2,5.43,250,14,MUCH ABOVE,MUCH BELOW
2026011206,KMFR,2026-01-12T06:00Z,984,5,1306,1306,1329,6.8,19,233,NONE,10.3,4.71,254,12,BELOW,MUCH BELOW
2026011300,KMFR,2026-01-13T00:00Z,982,100,12323,8124,11323,9.0,20,223,NONE,15.2,7.32,205,10,MUCH ABOVE,BELOW
2026011306,KMFR,2026-01-13T06:00Z,982,5,1306,1306,1329,9.1,15,191,NONE,16.0,6.37,220,13,BELOW,NORMAL
2026011400,KMFR,2026-01-14T00:00Z,982,13,13550,8755,12550,6.1,7,161,NONE,17.1,6.67,207,8,MUCH ABOVE,MUCH BELOW
2026011406,KMFR,2026-01-14T06:00Z,984,5,14367,8531,13367,6.3,8,134,NONE,16.3,6.17,150,9,MUCH ABOVE,MUCH BELOW
2026011500,KMFR,2026-01-15T00:00Z,982,7,13847,8606,12847,5.9,6,340,NONE,15.2,4.81,35,2,MUCH ABOVE,MUCH BELOW
2026011506,KMFR,2026-01-15T06:00Z,982,6,1306,1306,1329,6.5,7,17,NONE,16.4,5.30,276,5,BELOW,MUCH BELOW
2026011600,KMFR,2026-01-16T00:00Z,977,13,13642,8881,12642,4.9,19,88,NONE,14.4,4.31,55,20,MUCH ABOVE,MUCH BELOW
2026011606,KMFR,2026-01-16T06:00Z,977,7,1306,1306,1329,5.3,32,83,NONE,14.5,4.94,63,18,BELOW,MUCH BELOW
2026011700,KMFR,2026-01-17T00:00Z,976,8,13257,8393,12257,4.4,12,60,NONE,16.8,6.05,30,24,MUCH ABOVE,MUCH BELOW
2026011706,KMFR,2026-01-17T06:00Z,977,6,14062,8151,13062,5.2,17,77,NONE,15.9,5.89,38,17,MUCH ABOVE,MUCH BELOW
2026011800,KMFR,2026-01-18T00:00Z,975,7,13811,8293,12811,6.2,5,241,NONE,14.6,5.71,345,6,MUCH ABOVE,MUCH BELOW
2026011806,KMFR,2026-01-18T06:00Z,976,7,13448,8362,12448,7.4,9,249,NONE,13.3,4.79,293,10,MUCH ABOVE,BELOW
2026011900,KMFR,2026-01-19T00:00Z,976,15,12256,7071,11256,6.9,16,352,NONE,12.4,6.26,15,7,MUCH ABOVE,BELOW
2026011906,KMFR,2026-01-19T06:00Z,977,6,12277,7992,11277,8.5,24,55,NONE,12.8,5.56,35,12,MUCH ABOVE,BELOW
2026012000,KMFR,2026-01-20T00:00Z,975,6,12041,7161,11041,5.8,19,99,NONE,12.4,5.50,80,9,MUCH ABOVE,MUCH BELOW
2026012006,KMFR,2026-01-20T06:00Z,975,7,12621,6974,11621,5.4,26,129,NONE,11.9,4.50,100,3,MUCH ABOVE,MUCH BELOW
2026012100,KMFR,2026-01-21T00:00Z,974,100,11820,6615,10820,5.7,9,206,NONE,11.4,5.40,235,4,MUCH ABOVE,MUCH BELOW
2026012106,KMFR,2026-01-21T06:00Z,974,7,11581,7070,10581,8.8,17,238,NONE,10.9,5.14,265,1,MUCH ABOVE,NORMAL
2026012200,KMFR,2026-01-22T00:00Z,972,6,11194,5798,10194,8.5,35,280,NONE,10.0,5.42,285,6,MUCH ABOVE,BELOW
2026012206,KMFR,2026-01-22T06:00Z,973,43,11142,5838,10142,9.1,13,319,NONE,9.2,4.92,345,6,MUCH ABOVE,NORMAL
2026012300,KMFR,2026-01-23T00:00Z,971,48,9630,5747,8630,8.2,49,336,NONE,9.6,6.15,345,15,ABOVE,BELOW
2026012306,KMFR,2026-01-23T06:00Z,972,100,8763,4872,7763,12.2,92,325,NONE,6.7,5.99,328,18,ABOVE,NORMAL
2026012400,KMFR,2026-01-24T00:00Z,970,7,7091,6370,6091,12.2,72,6,NONE,4.4,5.46,15,14,NORMAL,NORMAL
2026012406,KMFR,2026-01-24T06:00Z,972,8,7510,5284,6510,7.7,35,29,NONE,3.8,5.73,46,16,NORMAL,BELOW
2026012500,KMFR,2026-01-25T00:00Z,973,144,8792,4157,7792,2.8,11,33,NONE,6.4,6.07,30,21,ABOVE,MUCH BELOW
2026012506,KMFR,2026-01-25T06:00Z,975,234,8353,1306,7353,4.0,14,3,NONE,6.5,6.66,41,7,NORMAL,MUCH BELOW
2026012600,KMFR,2026-01-26T00:00Z,975,11,8271,4580,7271,5.1,22,285,NONE,7.2,7.23,260,13,NORMAL,MUCH BELOW
2026012606,KMFR,2026-01-26T06:00Z,976,8,8314,4382,7314,6.1,38,237,NONE,6.6,6.86,243,11,NORMAL,MUCH BELOW
2026012700,KMFR,2026-01-27T00:00Z,976,11,7431,5001,6431,7.3,36,241,NONE,6.0,6.11,240,14,NORMAL,BELOW
2026012706,KMFR,2026-01-27T06:00Z,976,7,8684,4942,7684,7.8,34,228,NONE,6.5,6.21,155,11,ABOVE,BELOW
2026012800,KMFR,2026-01-28T00:00Z,970,244,7549,5382,6549,12.9,209,197,NONE,6.4,7.52,205,38,NORMAL,NORMAL
2026012806,KMFR,2026-01-28T06:00Z,977,6,5928,5165,4928,11.9,111,222,NONE,2.1,6.98,235,35,NORMAL,NORMAL
2026012900,KMFR,2026-01-29T00:00Z,981,143,7113,5938,6113,14.4,81,267,NONE,3.6,6.33,287,17,NORMAL,NORMAL
2026012906,KMFR,2026-01-29T06:00Z,982,11,7142,5922,6142,15.5,99,256,NONE,3.0,5.15,258,24,NORMAL,ABOVE
2026013000,KMFR,2026-01-30T00:00Z,980,114,9567,5883,8567,17.2,173,270,NONE,7.8,5.39,270,24,ABOVE,ABOVE
2026013006,KMFR,2026-01-30T06:00Z,979,8,11184,7227,10184,13.7,117,235,NONE,8.6,4.55,241,22,MUCH ABOVE,NORMAL
2026013100,KMFR,2026-01-31T00:00Z,978,6,10940,5967,9940,11.8,162,249,NONE,10.4,5.94,245,29,MUCH ABOVE,NORMAL
2026013106,KMFR,2026-01-31T06:00Z,978,19,11060,6156,10060,13.1,115,243,NONE,10.6,5.67,251,15,MUCH ABOVE,NORMAL
2026020100,KMFR,2026-02-01T00:00Z,973,53,10240,6801,9240,8.2,84,208,NONE,12.4,7.81,215,33,ABOVE,BELOW
2026020106,KMFR,2026-02-01T06:00Z,972,80,9360,6483,8360,8.8,118,202,NONE,11.7,8.61,217,35,ABOVE,NORMAL
2026020200,KMFR,2026-02-02T00:00Z,976,7,7170,6655,6170,14.3,70,252,NONE,5.2,8.33,235,20,NORMAL,NORMAL
2026020206,KMFR,2026-02-02T06:00Z,978,140,7504,6570,6504,13.1,44,269,NONE,4.8,4.94,277,21,NORMAL,NORMAL
2026020300,KMFR,2026-02-03T00:00Z,979,11,10800,7524,9800,11.3,16,285,NONE,9.4,5.32,270,7,MUCH ABOVE,NORMAL
2026020306,KMFR,2026-02-03T06:00Z,979,144,10846,7507,9846,9.1,33,180,NONE,11.6,6.65,219,6,MUCH ABOVE,NORMAL
2026020400,KMFR,2026-02-04T00:00Z,981,100,11965,7408,10965,10.1,26,273,NONE,13.4,6.13,155,2,MUCH ABOVE,NORMAL
2026020406,KMFR,2026-02-04T06:00Z,981,5,12644,8734,11644,11.0,31,199,NONE,14.8,6.33,171,5,MUCH ABOVE,NORMAL
2026020500,KMFR,2026-02-05T00:00Z,977,6,12942,8153,11942,5.4,12,138,NONE,16.8,6.79,200,8,MUCH ABOVE,MUCH BELOW
2026020506,KMFR,2026-02-05T06:00Z,976,6,13215,8629,12215,6.3,41,124,NONE,14.8,4.93,104,11,MUCH ABOVE,MUCH BELOW
2026020600,KMFR,2026-02-06T00:00Z,970,9,10920,7402,9920,8.6,57,169,NONE,14.2,7.76,175,21,MUCH ABOVE,BELOW
2026020606,KMFR,2026-02-06T06:00Z,971,123,10541,7334,9541,8.9,70,169,NONE,12.7,7.46,165,22,ABOVE,NORMAL
2026020700,KMFR,2026-02-07T00:00Z,972,6,9105,7070,8105,12.5,77,214,NONE,11.0,8.56,210,23,ABOVE,NORMAL
2026020706,KMFR,2026-02-07T06:00Z,974,5,8717,7336,7717,12.9,90,211,NONE,9.6,7.76,217,23,NORMAL,NORMAL
2026020800,KMFR,2026-02-08T00:00Z,977,6,10038,7679,9038,17.7,263,241,WEAK,7.2,4.90,245,42,ABOVE,ABOVE
2026020806,KMFR,2026-02-08T06:00Z,977,305,8845,8458,7845,,,,NO DATA,7.2,5.86,248,37,NORMAL,--
2026020900,KMFR,2026-02-09T00:00Z,977,116,4736,4736,3736,19.0,255,245,WEAK,0.0,3.57,260,38,NORMAL,MUCH ABOVE
2026020906,KMFR,2026-02-09T06:00Z,978,8,5226,5031,4226,12.7,128,268,NONE,0.3,6.27,266,36,NORMAL,NORMAL
2026021000,KMFR,2026-02-10T00:00Z,978,12,5511,4910,4511,8.9,0,86,NONE,1.2,4.74,15,4,NORMAL,NORMAL
2026021006,KMFR,2026-02-10T06:00Z,974,6,7306,4610,6306,8.3,21,145,NONE,2.2,5.03,134,8,NORMAL,BELOW
2026021100,KMFR,2026-02-11T00:00Z,962,8,8245,4907,7245,8.2,29,181,NONE,5.6,6.20,195,3,NORMAL,BELOW
2026021106,KMFR,2026-02-11T06:00Z,963,7,6726,6052,5726,15.2,102,136,NONE,5.6,7.41,55,14,NORMAL,ABOVE
2026021200,KMFR,2026-02-12T00:00Z,968,101,7583,6756,6583,15.3,53,168,NONE,6.2,7.77,235,3,NORMAL,ABOVE
2026021206,KMFR,2026-02-12T06:00Z,973,6,7238,6808,6238,15.7,25,151,NONE,5.9,7.28,180,5,NORMAL,ABOVE
2026021300,KMFR,2026-02-13T00:00Z,976,6,6991,6360,5991,12.7,41,315,NONE,4.8,7.29,330,13,NORMAL,NORMAL
2026021306,KMFR,2026-02-13T06:00Z,976,7,6729,6694,5729,13.3,26,323,NONE,4.5,4.64,353,11,NORMAL,NORMAL
2026021400,KMFR,2026-02-14T00:00Z,971,7,7055,5947,6055,14.9,143,254,NONE,3.8,6.38,250,31,NORMAL,ABOVE
2026021406,KMFR,2026-02-14T06:00Z,971,128,6391,4895,5391,14.9,124,243,NONE,2.6,6.16,255,28,NORMAL,ABOVE
2026021500,KMFR,2026-02-15T00:00Z,965,100,6580,5861,5580,15.8,151,197,NONE,4.0,5.74,225,33,NORMAL,ABOVE
2026021506,KMFR,2026-02-15T06:00Z,964,118,6506,5432,5506,13.9,130,191,NONE,4.6,6.90,197,40,NORMAL,NORMAL
2026021600,KMFR,2026-02-16T00:00Z,963,6,6513,5682,5513,14.6,91,157,NONE,4.8,7.56,135,11,NORMAL,ABOVE
2026021606,KMFR,2026-02-16T06:00Z,961,5,6434,5822,5434,15.7,132,160,NONE,4.2,6.71,157,21,NORMAL,ABOVE
2026021700,KMFR,2026-02-17T00:00Z,953,7,3321,2891,2321,7.6,52,288,NONE,-2.7,4.89,260,28,BELOW,BELOW
2026021706,KMFR,2026-02-17T06:00Z,952,7,3189,2266,2189,7.2,76,254,NONE,-3.1,7.71,251,30,BELOW,BELOW
2026021718,KMFR,2026-02-17T18:00Z,952,100,1517,1517,1329,8.3,75,239,NONE,-4.5,6.80,235,26,MUCH BELOW,BELOW
2026021800,KMFR,2026-02-18T00:00Z,953,6,2452,1951,1452,8.2,54,246,NONE,-3.9,8.01,250,22,BELOW,BELOW
2026021806,KMFR,2026-02-18T06:00Z,957,6,2388,1664,1388,6.9,35,265,NONE,-5.6,7.03,278,15,MUCH BELOW,BELOW
2026021900,KMFR,2026-02-19T00:00Z,963,6,3087,2462,2087,8.2,41,260,NONE,-4.1,7.61,260,16,BELOW,BELOW
2026021906,KMFR,2026-02-19T06:00Z,961,6,3346,1942,2346,8.7,52,223,NONE,-3.5,6.99,244,30,BELOW,NORMAL
2026022000,KMFR,2026-02-20T00:00Z,962,19,3128,2300,2128,7.6,43,332,NONE,-3.7,7.73,350,19,BELOW,BELOW
2026022006,KMFR,2026-02-20T06:00Z,966,104,2982,2367,1982,7.9,35,337,NONE,-4.8,6.68,334,17,BELOW,BELOW
2026022100,KMFR,2026-02-21T00:00Z,967,7,3862,2788,2862,7.3,39,219,NONE,-1.9,3.55,210,18,NORMAL,BELOW
2026022106,KMFR,2026-02-21T06:00Z,967,6,4449,2632,3449,11.4,118,222,NONE,-0.8,4.65,235,28,NORMAL,NORMAL
2026022200,KMFR,2026-02-22T00:00Z,966,7,5480,3933,4480,11.8,186,203,NONE,1.6,4.74,215,49,NORMAL,NORMAL
2026022206,KMFR,2026-02-22T06:00Z,966,266,5912,4064,4912,7.6,128,190,NONE,2.8,4.28,206,56,NORMAL,BELOW
2026022300,KMFR,2026-02-23T00:00Z,970,50,7570,6653,6570,15.2,201,214,NONE,6.0,6.86,210,53,NORMAL,ABOVE
2026022306,KMFR,2026-02-23T06:00Z,973,7,7126,6880,6126,16.4,223,217,NONE,4.9,6.31,216,55,NORMAL,ABOVE
2026022400,KMFR,2026-02-24T00:00Z,971,27,7006,6674,6006,21.8,367,228,WEAK,5.8,6.63,230,40,NORMAL,MUCH ABOVE
2026022406,KMFR,2026-02-24T06:00Z,969,23,7995,7857,6995,25.3,441,228,WEAK,4.4,3.45,229,61,ABOVE,MUCH ABOVE
2026022500,KMFR,2026-02-25T00:00Z,966,13,8341,8341,7341,23.9,353,241,WEAK,6.8,5.80,255,40,ABOVE,MUCH ABOVE
2026022506,KMFR,2026-02-25T06:00Z,967,102,8615,8326,7615,19.6,162,238,NONE,6.3,5.48,239,30,ABOVE,MUCH ABOVE
2026022600,KMFR,2026-02-26T00:00Z,974,268,6981,6566,5981,14.3,113,265,NONE,4.2,4.83,255,39,NORMAL,ABOVE
2026022700,KMFR,2026-02-27T00:00Z,977,220,9832,5697,8832,14.7,157,269,NONE,8.2,5.78,280,19,MUCH ABOVE,ABOVE
2026022800,KMFR,2026-02-28T00:00Z,975,121,11604,7882,10604,12.8,35,264,NONE,9.8,4.91,300,13,MUCH ABOVE,NORMAL
2026022806,KMFR,2026-02-28T06:00Z,974,35,11549,7952,10549,12.0,14,246,NONE,10.3,4.60,307,3,MUCH ABOVE,NORMAL
2026030100,KMFR,2026-03-01T00:00Z,970,100,8927,8927,7927,23.0,180,231,NONE,8.8,6.92,250,29,ABOVE,MUCH ABOVE
2026030106,KMFR,2026-03-01T06:00Z,969,135,8734,8370,7734,20.5,101,230,NONE,9.1,7.37,228,21,ABOVE,MUCH ABOVE
2026030200,KMFR,2026-03-02T00:00Z,968,144,7410,7410,6410,22.4,66,226,NONE,5.2,6.09,215,17,NORMAL,MUCH ABOVE
2026030206,KMFR,2026-03-02T06:00Z,970,7,7031,6771,6031,19.9,55,194,NONE,4.3,6.32,253,11,NORMAL,MUCH ABOVE
2026030300,KMFR,2026-03-03T00:00Z,973,12,7258,6804,6258,15.0,33,315,NONE,5.8,6.10,280,3,NORMAL,ABOVE
2026030306,KMFR,2026-03-03T06:00Z,973,6,8182,7426,7182,14.3,23,163,NONE,6.2,5.24,63,3,NORMAL,NORMAL
2026030400,KMFR,2026-03-04T00:00Z,971,21,9776,6985,8776,13.3,74,245,NONE,7.4,5.02,240,23,ABOVE,NORMAL
2026030406,KMFR,2026-03-04T06:00Z,971,147,8944,6422,7944,19.0,180,237,NONE,5.5,4.79,250,24,ABOVE,MUCH ABOVE
2026030500,KMFR,2026-03-05T00:00Z,973,6,5003,4417,4003,12.5,142,277,NONE,0.2,7.56,285,26,NORMAL,NORMAL
2026030506,KMFR,2026-03-05T06:00Z,977,6,4386,4386,3386,13.0,123,316,NONE,-1.3,6.71,330,29,NORMAL,NORMAL
2026030600,KMFR,2026-03-06T00:00Z,981,7,4640,4409,3640,12.8,114,344,NONE,-1.1,3.94,350,44,NORMAL,NORMAL
2026030606,KMFR,2026-03-06T06:00Z,983,8,4452,4289,3452,11.9,104,355,NONE,-1.7,2.08,348,38,NORMAL,NORMAL
2026030700,KMFR,2026-03-07T00:00Z,981,100,8429,6719,7429,19.6,205,0,NONE,2.6,3.40,355,22,NORMAL,MUCH ABOVE
2026030706,KMFR,2026-03-07T06:00Z,982,239,10095,8400,9095,22.5,274,11,WEAK,4.5,3.32,10,37,ABOVE,MUCH ABOVE
2026030800,KMFR,2026-03-08T00:00Z,979,7,11840,8051,10840,15.2,99,352,NONE,10.4,5.02,355,26,MUCH ABOVE,ABOVE
2026030806,KMFR,2026-03-08T06:00Z,978,6,11955,9089,10955,17.5,47,319,NONE,10.3,4.50,333,26,MUCH ABOVE,ABOVE
2026030900,KMFR,2026-03-09T00:00Z,970,95,11013,6706,10013,18.0,185,285,NONE,8.6,4.93,295,24,MUCH ABOVE,MUCH ABOVE
2026030906,KMFR,2026-03-09T06:00Z,970,6,7441,7441,6441,14.3,100,296,NONE,5.8,3.32,294,29,NORMAL,NORMAL
2026031000,KMFR,2026-03-10T00:00Z,970,7,5384,4210,4384,6.1,43,285,NONE,1.0,3.94,290,27,NORMAL,MUCH BELOW
2026031006,KMFR,2026-03-10T06:00Z,972,6,4469,3754,3469,10.2,140,285,NONE,-0.8,4.24,275,38,NORMAL,NORMAL
2026031100,KMFR,2026-03-11T00:00Z,978,6,5017,3631,4017,12.3,231,296,NONE,-0.1,5.12,300,44,NORMAL,NORMAL
2026031106,KMFR,2026-03-11T06:00Z,980,201,5092,3717,4092,11.9,161,293,NONE,-0.1,3.66,302,42,NORMAL,NORMAL
2026031200,KMFR,2026-03-12T00:00Z,981,8,9695,6624,8695,16.0,237,274,NONE,6.4,4.65,275,42,ABOVE,ABOVE
2026031206,KMFR,2026-03-12T06:00Z,981,6,10322,5941,9322,12.8,208,276,NONE,6.4,4.19,278,52,ABOVE,NORMAL
2026031300,KMFR,2026-03-13T00:00Z,979,100,10480,8347,9480,15.9,155,272,NONE,6.4,3.92,270,35,ABOVE,ABOVE
2026031306,KMFR,2026-03-13T06:00Z,978,9,10627,8135,9627,15.0,106,271,NONE,7.1,4.17,265,27,ABOVE,ABOVE
2026031400,KMFR,2026-03-14T00:00Z,973,8,10187,6629,9187,12.6,120,274,NONE,7.2,4.56,275,30,ABOVE,NORMAL
2026031406,KMFR,2026-03-14T06:00Z,972,6,8658,6042,7658,15.6,204,273,NONE,7.3,5.23,278,32,NORMAL,ABOVE
2026031500,KMFR,2026-03-15T00:00Z,975,100,8911,5904,7911,10.2,109,314,NONE,6.2,5.19,320,33,NORMAL,NORMAL
2026031506,KMFR,2026-03-15T06:00Z,978,224,10427,4882,9427,11.9,169,314,NONE,6.0,3.56,323,30,ABOVE,NORMAL
2026031600,KMFR,2026-03-16T00:00Z,977,7,11813,10635,10813,19.0,257,302,WEAK,11.2,5.52,305,22,MUCH ABOVE,ABOVE
2026031606,KMFR,2026-03-16T06:00Z,978,7,12352,8441,11352,18.7,229,309,NONE,10.4,4.01,320,31,MUCH ABOVE,ABOVE
2026031700,KMFR,2026-03-17T00:00Z,974,6,13151,8285,12151,8.6,47,283,NONE,16.0,7.20,280,21,MUCH ABOVE,BELOW
2026031706,KMFR,2026-03-17T06:00Z,974,5,13976,9288,12976,9.9,46,270,NONE,15.9,6.32,285,23,MUCH ABOVE,NORMAL
2026031800,KMFR,2026-03-18T00:00Z,970,7,14547,9058,13547,9.7,67,245,NONE,17.6,6.54,240,25,MUCH ABOVE,NORMAL
2026031806,KMFR,2026-03-18T06:00Z,970,6,15075,8529,14075,11.7,91,241,NONE,16.7,6.36,248,28,MUCH ABOVE,NORMAL
2026031900,KMFR,2026-03-19T00:00Z,972,6,13050,8370,12050,8.4,60,251,NONE,16.6,7.43,240,23,MUCH ABOVE,BELOW
2026031906,KMFR,2026-03-19T06:00Z,974,7,14393,8343,13393,11.1,68,246,NONE,15.6,7.08,233,25,MUCH ABOVE,NORMAL
2026032000,KMFR,2026-03-20T00:00Z,974,6,13115,8945,12115,12.1,132,254,NONE,17.4,7.16,265,30,MUCH ABOVE,NORMAL
2026032006,KMFR,2026-03-20T06:00Z,974,6,13005,10385,12005,14.9,160,250,NONE,16.2,6.73,267,32,MUCH ABOVE,ABOVE
2026032100,KMFR,2026-03-21T00:00Z,971,6,12287,9156,11287,17.6,138,247,NONE,14.6,6.22,230,30,MUCH ABOVE,ABOVE
2026032106,KMFR,2026-03-21T06:00Z,970,6,12526,9360,11526,20.7,187,242,NONE,13.7,5.62,239,29,MUCH ABOVE,MUCH ABOVE
2026032200,KMFR,2026-03-22T00:00Z,973,6,7933,6839,6933,9.8,59,296,NONE,7.4,4.21,285,19,NORMAL,NORMAL
2026032206,KMFR,2026-03-22T06:00Z,977,6,12119,5035,11119,6.4,25,339,NONE,4.9,2.49,311,16,MUCH ABOVE,MUCH BELOW
2026032300,KMFR,2026-03-23T00:00Z,970,100,11463,6728,10463,10.4,73,252,NONE,11.8,5.78,230,10,MUCH ABOVE,NORMAL
2026032306,KMFR,2026-03-23T06:00Z,970,7,11030,7922,10030,13.1,89,255,NONE,10.3,5.41,237,15,MUCH ABOVE,NORMAL
2026032400,KMFR,2026-03-24T00:00Z,968,7,12033,7902,11033,21.4,316,254,WEAK,10.0,5.17,255,28,MUCH ABOVE,MUCH ABOVE
2026032406,KMFR,2026-03-24T06:00Z,971,5,8304,7206,7304,21.4,390,249,WEAK,8.1,4.32,247,29,NORMAL,MUCH ABOVE
2026032500,KMFR,2026-03-25T00:00Z,970,100,10737,10737,9737,26.0,383,244,WEAK,9.6,5.29,240,42,MUCH ABOVE,MUCH ABOVE
2026032506,KMFR,2026-03-25T06:00Z,971,6,10075,10075,9075,25.0,351,241,WEAK,8.8,5.73,247,40,ABOVE,MUCH ABOVE
2026032600,KMFR,2026-03-26T00:00Z,973,9,6994,5750,5994,10.0,100,258,NONE,5.6,5.86,245,35,NORMAL,NORMAL
2026032606,KMFR,2026-03-26T06:00Z,979,6,4846,4352,3846,10.3,61,301,NONE,-0.2,3.20,268,27,NORMAL,NORMAL
2026032700,KMFR,2026-03-27T00:00Z,979,8,9917,6010,8917,6.5,4,117,NONE,7.0,4.90,60,5,ABOVE,MUCH BELOW
2026032706,KMFR,2026-03-27T06:00Z,977,7,11289,6119,10289,6.7,13,154,NONE,9.4,4.41,253,3,MUCH ABOVE,MUCH BELOW
2026032800,KMFR,2026-03-28T00:00Z,968,7,11573,7358,10573,7.0,44,244,NONE,15.4,7.45,230,9,MUCH ABOVE,MUCH BELOW
2026032806,KMFR,2026-03-28T06:00Z,970,7,11427,7274,10427,10.5,66,262,NONE,12.1,5.62,217,17,MUCH ABOVE,NORMAL
2026032900,KMFR,2026-03-29T00:00Z,970,100,8937,8044,7937,17.7,179,266,NONE,11.6,8.93,260,26,ABOVE,ABOVE
2026032906,KMFR,2026-03-29T06:00Z,972,7,9301,8207,8301,16.6,200,265,NONE,9.4,7.04,262,31,ABOVE,ABOVE
2026033000,KMFR,2026-03-30T00:00Z,967,6,9396,7512,8396,11.4,139,250,NONE,12.2,8.78,235,32,ABOVE,NORMAL
2026033006,KMFR,2026-03-30T06:00Z,969,6,9268,6952,8268,14.8,125,251,NONE,7.5,5.34,244,31,ABOVE,NORMAL
2026033100,KMFR,2026-03-31T00:00Z,968,7,7805,7760,6805,22.8,248,224,NONE,7.0,6.58,215,36,NORMAL,MUCH ABOVE
2026033106,KMFR,2026-03-31T06:00Z,966,8,8245,6997,7245,20.6,217,224,NONE,6.9,7.09,213,41,NORMAL,MUCH ABOVE
2026040100,KMFR,2026-04-01T00:00Z,961,6,7582,7149,6582,17.6,111,242,NONE,6.5,7.50,218,22,NORMAL,ABOVE
2026040106,KMFR,2026-04-01T06:00Z,962,6,7047,6795,6047,16.3,134,225,NONE,4.8,6.37,230,29,NORMAL,ABOVE
2026040200,KMFR,2026-04-02T00:00Z,957,100,5313,5207,4313,16.1,275,241,WEAK,2.0,5.78,255,32,NORMAL,ABOVE
2026040206,KMFR,2026-04-02T06:00Z,961,7,3868,3249,2868,10.4,183,243,NONE,-1.3,7.25,259,44,BELOW,NORMAL
2026040300,KMFR,2026-04-03T00:00Z,975,9,5148,4244,4148,9.0,48,307,NONE,0.4,5.71,350,16,NORMAL,BELOW
2026040306,KMFR,2026-04-03T06:00Z,979,6,5167,4610,4167,10.0,50,0,NONE,0.3,2.92,353,20,NORMAL,NORMAL
2026040400,KMFR,2026-04-04T00:00Z,977,7,10072,6488,9072,12.5,27,17,NONE,9.2,6.13,25,8,ABOVE,NORMAL
2026040406,KMFR,2026-04-04T06:00Z,977,7,10525,7785,9525,12.4,17,67,NONE,11.1,6.81,91,6,ABOVE,NORMAL
2026040500,KMFR,2026-04-05T00:00Z,971,7,11313,7904,10313,9.9,28,145,NONE,15.8,8.35,115,10,MUCH ABOVE,NORMAL
2026040506,KMFR,2026-04-05T06:00Z,971,41,11289,8558,10289,11.4,41,164,NONE,16.5,8.97,163,12,MUCH ABOVE,NORMAL
2026040600,KMFR,2026-04-06T00:00Z,968,7,10728,8614,9728,11.3,32,221,NONE,15.4,8.86,185,13,ABOVE,NORMAL
2026040606,KMFR,2026-04-06T06:00Z,970,9,10853,8783,9853,17.3,31,300,NONE,12.7,7.01,169,10,ABOVE,ABOVE
2026040700,KMFR,2026-04-07T00:00Z,968,100,10704,8869,9704,16.4,69,269,NONE,14.4,8.25,235,9,ABOVE,ABOVE
2026040706,KMFR,2026-04-07T06:00Z,970,6,11470,8717,10470,15.0,57,281,NONE,12.2,6.03,241,16,MUCH ABOVE,NORMAL
2026040800,KMFR,2026-04-08T00:00Z,969,100,10948,7842,9948,13.2,83,267,NONE,12.0,6.53,255,14,ABOVE,NORMAL
2026040806,KMFR,2026-04-08T06:00Z,970,8,9846,7729,8846,15.9,102,265,NONE,10.5,7.25,264,20,ABOVE,ABOVE
2026040900,KMFR,2026-04-09T00:00Z,966,6,9888,9142,8888,18.2,51,263,NONE,13.0,8.61,225,9,ABOVE,ABOVE
2026040906,KMFR,2026-04-09T06:00Z,970,7,9396,9030,8396,24.5,35,159,NONE,8.6,6.27,262,8,ABOVE,MUCH ABOVE
2026041000,KMFR,2026-04-10T00:00Z,967,100,8905,8545,7905,22.6,165,187,NONE,8.8,7.17,175,27,ABOVE,MUCH ABOVE
2026041006,KMFR,2026-04-10T06:00Z,967,7,8796,8515,7796,22.6,105,170,NONE,9.4,7.36,182,26,ABOVE,MUCH ABOVE
2026041100,KMFR,2026-04-11T00:00Z,961,5,7772,7670,6772,20.9,88,181,NONE,7.4,7.08,190,13,NORMAL,MUCH ABOVE
2026041106,KMFR,2026-04-11T06:00Z,962,6,6929,6929,5929,19.6,83,199,NONE,5.6,6.81,210,14,NORMAL,MUCH ABOVE
2026041200,KMFR,2026-04-12T00:00Z,959,6,6545,6347,5545,18.0,143,179,NONE,3.6,6.14,170,28,NORMAL,ABOVE
2026041300,KMFR,2026-04-13T00:00Z,962,100,6366,5885,5366,13.9,16,257,NONE,4.8,7.70,140,5,NORMAL,NORMAL
2026041306,KMFR,2026-04-13T06:00Z,967,6,5758,5723,4758,16.5,81,313,NONE,2.3,6.23,305,12,NORMAL,ABOVE
2026041400,KMFR,2026-04-14T00:00Z,972,6,6243,5693,5243,12.7,54,289,NONE,3.4,6.02,285,15,NORMAL,NORMAL
2026041500,KMFR,2026-04-15T00:00Z,972,12,7477,6140,6477,14.2,170,275,NONE,4.4,5.72,265,32,NORMAL,NORMAL
2026041506,KMFR,2026-04-15T06:00Z,972,6,6033,5359,5033,19.7,225,269,NONE,1.5,2.07,281,31,NORMAL,MUCH ABOVE
2026041600,KMFR,2026-04-16T00:00Z,969,5,4829,4740,3829,11.3,99,282,NONE,0.0,7.41,255,38,BELOW,NORMAL
2026041606,KMFR,2026-04-16T06:00Z,974,7,3619,2854,2619,6.9,65,295,NONE,-3.2,7.57,308,22,MUCH BELOW,MUCH BELOW
2026041700,KMFR,2026-04-17T00:00Z,978,7,4942,3567,3942,6.4,41,350,NONE,-0.3,5.79,10,30,BELOW,MUCH BELOW
2026041706,KMFR,2026-04-17T06:00Z,978,6,4931,3596,3931,6.8,38,358,NONE,-0.3,4.83,18,14,BELOW,MUCH BELOW
2026041800,KMFR,2026-04-18T00:00Z,972,100,8937,5792,7937,7.7,37,291,NONE,7.8,6.32,120,2,NORMAL,MUCH BELOW
2026041806,KMFR,2026-04-18T06:00Z,971,5,9006,6353,8006,10.4,42,281,NONE,8.7,6.56,232,8,NORMAL,NORMAL
2026041900,KMFR,2026-04-19T00:00Z,965,6,9878,7941,8878,12.0,50,202,NONE,13.2,8.36,205,17,ABOVE,NORMAL
2026041906,KMFR,2026-04-19T06:00Z,964,5,10148,8420,9148,17.0,94,187,NONE,12.3,7.53,154,16,ABOVE,ABOVE
2026042000,KMFR,2026-04-20T00:00Z,961,6,9336,7854,8336,16.9,169,169,NONE,12.4,8.88,170,20,NORMAL,ABOVE
2026042006,KMFR,2026-04-20T06:00Z,962,8,9734,6925,8734,13.3,157,177,NONE,11.8,7.70,169,42,NORMAL,NORMAL
2026042100,KMFR,2026-04-21T00:00Z,962,11,8557,7144,7557,17.3,303,180,WEAK,8.6,6.94,185,41,NORMAL,ABOVE
2026042106,KMFR,2026-04-21T06:00Z,964,6,7093,6446,6093,18.2,237,174,NONE,5.9,7.06,194,30,NORMAL,ABOVE
2026042200,KMFR,2026-04-22T00:00Z,964,7,6465,5828,5465,14.7,60,214,NONE,3.4,6.52,220,17,NORMAL,NORMAL
2026042206,KMFR,2026-04-22T06:00Z,968,6,5272,5272,4272,15.9,48,267,NONE,1.0,5.66,269,6,BELOW,NORMAL
2026042300,KMFR,2026-04-23T00:00Z,974,7,6379,6159,5379,16.8,120,309,NONE,3.4,7.46,320,17,NORMAL,ABOVE
2026042306,KMFR,2026-04-23T06:00Z,976,5,5656,5515,4656,12.8,60,334,NONE,1.7,4.42,336,23,NORMAL,NORMAL
2026042400,KMFR,2026-04-24T00:00Z,971,7,10141,5759,9141,7.2,22,353,NONE,7.6,4.82,0,12,NORMAL,MUCH BELOW
2026042406,KMFR,2026-04-24T06:00Z,970,5,10082,6079,9082,9.6,30,318,NONE,7.9,5.00,325,7,NORMAL,BELOW
2026042500,KMFR,2026-04-25T00:00Z,963,6,10033,6332,9033,7.3,36,303,NONE,10.6,6.59,275,12,NORMAL,MUCH BELOW
2026042506,KMFR,2026-04-25T06:00Z,964,5,9324,5993,8324,11.7,55,310,NONE,7.5,5.48,282,15,NORMAL,NORMAL
2026042600,KMFR,2026-04-26T00:00Z,960,8,7850,5433,6850,7.8,56,298,NONE,7.8,7.61,265,10,NORMAL,MUCH BELOW
2026042606,KMFR,2026-04-26T06:00Z,961,8,7018,5470,6018,9.1,48,330,NONE,6.2,7.92,277,9,NORMAL,BELOW
2026042700,KMFR,2026-04-27T00:00Z,963,6,6943,5690,5943,10.3,44,308,NONE,6.4,8.96,310,6,NORMAL,BELOW
2026042706,KMFR,2026-04-27T06:00Z,966,7,6555,5562,5555,11.7,50,351,NONE,4.7,8.48,230,4,NORMAL,NORMAL
2026042800,KMFR,2026-04-28T00:00Z,969,6,7478,6248,6478,12.1,33,329,NONE,7.0,8.80,190,3,NORMAL,NORMAL
2026042806,KMFR,2026-04-28T06:00Z,972,6,6969,5130,5969,11.0,25,325,NONE,5.8,7.42,116,1,NORMAL,NORMAL
2026042900,KMFR,2026-04-29T00:00Z,972,8,8354,6288,7354,10.1,53,326,NONE,9.2,7.97,315,3,NORMAL,BELOW
2026042906,KMFR,2026-04-29T06:00Z,974,6,8556,7551,7556,14.7,60,321,NONE,6.4,5.81,282,11,NORMAL,NORMAL
2026043000,KMFR,2026-04-30T00:00Z,970,8,10393,6972,9393,10.1,43,316,NONE,10.6,6.57,320,8,NORMAL,BELOW
2026043006,KMFR,2026-04-30T06:00Z,971,7,10787,7576,9787,11.7,19,25,NONE,9.9,5.92,105,11,ABOVE,NORMAL
2026050100,KMFR,2026-05-01T00:00Z,967,7,11100,9429,10100,13.1,11,312,NONE,15.6,8.72,205,7,ABOVE,NORMAL
2026050106,KMFR,2026-05-01T06:00Z,968,7,10984,9939,9984,16.7,13,340,NONE,14.0,7.48,156,10,ABOVE,NORMAL
2026050200,KMFR,2026-05-02T00:00Z,965,100,11113,10364,10113,19.9,61,214,NONE,15.2,7.82,180,16,ABOVE,ABOVE
2026050206,KMFR,2026-05-02T06:00Z,968,6,10965,10508,9965,23.5,61,204,NONE,10.7,5.38,175,10,ABOVE,MUCH ABOVE
2026050300,KMFR,2026-05-03T00:00Z,962,100,11008,9987,10008,18.2,88,153,NONE,16.6,9.20,170,16,ABOVE,ABOVE
2026050306,KMFR,2026-05-03T06:00Z,964,6,10879,9326,9879,17.3,117,160,NONE,16.5,8.95,146,18,NORMAL,ABOVE
2026050400,KMFR,2026-05-04T00:00Z,961,8,10947,10261,9947,24.5,52,53,NONE,17.6,9.54,335,9,NORMAL,MUCH ABOVE
2026050406,KMFR,2026-05-04T06:00Z,964,35,10853,10276,9853,25.2,158,65,NONE,15.3,8.20,54,18,NORMAL,MUCH ABOVE
2026050500,KMFR,2026-05-05T00:00Z,962,8,11504,8780,10504,21.7,149,343,NONE,15.0,7.46,355,23,ABOVE,MUCH ABOVE
2026050506,KMFR,2026-05-05T06:00Z,965,7,11434,8411,10434,19.8,140,358,NONE,13.2,6.68,11,17,ABOVE,ABOVE
2026050600,KMFR,2026-05-06T00:00Z,966,7,11812,10166,10812,20.5,53,355,NONE,14.2,6.83,45,5,ABOVE,ABOVE
2026050606,KMFR,2026-05-06T06:00Z,968,6,12293,10718,11293,17.4,50,357,NONE,14.6,6.21,142,2,ABOVE,ABOVE
2026050618,KMFR,2026-05-06T18:00Z,973,8,13709,9144,12709,15.0,34,274,NONE,12.6,4.72,270,13,MUCH ABOVE,NORMAL
2026050700,KMFR,2026-05-07T00:00Z,970,8,13462,8754,12462,14.6,63,300,NONE,15.4,5.94,300,7,MUCH ABOVE,NORMAL
2026050800,KMFR,2026-05-08T00:00Z,968,8,13982,8268,12982,10.3,75,283,NONE,16.4,7.43,265,20,MUCH ABOVE,BELOW
2026050806,KMFR,2026-05-08T06:00Z,969,7,14196,8698,13196,14.5,70,280,NONE,13.5,5.60,261,17,MUCH ABOVE,NORMAL
2026050900,KMFR,2026-05-09T00:00Z,971,100,12777,8921,11777,11.6,59,299,NONE,13.8,6.00,315,14,MUCH ABOVE,NORMAL
2026050906,KMFR,2026-05-09T06:00Z,973,8,13146,8083,12146,13.5,51,316,NONE,11.6,4.19,317,11,MUCH ABOVE,NORMAL
2026051000,KMFR,2026-05-10T00:00Z,967,7,13319,9260,12319,12.2,53,247,NONE,19.0,7.38,200,13,MUCH ABOVE,NORMAL
2026051006,KMFR,2026-05-10T06:00Z,968,7,13970,10963,12970,21.2,85,247,NONE,16.5,6.16,180,22,MUCH ABOVE,ABOVE
2026051100,KMFR,2026-05-11T00:00Z,969,6,13739,9418,12739,21.5,148,250,NONE,13.8,4.47,230,24,MUCH ABOVE,ABOVE
2026051106,KMFR,2026-05-11T06:00Z,971,7,13465,7661,12465,17.1,99,254,NONE,11.1,2.67,213,22,MUCH ABOVE,NORMAL
2026051200,KMFR,2026-05-12T00:00Z,967,10,13603,10853,12603,16.1,55,237,NONE,19.4,7.10,215,16,MUCH ABOVE,NORMAL
2026051206,KMFR,2026-05-12T06:00Z,966,5,14738,12005,13738,22.3,85,196,NONE,19.3,7.03,172,19,MUCH ABOVE,ABOVE
2026051300,KMFR,2026-05-13T00:00Z,962,7,12498,11664,11498,22.4,115,203,NONE,18.4,7.61,155,18,ABOVE,MUCH ABOVE
2026051306,KMFR,2026-05-13T06:00Z,967,7,11588,7835,10588,17.3,238,201,NONE,10.2,4.27,194,38,ABOVE,NORMAL
2026051400,KMFR,2026-05-14T00:00Z,974,8,12163,6818,11163,10.0,85,290,NONE,7.8,4.20,305,27,ABOVE,BELOW
2026051406,KMFR,2026-05-14T06:00Z,975,7,11516,7095,10516,13.2,80,301,NONE,7.6,2.98,310,28,NORMAL,NORMAL
2026051500,KMFR,2026-05-15T00:00Z,972,15,9161,8040,8161,13.0,96,274,NONE,11.4,8.80,270,22,NORMAL,NORMAL
2026051506,KMFR,2026-05-15T06:00Z,975,8,8484,7780,7484,12.6,69,300,NONE,6.9,3.95,295,26,NORMAL,NORMAL
2026051600,KMFR,2026-05-16T00:00Z,973,14,8036,7079,7036,13.2,128,281,NONE,8.8,7.98,295,19,NORMAL,NORMAL
2026051606,KMFR,2026-05-16T06:00Z,974,6,6962,6962,5962,17.4,160,294,NONE,3.3,5.22,297,23,NORMAL,NORMAL
2026051700,KMFR,2026-05-17T00:00Z,975,7,6271,5577,5271,13.5,131,318,NONE,4.0,4.74,330,29,BELOW,NORMAL
2026051706,KMFR,2026-05-17T06:00Z,976,8,5187,4838,4187,14.6,168,315,NONE,0.4,4.23,305,27,MUCH BELOW,NORMAL
2026051800,KMFR,2026-05-18T00:00Z,973,8,7064,6060,6064,10.9,79,352,NONE,5.0,6.77,50,28,NORMAL,BELOW
2026051806,KMFR,2026-05-18T06:00Z,975,7,7694,6539,6694,10.7,50,14,NONE,4.9,5.01,73,31,NORMAL,BELOW
2026051900,KMFR,2026-05-19T00:00Z,973,8,8984,7147,7984,11.4,58,336,NONE,10.6,8.83,5,6,NORMAL,BELOW
2026051906,KMFR,2026-05-19T06:00Z,974,7,9331,6894,8331,12.8,71,359,NONE,8.8,6.92,54,6,NORMAL,BELOW
2026052000,KMFR,2026-05-20T00:00Z,972,7,10442,7719,9442,15.9,100,333,NONE,12.6,7.67,5,6,NORMAL,NORMAL
2026052006,KMFR,2026-05-20T06:00Z,973,9,11243,7543,10243,15.4,87,339,NONE,10.7,5.59,8,14,NORMAL,NORMAL
2026052100,KMFR,2026-05-21T00:00Z,969,7,11885,9422,10885,18.9,76,313,NONE,13.8,6.75,240,4,ABOVE,NORMAL
2026052106,KMFR,2026-05-21T06:00Z,969,7,13520,9106,12520,14.9,63,343,NONE,12.5,4.85,1,9,MUCH ABOVE,NORMAL
2026052200,KMFR,2026-05-22T00:00Z,965,7,12647,9789,11647,16.4,29,1,NONE,18.0,8.65,120,8,ABOVE,NORMAL
2026052300,KMFR,2026-05-23T00:00Z,961,7,12286,10275,11286,17.8,70,277,NONE,18.8,8.24,220,18,ABOVE,NORMAL
2026052306,KMFR,2026-05-23T06:00Z,963,6,12881,10262,11881,19.6,70,275,NONE,15.4,6.00,231,14,ABOVE,NORMAL
2026052400,KMFR,2026-05-24T00:00Z,963,8,12367,10372,11367,18.8,97,280,NONE,18.2,8.26,235,14,ABOVE,NORMAL
2026052406,KMFR,2026-05-24T06:00Z,966,7,12549,9407,11549,14.0,65,274,NONE,15.7,6.13,250,13,ABOVE,NORMAL
2026052500,KMFR,2026-05-25T00:00Z,965,100,12594,9918,11594,15.9,76,256,NONE,17.6,7.53,230,14,ABOVE,NORMAL
2026052506,KMFR,2026-05-25T06:00Z,966,7,11952,9411,10952,13.7,103,245,NONE,15.4,7.46,223,21,NORMAL,NORMAL
2026052600,KMFR,2026-05-26T00:00Z,962,7,10025,8789,9025,18.2,292,221,WEAK,9.2,5.65,205,40,NORMAL,NORMAL
2026052606,KMFR,2026-05-26T06:00Z,964,6,6713,5993,5713,13.3,98,261,NONE,3.7,6.46,255,20,BELOW,BELOW
2026052700,KMFR,2026-05-27T00:00Z,964,6,6335,6327,5335,16.2,87,346,NONE,4.2,6.40,355,13,BELOW,NORMAL
2026052706,KMFR,2026-05-27T06:00Z,965,7,6427,6427,5427,18.5,151,9,NONE,4.0,6.00,20,24,BELOW,NORMAL
2026052800,KMFR,2026-05-28T00:00Z,962,9,12293,10453,11293,24.5,182,10,NONE,7.4,0.63,25,31,NORMAL,ABOVE
2026052806,KMFR,2026-05-28T06:00Z,963,5,11558,8750,10558,19.5,211,53,NONE,7.7,2.38,71,30,NORMAL,NORMAL
2026052900,KMFR,2026-05-29T00:00Z,965,6,9897,9897,8897,26.8,141,6,NONE,11.2,7.05,340,23,NORMAL,MUCH ABOVE
2026052906,KMFR,2026-05-29T06:00Z,965,10,10787,10787,9787,28.6,326,334,WEAK,8.4,4.43,330,32,NORMAL,MUCH ABOVE
2026053000,KMFR,2026-05-30T00:00Z,970,6,7962,7798,6962,14.7,47,302,NONE,8.2,5.22,290,17,BELOW,NORMAL
2026053006,KMFR,2026-05-30T06:00Z,972,5,8350,8164,7350,17.8,65,290,NONE,5.9,3.82,274,17,BELOW,NORMAL
2026053100,KMFR,2026-05-31T00:00Z,975,9,9547,6718,8547,12.0,47,307,NONE,7.2,4.66,265,13,NORMAL,BELOW
2026053106,KMFR,2026-05-31T06:00Z,976,8,9685,6606,8685,11.4,35,330,NONE,6.4,4.39,304,7,NORMAL,MUCH BELOW
2026060100,KMFR,2026-06-01T00:00Z,972,7,10438,7358,9438,10.4,22,339,NONE,11.6,7.06,255,2,NORMAL,MUCH BELOW
2026060106,KMFR,2026-06-01T06:00Z,972,7,11083,7296,10083,11.8,38,10,NONE,10.7,5.72,54,3,NORMAL,BELOW
2026060200,KMFR,2026-06-02T00:00Z,967,8,12122,8827,11122,8.7,22,274,NONE,17.8,8.29,155,6,NORMAL,MUCH BELOW
2026060206,KMFR,2026-06-02T06:00Z,968,7,12920,10341,11920,15.0,35,305,NONE,17.6,8.34,192,8,ABOVE,NORMAL
2026060300,KMFR,2026-06-03T00:00Z,967,7,13237,9425,12237,16.7,83,276,NONE,19.0,7.62,220,6,ABOVE,NORMAL
2026060306,KMFR,2026-06-03T06:00Z,970,7,12598,10349,11598,20.8,120,248,NONE,16.0,7.18,228,17,NORMAL,NORMAL
2026060400,KMFR,2026-06-04T00:00Z,971,11,10276,9877,9276,18.4,138,281,NONE,12.2,7.66,220,19,NORMAL,NORMAL
2026060406,KMFR,2026-06-04T06:00Z,974,7,14895,8365,13895,17.9,94,313,NONE,9.1,3.54,301,17,MUCH ABOVE,NORMAL
2026060500,KMFR,2026-06-05T00:00Z,969,7,14209,7778,13209,12.2,93,282,NONE,14.4,4.78,285,12,ABOVE,BELOW
2026060506,KMFR,2026-06-05T06:00Z,970,7,15256,8174,14256,15.3,114,286,NONE,12.6,3.67,291,21,MUCH ABOVE,NORMAL
2026060600,KMFR,2026-06-06T00:00Z,965,7,13160,8883,12160,15.1,129,257,NONE,13.0,7.13,240,20,ABOVE,NORMAL
2026060700,KMFR,2026-06-07T00:00Z,967,7,7392,6636,6392,12.1,89,291,NONE,7.7,7.70,258,17,BELOW,BELOW
2026060706,KMFR,2026-06-07T06:00Z,969,7,6755,6515,5755,12.5,62,313,NONE,3.9,6.20,299,17,BELOW,BELOW
2026060800,KMFR,2026-06-08T00:00Z,967,8,9623,7656,8623,11.2,81,265,NONE,11.0,7.65,200,9,NORMAL,MUCH BELOW
2026060806,KMFR,2026-06-08T06:00Z,966,23,9698,6097,8698,17.6,142,280,NONE,10.5,7.08,269,20,NORMAL,NORMAL
2026060900,KMFR,2026-06-09T00:00Z,961,7,9693,9688,8693,24.0,318,233,WEAK,9.2,6.01,235,44,NORMAL,ABOVE
2026060906,KMFR,2026-06-09T06:00Z,964,7,9882,8692,8882,19.2,142,247,NONE,8.8,5.63,274,29,NORMAL,NORMAL
2026061000,KMFR,2026-06-10T00:00Z,971,9,11175,7372,10175,12.3,165,302,NONE,10.4,5.67,290,24,NORMAL,BELOW
2026061006,KMFR,2026-06-10T06:00Z,973,7,13448,6521,12448,16.0,180,306,NONE,7.6,2.65,309,29,ABOVE,NORMAL
2026061100,KMFR,2026-06-11T00:00Z,973,8,13390,10400,12390,16.6,167,324,NONE,12.6,4.72,335,34,NORMAL,NORMAL
2026061106,KMFR,2026-06-11T06:00Z,973,6,14288,9392,13288,14.4,164,336,NONE,13.1,4.30,336,33,ABOVE,NORMAL
2026061200,KMFR,2026-06-12T00:00Z,968,8,15454,10294,14454,15.9,90,314,NONE,17.8,6.03,315,14,MUCH ABOVE,NORMAL
2026061206,KMFR,2026-06-12T06:00Z,970,6,14823,9096,13823,15.0,91,332,NONE,15.9,3.63,338,22,MUCH ABOVE,NORMAL
2026061300,KMFR,2026-06-13T00:00Z,968,8,15742,10881,14742,11.8,63,320,NONE,19.8,6.13,340,12,MUCH ABOVE,BELOW
2026061306,KMFR,2026-06-13T06:00Z,970,6,15125,10976,14125,14.8,71,4,NONE,17.6,5.33,3,15,MUCH ABOVE,NORMAL
2026061400,KMFR,2026-06-14T00:00Z,966,7,15550,10277,14550,12.6,40,28,NONE,22.2,7.79,40,3,MUCH ABOVE,BELOW
2026061406,KMFR,2026-06-14T06:00Z,967,6,15689,10974,14689,17.6,58,37,NONE,21.5,7.96,103,4,MUCH ABOVE,NORMAL
2026061500,KMFR,2026-06-15T00:00Z,966,100,16101,11122,15101,12.3,17,270,NONE,24.4,8.59,165,4,MUCH ABOVE,BELOW
2026061506,KMFR,2026-06-15T06:00Z,968,6,16673,11738,15673,18.2,41,344,NONE,22.9,7.75,197,6,MUCH ABOVE,NORMAL
2026061600,KMFR,2026-06-16T00:00Z,968,9,17076,11608,16076,16.2,54,322,NONE,24.2,7.36,80,3,MUCH ABOVE,NORMAL
2026061606,KMFR,2026-06-16T06:00Z,970,21,17218,11552,16218,16.8,69,2,NONE,21.7,5.44,49,6,MUCH ABOVE,NORMAL
2026061700,KMFR,2026-06-17T00:00Z,967,8,17448,14314,16448,16.3,94,309,NONE,23.0,6.78,300,12,MUCH ABOVE,NORMAL
2026061706,KMFR,2026-06-17T06:00Z,967,6,17838,13896,16838,21.3,98,328,NONE,19.9,4.43,324,18,MUCH ABOVE,ABOVE
2026061800,KMFR,2026-06-18T00:00Z,964,13,16526,10923,15526,17.7,71,330,NONE,22.3,5.44,29,8,MUCH ABOVE,NORMAL
2026061806,KMFR,2026-06-18T06:00Z,966,6,16568,11032,15568,16.4,39,324,NONE,19.6,3.50,233,5,MUCH ABOVE,NORMAL
2026061900,KMFR,2026-06-19T00:00Z,963,7,15318,12515,14318,20.6,45,238,NONE,22.6,6.63,245,12,MUCH ABOVE,NORMAL
2026061906,KMFR,2026-06-19T06:00Z,964,7,14925,11324,13925,19.5,60,253,NONE,21.9,6.66,212,6,ABOVE,NORMAL
2026062000,KMFR,2026-06-20T00:00Z,964,6,14040,12256,13040,29.6,97,246,NONE,18.0,6.12,195,17,NORMAL,MUCH ABOVE
2026062006,KMFR,2026-06-20T06:00Z,966,6,13907,10965,12907,31.6,155,266,NONE,16.2,5.80,248,19,NORMAL,MUCH ABOVE
2026062100,KMFR,2026-06-21T00:00Z,966,8,13324,8448,12324,17.6,115,280,NONE,17.2,6.79,255,14,NORMAL,NORMAL
2026062106,KMFR,2026-06-21T06:00Z,968,6,13474,8889,12474,18.3,80,293,NONE,14.2,5.02,244,6,NORMAL,NORMAL
2026062200,KMFR,2026-06-22T00:00Z,965,10,13820,9284,12820,10.5,34,302,NONE,19.2,7.49,305,1,NORMAL,MUCH BELOW
2026062206,KMFR,2026-06-22T06:00Z,967,7,14610,8991,13610,7.2,22,310,NONE,18.0,5.71,199,3,ABOVE,MUCH BELOW
2026062300,KMFR,2026-06-23T00:00Z,965,8,14469,11596,13469,16.8,54,256,NONE,22.0,8.40,200,13,ABOVE,NORMAL
2026062306,KMFR,2026-06-23T06:00Z,967,6,13967,12940,12967,20.9,72,256,NONE,20.3,6.64,205,10,NORMAL,NORMAL
2026062400,KMFR,2026-06-24T00:00Z,967,8,14491,9808,13491,19.4,120,268,NONE,21.4,7.67,240,13,NORMAL,NORMAL
2026062406,KMFR,2026-06-24T06:00Z,969,7,14314,10343,13314,23.1,98,268,NONE,18.4,5.32,226,16,NORMAL,ABOVE
2026062500,KMFR,2026-06-25T00:00Z,966,100,13701,11209,12701,16.8,80,292,NONE,20.4,8.84,225,12,NORMAL,NORMAL
2026062506,KMFR,2026-06-25T06:00Z,968,6,13612,9300,12612,20.0,107,322,NONE,16.9,6.11,307,8,NORMAL,NORMAL
2026062600,KMFR,2026-06-26T00:00Z,963,9,12595,10354,11595,24.3,234,257,NONE,18.2,8.27,220,18,NORMAL,ABOVE
2026062606,KMFR,2026-06-26T06:00Z,964,6,12507,12507,11507,24.7,274,251,WEAK,13.7,6.56,249,25,NORMAL,ABOVE
2026062700,KMFR,2026-06-27T00:00Z,964,7,9927,8940,8927,21.5,181,267,NONE,11.2,7.11,245,26,BELOW,NORMAL
2026062706,KMFR,2026-06-27T06:00Z,965,7,10092,7941,9092,19.2,139,265,NONE,7.6,4.57,284,17,BELOW,NORMAL
2026062800,KMFR,2026-06-28T00:00Z,970,7,7658,6959,6658,14.2,99,305,NONE,6.6,7.25,310,14,MUCH BELOW,BELOW
2026062806,KMFR,2026-06-28T06:00Z,972,6,6821,6553,5821,16.5,124,334,NONE,4.0,5.10,333,18,MUCH BELOW,NORMAL
2026062900,KMFR,2026-06-29T00:00Z,972,8,7879,7725,6879,14.9,73,341,NONE,7.6,4.72,5,10,MUCH BELOW,BELOW
2026063000,KMFR,2026-06-30T00:00Z,968,8,12634,7312,11634,18.4,103,352,NONE,11.8,5.13,20,17,NORMAL,NORMAL
2026063006,KMFR,2026-06-30T06:00Z,970,6,13360,8440,12360,13.2,65,334,NONE,9.3,2.69,5,18,NORMAL,MUCH BELOW
2026070100,KMFR,2026-07-01T00:00Z,968,8,11620,7323,10620,10.1,67,332,NONE,12.0,6.42,340,18,BELOW,MUCH BELOW
2026070106,KMFR,2026-07-01T06:00Z,970,7,11991,7093,10991,12.9,75,345,NONE,8.7,4.03,333,21,BELOW,MUCH BELOW
2026070200,KMFR,2026-07-02T00:00Z,967,7,12345,8807,11345,16.7,81,313,NONE,12.6,6.00,275,5,NORMAL,NORMAL
2026070206,KMFR,2026-07-02T06:00Z,969,8,13196,9774,12196,18.1,76,338,NONE,10.7,3.06,343,4,NORMAL,NORMAL
2026070300,KMFR,2026-07-03T00:00Z,967,8,13512,10072,12512,17.2,53,291,NONE,16.0,6.93,240,6,NORMAL,NORMAL
2026070306,KMFR,2026-07-03T06:00Z,969,7,13635,11675,12635,19.8,64,277,NONE,13.8,4.64,221,18,NORMAL,NORMAL
2026070318,KMFR,2026-07-03T18:00Z,971,100,13820,10261,12820,17.8,30,274,NONE,13.4,4.20,260,9,NORMAL,NORMAL
2026070400,KMFR,2026-07-04T00:00Z,968,8,14936,10664,13936,18.4,62,267,NONE,19.2,7.48,210,13,NORMAL,NORMAL
2026070418,KMFR,2026-07-04T18:00Z,971,8,15586,10287,14586,22.5,55,227,NONE,16.6,5.27,265,9,ABOVE,NORMAL
2026070500,KMFR,2026-07-05T00:00Z,967,8,15713,10984,14713,22.5,70,261,NONE,21.6,7.41,210,13,ABOVE,NORMAL
2026070518,KMFR,2026-07-05T18:00Z,969,100,14777,12476,13777,24.2,92,194,NONE,18.0,5.60,190,17,NORMAL,ABOVE
2026070600,KMFR,2026-07-06T00:00Z,965,7,15009,11745,14009,24.7,72,224,NONE,22.0,8.14,205,9,NORMAL,ABOVE
2026070618,KMFR,2026-07-06T18:00Z,967,8,13859,11323,12859,27.5,76,212,NONE,18.4,6.98,170,9,NORMAL,ABOVE
2026070700,KMFR,2026-07-07T00:00Z,964,8,14721,12609,13721,25.0,79,229,NONE,22.4,9.01,185,15,NORMAL,ABOVE
2026070800,KMFR,2026-07-08T00:00Z,966,8,14632,11843,13632,23.7,100,251,NONE,22.0,8.52,175,14,NORMAL,NORMAL
2026070806,KMFR,2026-07-08T06:00Z,970,6,15223,12115,14223,24.2,65,271,NONE,18.2,6.06,205,11,NORMAL,ABOVE
2026070900,KMFR,2026-07-09T00:00Z,970,8,15036,10562,14036,20.8,80,301,NONE,19.4,7.10,215,7,NORMAL,NORMAL
2026070906,KMFR,2026-07-09T06:00Z,971,6,15059,9579,14059,16.5,59,317,NONE,16.8,4.17,263,6,NORMAL,BELOW
2026071000,KMFR,2026-07-10T00:00Z,966,8,15796,10876,14796,15.5,43,273,NONE,21.2,7.67,230,7,ABOVE,BELOW
2026071006,KMFR,2026-07-10T06:00Z,967,7,15387,12493,14387,17.6,77,240,NONE,18.7,5.06,208,20,ABOVE,NORMAL
2026071100,KMFR,2026-07-11T00:00Z,963,10,14706,10790,13706,16.9,98,247,NONE,20.4,7.32,200,28,NORMAL,NORMAL
2026071106,KMFR,2026-07-11T06:00Z,966,7,14849,11950,13849,21.1,185,233,NONE,16.1,5.25,203,38,NORMAL,NORMAL
2026071200,KMFR,2026-07-12T00:00Z,967,100,14902,11044,13902,19.0,216,217,NONE,17.8,6.76,195,26,NORMAL,NORMAL
2026071206,KMFR,2026-07-12T06:00Z,969,6,15056,10812,14056,24.6,195,218,NONE,15.3,4.12,203,36,NORMAL,ABOVE
2026071218,KMFR,2026-07-12T18:00Z,971,7,14061,10146,13061,21.2,146,209,NONE,14.6,3.93,220,22,NORMAL,NORMAL
2026071300,KMFR,2026-07-13T00:00Z,967,7,14048,10546,13048,20.5,144,225,NONE,19.6,6.83,195,28,NORMAL,NORMAL
2026071318,KMFR,2026-07-13T18:00Z,970,8,14706,10560,13706,19.7,154,208,NONE,19.8,6.72,220,27,NORMAL,NORMAL
2026071400,KMFR,2026-07-14T00:00Z,967,8,14446,11696,13446,20.5,129,224,NONE,22.8,8.00,185,20,NORMAL,NORMAL
2026071418,KMFR,2026-07-14T18:00Z,972,8,13715,11395,12715,15.7,101,219,NONE,19.4,6.71,230,21,NORMAL,BELOW
2026071500,KMFR,2026-07-15T00:00Z,968,100,13739,11340,12739,17.7,101,234,NONE,23.2,8.62,215,14,NORMAL,NORMAL
2026071518,KMFR,2026-07-15T18:00Z,971,100,13421,12309,12421,22.2,139,190,NONE,19.6,6.95,190,21,NORMAL,NORMAL
2026071600,KMFR,2026-07-16T00:00Z,965,8,13513,13233,12513,23.2,135,202,NONE,22.6,8.38,190,16,NORMAL,NORMAL
2026071618,KMFR,2026-07-16T18:00Z,969,100,13987,10038,12987,13.1,67,219,NONE,11.8,3.35,205,25,NORMAL,MUCH BELOW
2026071700,KMFR,2026-07-17T00:00Z,966,8,15685,10152,14685,12.9,53,246,NONE,16.6,5.93,205,24,NORMAL,MUCH BELOW
2026071718,KMFR,2026-07-17T18:00Z,969,16,14764,9664,13764,14.6,53,196,NONE,15.0,4.67,215,21,NORMAL,BELOW
2026071800,KMFR,2026-07-18T00:00Z,966,7,14606,11211,13606,18.6,71,232,NONE,19.2,7.09,185,18,NORMAL,NORMAL
2026071818,KMFR,2026-07-18T18:00Z,971,8,14727,9831,13727,15.6,51,198,NONE,18.8,5.49,210,11,NORMAL,BELOW
2026071900,KMFR,2026-07-19T00:00Z,967,8,14650,11143,13650,17.3,43,237,NONE,22.4,7.78,200,16,NORMAL,BELOW
2026071918,KMFR,2026-07-19T18:00Z,970,7,15671,10184,14671,16.7,49,152,NONE,21.0,6.69,185,14,ABOVE,BELOW
2026072000,KMFR,2026-07-20T00:00Z,964,8,15921,11023,14921,19.7,99,215,NONE,24.0,8.10,175,14,ABOVE,NORMAL
2026072018,KMFR,2026-07-20T18:00Z,967,7,13811,12674,12811,33.1,372,194,WEAK,21.0,7.80,200,21,NORMAL,MUCH ABOVE
2026072100,KMFR,2026-07-21T00:00Z,965,7,14593,12661,13593,30.7,269,200,WEAK,24.0,9.33,195,11,NORMAL,MUCH ABOVE
2026072118,KMFR,2026-07-21T18:00Z,968,7,15235,14791,14235,37.0,251,195,WEAK,22.6,7.26,205,11,NORMAL,MUCH ABOVE
2026072200,KMFR,2026-07-22T00:00Z,966,7,14916,14916,13916,38.6,186,195,NONE,24.6,8.67,170,15,NORMAL,MUCH ABOVE
2026072218,KMFR,2026-07-22T18:00Z,967,7,14999,13598,13999,33.0,169,155,NONE,22.2,7.01,140,16,NORMAL,MUCH ABOVE
2026072300,KMFR,2026-07-23T00:00Z,963,8,14708,13200,13708,26.6,190,173,NONE,26.8,9.48,190,14,NORMAL,ABOVE
2026072318,KMFR,2026-07-23T18:00Z,971,100,15471,8969,14471,19.8,87,195,NONE,16.2,4.30,225,20,NORMAL,NORMAL
2026072400,KMFR,2026-07-24T00:00Z,966,9,15274,10627,14274,21.4,87,218,NONE,22.0,7.29,195,21,NORMAL,NORMAL
2026072418,KMFR,2026-07-24T18:00Z,968,8,15048,10755,14048,18.9,118,203,NONE,17.6,5.01,200,34,NORMAL,NORMAL
2026072500,KMFR,2026-07-25T00:00Z,964,8,14238,11088,13238,18.1,127,231,NONE,21.6,7.68,195,31,NORMAL,NORMAL
2026072518,KMFR,2026-07-25T18:00Z,969,10,15210,8591,14210,15.6,129,218,NONE,14.6,5.07,230,28,NORMAL,BELOW
2026072600,KMFR,2026-07-26T00:00Z,968,100,14771,10724,13771,16.5,95,241,NONE,18.0,6.89,200,33,NORMAL,BELOW
2026072618,KMFR,2026-07-26T18:00Z,971,9,14042,9752,13042,15.3,73,226,NONE,16.3,7.24,223,18,NORMAL,BELOW
2026072700,KMFR,2026-07-27T00:00Z,968,9,13639,10687,12639,19.3,93,247,NONE,19.8,8.72,210,23,BELOW,NORMAL
2026072718,KMFR,2026-07-27T18:00Z,971,9,13628,8681,12628,19.1,66,225,NONE,14.6,5.19,220,16,BELOW,NORMAL
2026072800,KMFR,2026-07-28T00:00Z,968,8,13423,11122,12423,20.7,103,239,NONE,19.4,7.48,205,15,BELOW,NORMAL
2026072818,KMFR,2026-07-28T18:00Z,971,9,14909,10366,13909,21.7,61,253,NONE,13.6,3.58,245,10,NORMAL,NORMAL
2026072900,KMFR,2026-07-29T00:00Z,967,14,15562,12424,14562,20.6,90,267,NONE,19.2,6.13,240,13,ABOVE,NORMAL
2026072918,KMFR,2026-07-29T18:00Z,968,8,15116,10554,14116,22.1,91,222,NONE,14.8,3.93,220,21,NORMAL,NORMAL
2026073000,KMFR,2026-07-30T00:00Z,964,100,15457,10137,14457,22.7,98,259,NONE,19.2,5.86,210,20,NORMAL,NORMAL
2026073018,KMFR,2026-07-30T18:00Z,971,7,15489,11258,14489,21.9,84,221,NONE,14.8,2.69,230,12,NORMAL,NORMAL
2026073100,KMFR,2026-07-31T00:00Z,968,8,15280,11151,14280,17.8,71,236,NONE,19.4,5.85,215,12,NORMAL,NORMAL
2026073118,KMFR,2026-07-31T18:00Z,972,7,16840,11361,15840,19.3,37,173,NONE,20.8,6.31,140,5,MUCH ABOVE,NORMAL
2026080100,KMFR,2026-08-01T00:00Z,968,8,16754,11867,15754,21.7,105,265,NONE,23.2,7.98,195,15,MUCH ABOVE,NORMAL
2026080118,KMFR,2026-08-01T18:00Z,974,8,17431,11686,16431,15.4,76,254,NONE,14.6,3.20,245,24,MUCH ABOVE,BELOW
2026080200,KMFR,2026-08-02T00:00Z,971,8,17485,9268,16485,13.3,80,282,NONE,19.0,5.65,240,21,MUCH ABOVE,MUCH BELOW
2026080218,KMFR,2026-08-02T18:00Z,974,7,16407,9604,15407,16.2,46,276,NONE,7.7,-1.36,297,14,MUCH ABOVE,BELOW
2026080300,KMFR,2026-08-03T00:00Z,969,8,16266,9336,15266,14.0,68,320,NONE,16.4,4.43,290,10,MUCH ABOVE,MUCH BELOW
2026080318,KMFR,2026-08-03T18:00Z,971,8,16388,9888,15388,10.7,11,34,NONE,17.1,3.91,34,11,MUCH ABOVE,MUCH BELOW
2026080400,KMFR,2026-08-04T00:00Z,965,9,16462,10273,15462,9.1,21,305,NONE,23.6,7.01,70,2,MUCH ABOVE,MUCH BELOW
2026080418,KMFR,2026-08-04T18:00Z,967,10,16773,11349,15773,12.1,21,272,NONE,22.6,5.79,280,4,MUCH ABOVE,MUCH BELOW
2026080500,KMFR,2026-08-05T00:00Z,962,8,16830,11134,15830,13.1,51,275,NONE,26.6,7.91,220,7,MUCH ABOVE,MUCH BELOW
2026080518,KMFR,2026-08-05T18:00Z,966,11,17353,12123,16353,17.9,60,213,NONE,24.6,7.69,195,9,MUCH ABOVE,NORMAL
2026080600,KMFR,2026-08-06T00:00Z,963,9,17160,11779,16160,16.4,52,261,NONE,27.2,8.26,200,14,MUCH ABOVE,BELOW
2026080618,KMFR,2026-08-06T18:00Z,968,9,17143,11542,16143,20.3,75,181,NONE,25.0,8.19,180,11,MUCH ABOVE,NORMAL
2026080700,KMFR,2026-08-07T00:00Z,964,9,17235,11995,16235,19.8,80,239,NONE,27.0,8.86,195,17,MUCH ABOVE,NORMAL
2026080718,KMFR,2026-08-07T18:00Z,971,7,16729,11177,15729,14.6,39,225,NONE,23.7,5.84,239,13,MUCH ABOVE,BELOW
2026080800,KMFR,2026-08-08T00:00Z,967,8,16905,11457,15905,13.0,58,272,NONE,26.4,7.18,215,4,MUCH ABOVE,MUCH BELOW
2026080818,KMFR,2026-08-08T18:00Z,972,100,16370,11710,15370,15.1,40,283,NONE,19.4,4.35,260,10,MUCH ABOVE,BELOW
2026080900,KMFR,2026-08-09T00:00Z,968,8,15917,11742,14917,14.5,69,282,NONE,23.8,6.76,250,10,ABOVE,BELOW
2026080918,KMFR,2026-08-09T18:00Z,970,9,16303,11408,15303,14.0,39,271,NONE,18.2,4.13,285,8,MUCH ABOVE,MUCH BELOW
2026081000,KMFR,2026-08-10T00:00Z,965,9,16621,11891,15621,14.7,79,289,NONE,22.8,6.90,250,8,MUCH ABOVE,BELOW
2026081018,KMFR,2026-08-10T18:00Z,970,100,16050,10168,15050,13.2,18,250,NONE,16.8,3.17,280,2,ABOVE,MUCH BELOW
2026081100,KMFR,2026-08-11T00:00Z,966,8,15844,10424,14844,17.1,59,252,NONE,21.8,6.06,210,13,ABOVE,NORMAL
2026081118,KMFR,2026-08-11T18:00Z,972,9,15234,12794,14234,23.1,39,215,NONE,14.8,3.29,210,5,NORMAL,NORMAL
2026081200,KMFR,2026-08-12T00:00Z,967,100,14697,12704,13697,23.0,76,278,NONE,20.8,7.06,240,7,NORMAL,NORMAL
2026081218,KMFR,2026-08-12T18:00Z,968,100,14441,11136,13441,21.0,35,263,NONE,14.2,4.18,225,12,NORMAL,NORMAL
2026081300,KMFR,2026-08-13T00:00Z,963,10,14772,10604,13772,20.2,64,303,NONE,20.0,6.97,235,14,NORMAL,NORMAL
2026081318,KMFR,2026-08-13T18:00Z,964,100,13296,10052,12296,23.2,51,236,NONE,13.4,4.19,230,12,NORMAL,NORMAL
2026081400,KMFR,2026-08-14T00:00Z,961,10,12892,11932,11892,25.1,110,254,NONE,19.4,7.85,205,13,BELOW,ABOVE
2026081418,KMFR,2026-08-14T18:00Z,968,100,12241,11450,11241,25.7,76,181,NONE,15.0,6.92,185,12,BELOW,ABOVE
2026081500,KMFR,2026-08-15T00:00Z,965,8,12637,12323,11637,30.7,104,231,NONE,18.8,8.24,170,15,BELOW,MUCH ABOVE
2026081518,KMFR,2026-08-15T18:00Z,972,8,13264,10108,12264,26.6,60,214,NONE,14.6,7.20,180,6,BELOW,ABOVE
2026081600,KMFR,2026-08-16T00:00Z,969,100,13263,11437,12263,27.4,88,239,NONE,18.6,8.37,145,14,BELOW,MUCH ABOVE
2026081618,KMFR,2026-08-16T18:00Z,974,10,13797,9911,12797,24.0,30,202,NONE,16.6,5.93,175,3,NORMAL,ABOVE
2026081700,KMFR,2026-08-17T00:00Z,970,7,14086,10287,13086,23.2,75,236,NONE,20.0,7.60,200,8,NORMAL,NORMAL
2026081718,KMFR,2026-08-17T18:00Z,972,10,14355,10007,13355,24.6,55,161,NONE,18.6,6.36,145,7,NORMAL,ABOVE
2026081800,KMFR,2026-08-18T00:00Z,969,9,14309,10449,13309,24.6,86,241,NONE,20.2,7.33,195,10,NORMAL,ABOVE
2026081818,KMFR,2026-08-18T18:00Z,973,8,14371,11495,13371,18.7,23,218,NONE,18.4,6.48,195,5,NORMAL,NORMAL
2026081900,KMFR,2026-08-19T00:00Z,969,100,14678,11540,13678,18.4,52,255,NONE,22.4,8.26,185,10,NORMAL,NORMAL
2026081918,KMFR,2026-08-19T18:00Z,970,9,15139,11668,14139,22.8,85,186,NONE,20.2,6.42,165,9,NORMAL,NORMAL
2026082000,KMFR,2026-08-20T00:00Z,965,7,15415,12158,14415,22.1,86,224,NONE,24.6,8.57,190,12,NORMAL,NORMAL
2026082018,KMFR,2026-08-20T18:00Z,968,9,15879,10832,14879,21.5,126,191,NONE,21.8,7.65,180,14,ABOVE,NORMAL
2026082100,KMFR,2026-08-21T00:00Z,964,9,15025,12952,14025,23.1,140,194,NONE,25.6,9.15,185,16,NORMAL,NORMAL
2026082118,KMFR,2026-08-21T18:00Z,969,6,15047,10887,14047,22.5,295,186,WEAK,20.4,8.07,190,33,NORMAL,NORMAL
2026082200,KMFR,2026-08-22T00:00Z,966,9,15084,12031,14084,22.8,215,183,NONE,22.0,8.65,190,17,NORMAL,NORMAL
2026082218,KMFR,2026-08-22T18:00Z,972,9,13266,9359,12266,14.3,77,219,NONE,16.0,7.70,220,14,NORMAL,BELOW
2026082300,KMFR,2026-08-23T00:00Z,969,8,12541,10692,11541,18.1,125,247,NONE,18.2,8.89,210,19,BELOW,NORMAL
2026082318,KMFR,2026-08-23T18:00Z,973,13,14240,9639,13240,15.4,8,308,NONE,15.8,6.31,300,6,NORMAL,BELOW
2026082400,KMFR,2026-08-24T00:00Z,968,9,14995,9732,13995,11.7,10,230,NONE,19.6,7.85,175,3,NORMAL,MUCH BELOW
2026082418,KMFR,2026-08-24T18:00Z,968,100,14774,10728,13774,13.8,51,192,NONE,21.4,8.42,210,5,NORMAL,BELOW
2026082500,KMFR,2026-08-25T00:00Z,964,9,14818,11139,13818,13.3,70,208,NONE,23.8,9.10,190,18,NORMAL,BELOW
2026082518,KMFR,2026-08-25T18:00Z,970,9,14743,9661,13743,14.6,82,196,NONE,18.8,7.00,200,24,NORMAL,BELOW
2026082600,KMFR,2026-08-26T00:00Z,967,11,15591,11751,14591,18.1,72,253,NONE,21.8,8.80,175,16,ABOVE,NORMAL
2026082618,KMFR,2026-08-26T18:00Z,972,9,14304,9043,13304,14.5,78,215,NONE,15.9,4.88,216,21,NORMAL,BELOW
2026082700,KMFR,2026-08-27T00:00Z,968,8,15025,11015,14025,20.0,161,230,NONE,19.8,7.98,200,30,NORMAL,NORMAL
2026082718,KMFR,2026-08-27T18:00Z,971,9,14090,9981,13090,22.5,147,225,NONE,12.4,3.33,225,27,NORMAL,NORMAL
2026082800,KMFR,2026-08-28T00:00Z,967,9,14371,10165,13371,21.3,130,232,NONE,18.0,6.25,215,20,NORMAL,NORMAL
2026082818,KMFR,2026-08-28T18:00Z,970,9,13850,8552,12850,18.0,85,224,NONE,12.6,3.46,225,18,NORMAL,NORMAL
2026082900,KMFR,2026-08-29T00:00Z,966,8,13407,9654,12407,18.1,123,253,NONE,16.6,5.80,220,27,NORMAL,NORMAL
2026082918,KMFR,2026-08-29T18:00Z,972,7,12847,6416,11847,17.1,57,286,NONE,6.6,1.51,280,11,BELOW,NORMAL
2026083000,KMFR,2026-08-30T00:00Z,969,8,12527,7923,11527,12.1,69,305,NONE,13.8,5.37,300,11,BELOW,BELOW
2026083018,KMFR,2026-08-30T18:00Z,972,8,14161,8005,13161,13.4,9,241,NONE,11.2,3.10,225,5,NORMAL,BELOW
2026083100,KMFR,2026-08-31T00:00Z,966,10,14770,10073,13770,15.9,34,250,NONE,18.4,7.63,210,9,NORMAL,NORMAL
2026083118,KMFR,2026-08-31T18:00Z,964,100,13367,10322,12367,17.5,104,194,NONE,18.4,7.62,195,13,NORMAL,NORMAL
2026090100,KMFR,2026-09-01T00:00Z,960,10,13098,11182,12098,19.9,84,225,NONE,20.6,8.56,155,13,NORMAL,NORMAL
2026090118,KMFR,2026-09-01T18:00Z,966,8,11063,9905,10063,20.0,100,208,NONE,9.0,4.65,210,18,BELOW,NORMAL
2026090200,KMFR,2026-09-02T00:00Z,964,6,10403,9760,9403,23.6,109,208,NONE,12.2,7.03,180,18,MUCH BELOW,ABOVE
2026090218,KMFR,2026-09-02T18:00Z,964,11,9862,9846,8862,27.6,351,230,WEAK,8.0,5.13,240,39,MUCH BELOW,MUCH ABOVE
2026090300,KMFR,2026-09-03T00:00Z,964,100,9883,9883,8883,30.0,454,228,WEAK,8.0,5.13,235,49,MUCH BELOW,MUCH ABOVE
2026090318,KMFR,2026-09-03T18:00Z,966,7,7969,7969,6969,18.4,182,232,NONE,5.4,4.80,240,29,MUCH BELOW,NORMAL
2026090400,KMFR,2026-09-04T00:00Z,964,9,7408,7364,6408,18.1,134,250,NONE,6.2,7.11,230,22,MUCH BELOW,NORMAL
2026090418,KMFR,2026-09-04T18:00Z,967,100,7340,7323,6340,17.9,96,235,NONE,6.2,6.73,240,14,MUCH BELOW,NORMAL
2026090500,KMFR,2026-09-05T00:00Z,967,9,8044,7773,7044,20.1,99,244,NONE,7.8,7.08,235,12,MUCH BELOW,NORMAL
2026090518,KMFR,2026-09-05T18:00Z,970,8,9078,7045,8078,16.3,43,208,NONE,8.3,6.10,198,4,MUCH BELOW,NORMAL
2026090600,KMFR,2026-09-06T00:00Z,967,7,9319,8778,8319,21.5,86,232,NONE,11.2,7.77,190,15,MUCH BELOW,NORMAL
2026090618,KMFR,2026-09-06T18:00Z,971,8,7597,7418,6597,20.2,70,282,NONE,5.6,6.09,280,13,MUCH BELOW,NORMAL
2026090700,KMFR,2026-09-07T00:00Z,971,8,8238,7882,7238,18.8,119,316,NONE,7.8,7.21,295,9,MUCH BELOW,NORMAL
2026090718,KMFR,2026-09-07T18:00Z,974,11,12623,8117,11623,16.0,15,315,NONE,9.0,3.64,290,6,NORMAL,NORMAL
2026090800,KMFR,2026-09-08T00:00Z,970,100,12699,7672,11699,13.6,38,284,NONE,14.0,6.73,280,6,NORMAL,BELOW
2026090818,KMFR,2026-09-08T18:00Z,974,8,13575,9409,12575,14.7,20,140,NONE,15.2,5.06,330,5,NORMAL,NORMAL
2026090918,KMFR,2026-09-09T18:00Z,977,8,16116,10293,15116,12.4,6,166,NONE,20.2,6.10,195,3,MUCH ABOVE,BELOW
2026091000,KMFR,2026-09-10T00:00Z,972,9,16278,10684,15278,10.8,29,284,NONE,22.6,7.16,235,9,MUCH ABOVE,BELOW
2026091018,KMFR,2026-09-10T18:00Z,971,9,15156,10165,14156,15.1,84,254,NONE,19.6,5.74,250,19,ABOVE,NORMAL
2026091100,KMFR,2026-09-11T00:00Z,966,8,14441,10286,13441,12.4,105,268,NONE,21.8,8.28,265,13,NORMAL,BELOW
2026091118,KMFR,2026-09-11T18:00Z,968,8,13950,7158,12950,14.6,51,253,NONE,13.8,4.34,265,21,NORMAL,NORMAL
2026091200,KMFR,2026-09-12T00:00Z,964,8,13429,8570,12429,11.6,81,251,NONE,17.6,6.78,265,20,NORMAL,BELOW
2026091218,KMFR,2026-09-12T18:00Z,967,7,12391,8310,11391,20.6,314,223,WEAK,9.8,2.74,225,38,NORMAL,NORMAL
2026091300,KMFR,2026-09-13T00:00Z,966,7,9410,8563,8410,20.4,225,234,NONE,7.4,5.27,225,36,BELOW,NORMAL
2026091318,KMFR,2026-09-13T18:00Z,973,10,7658,7265,6658,18.3,115,283,NONE,4.8,5.84,300,20,MUCH BELOW,NORMAL
2026091400,KMFR,2026-09-14T00:00Z,972,8,8237,7767,7237,18.3,123,322,NONE,8.4,6.05,335,16,MUCH BELOW,NORMAL
2026091418,KMFR,2026-09-14T18:00Z,974,8,12401,8062,11401,13.8,39,26,NONE,10.6,4.40,15,13,NORMAL,BELOW
2026091500,KMFR,2026-09-15T00:00Z,968,8,13600,8003,12600,11.3,30,345,NONE,13.6,4.85,5,4,NORMAL,BELOW
2026091518,KMFR,2026-09-15T18:00Z,969,9,12565,8044,11565,17.9,55,297,NONE,12.6,4.98,300,5,NORMAL,NORMAL
2026091600,KMFR,2026-09-16T00:00Z,965,100,11439,9645,10439,19.9,122,279,NONE,14.6,7.49,255,12,NORMAL,NORMAL
2026091618,KMFR,2026-09-16T18:00Z,970,9,9853,8841,8853,19.8,100,83,NONE,9.8,6.25,100,12,BELOW,NORMAL
2026091700,KMFR,2026-09-17T00:00Z,965,8,10735,9590,9735,21.0,86,118,NONE,14.6,8.23,145,19,BELOW,ABOVE
2026091718,KMFR,2026-09-17T18:00Z,972,100,10564,9360,9564,22.6,68,36,NONE,11.8,6.89,25,14,BELOW,ABOVE
2026091800,KMFR,2026-09-18T00:00Z,972,8,10807,10442,9807,25.1,184,31,NONE,13.6,7.63,25,29,BELOW,MUCH ABOVE
2026091818,KMFR,2026-09-18T18:00Z,976,8,11566,9471,10566,19.2,57,339,NONE,12.2,5.48,335,13,NORMAL,NORMAL
2026091900,KMFR,2026-09-19T00:00Z,972,10,12978,8089,11978,12.7,55,309,NONE,15.4,6.58,340,13,NORMAL,BELOW
2026091918,KMFR,2026-09-19T18:00Z,974,9,14305,8969,13305,12.2,19,104,NONE,14.8,4.45,5,7,NORMAL,BELOW
2026092000,KMFR,2026-09-20T00:00Z,968,13,14762,9008,13762,10.9,14,286,NONE,19.0,7.00,330,1,ABOVE,BELOW
2026092018,KMFR,2026-09-20T18:00Z,971,7,13981,9438,12981,14.9,36,157,NONE,19.4,6.63,105,8,NORMAL,NORMAL
2026092100,KMFR,2026-09-21T00:00Z,965,9,13943,10636,12943,14.8,34,142,NONE,21.6,8.91,155,13,NORMAL,NORMAL
2026092118,KMFR,2026-09-21T18:00Z,969,8,12837,10278,11837,20.7,36,210,NONE,15.4,5.27,235,9,NORMAL,ABOVE
2026092200,KMFR,2026-09-22T00:00Z,965,9,12806,10801,11806,22.4,29,290,NONE,17.8,6.61,225,6,NORMAL,ABOVE
2026092218,KMFR,2026-09-22T18:00Z,971,7,12841,9886,11841,20.9,37,289,NONE,11.0,3.47,235,4,NORMAL,ABOVE
2026092300,KMFR,2026-09-23T00:00Z,968,7,12840,9150,11840,15.7,44,291,NONE,14.2,5.33,295,7,NORMAL,NORMAL
2026092318,KMFR,2026-09-23T18:00Z,974,8,13344,8896,12344,19.2,96,259,NONE,9.8,3.36,220,12,NORMAL,NORMAL
2026092400,KMFR,2026-09-24T00:00Z,970,7,13814,9197,12814,15.9,118,246,NONE,14.4,5.46,220,18,NORMAL,NORMAL
2026092418,KMFR,2026-09-24T18:00Z,968,100,13635,11239,12635,19.5,195,208,NONE,17.2,6.65,215,27,NORMAL,NORMAL
2026092500,KMFR,2026-09-25T00:00Z,964,6,12186,10653,11186,20.3,234,209,NONE,17.2,7.53,195,31,NORMAL,ABOVE
2026092518,KMFR,2026-09-25T18:00Z,972,7,7612,7123,6612,15.5,72,283,NONE,5.4,6.48,275,21,MUCH BELOW,NORMAL
2026092600,KMFR,2026-09-26T00:00Z,972,7,8051,7584,7051,15.1,51,306,NONE,8.0,7.35,260,7,BELOW,NORMAL
2026092618,KMFR,2026-09-26T18:00Z,972,100,11093,8263,10093,14.3,22,186,NONE,7.4,3.79,150,5,NORMAL,NORMAL
2026092700,KMFR,2026-09-27T00:00Z,966,7,11499,8966,10499,15.6,61,212,NONE,13.8,7.76,190,13,NORMAL,NORMAL
2026092718,KMFR,2026-09-27T18:00Z,967,8,10378,8618,9378,19.2,32,192,NONE,10.0,6.03,175,11,BELOW,NORMAL
2026092800,KMFR,2026-09-28T00:00Z,964,8,10349,9075,9349,18.8,39,290,NONE,13.4,8.02,175,6,BELOW,NORMAL
2026092818,KMFR,2026-09-28T18:00Z,972,8,11387,7833,10387,16.4,57,358,NONE,9.8,4.89,335,9,NORMAL,NORMAL
2026092900,KMFR,2026-09-29T00:00Z,968,7,12770,8350,11770,15.7,102,333,NONE,13.8,6.23,0,9,NORMAL,NORMAL
2026092918,KMFR,2026-09-29T18:00Z,972,8,14390,9848,13390,19.2,98,330,NONE,13.0,3.72,335,15,NORMAL,NORMAL
2026093000,KMFR,2026-09-30T00:00Z,967,100,14927,8513,13927,20.5,99,315,NONE,14.8,4.56,320,9,ABOVE,ABOVE
2026093018,KMFR,2026-09-30T18:00Z,971,8,16161,9174,15161,17.7,53,331,NONE,13.8,3.46,250,7,MUCH ABOVE,NORMAL
2026100100,KMFR,2026-10-01T00:00Z,966,6,16441,8726,15441,17.6,70,306,NONE,17.4,4.30,275,5,MUCH ABOVE,NORMAL
2026100118,KMFR,2026-10-01T18:00Z,970,8,16139,9350,15139,15.8,31,206,NONE,18.4,5.13,235,9,MUCH ABOVE,NORMAL
2026100200,KMFR,2026-10-02T00:00Z,965,100,15897,9659,14897,15.1,53,258,NONE,21.0,6.46,250,9,MUCH ABOVE,NORMAL
2026100218,KMFR,2026-10-02T18:00Z,972,100,15288,9614,14288,17.8,45,248,NONE,17.4,4.65,270,10,ABOVE,NORMAL
2026100300,KMFR,2026-10-03T00:00Z,968,100,15343,10106,14343,12.1,45,269,NONE,20.0,6.22,285,8,ABOVE,BELOW
2026100318,KMFR,2026-10-03T18:00Z,971,7,15325,10270,14325,16.2,45,195,NONE,22.0,6.56,195,10,ABOVE,NORMAL
2026100400,KMFR,2026-10-04T00:00Z,967,10,15508,10000,14508,15.9,56,245,NONE,22.6,7.28,235,11,MUCH ABOVE,NORMAL
2026100418,KMFR,2026-10-04T18:00Z,971,7,15242,11014,14242,15.6,63,202,NONE,22.4,7.16,200,11,MUCH ABOVE,NORMAL
2026100500,KMFR,2026-10-05T00:00Z,969,9,14567,11000,13567,19.6,85,218,NONE,22.6,7.77,215,12,ABOVE,ABOVE
2025100106,KOTX,2025-10-01T06:00Z,925,5,9279,9000,8279,21.7,247,222,NONE,8.6,5.89,209,25,NORMAL,MUCH ABOVE
2025100118,KOTX,2025-10-01T18:00Z,930,100,8687,7584,7687,17.1,208,219,NONE,7.4,6.57,225,22,NORMAL,ABOVE
2025100206,KOTX,2025-10-02T06:00Z,931,5,8724,8102,7724,18.6,184,219,NONE,8.1,6.35,242,29,NORMAL,ABOVE
2025100218,KOTX,2025-10-02T18:00Z,935,100,8095,7567,7095,15.7,129,214,NONE,6.8,5.95,230,17,NORMAL,NORMAL
2025100306,KOTX,2025-10-03T06:00Z,934,5,9046,6629,8046,15.4,60,220,NONE,8.2,6.42,200,4,NORMAL,NORMAL
2025100318,KOTX,2025-10-03T18:00Z,933,100,9004,6947,8004,12.4,31,276,NONE,7.4,5.66,315,9,NORMAL,NORMAL
2025100406,KOTX,2025-10-04T06:00Z,932,6,8596,7112,7596,15.8,114,270,NONE,9.3,7.82,342,7,NORMAL,NORMAL
2025100418,KOTX,2025-10-04T18:00Z,932,100,8202,6763,7202,11.7,48,342,NONE,7.0,7.74,0,8,NORMAL,NORMAL
2025100506,KOTX,2025-10-05T06:00Z,931,6,7802,6056,6802,9.6,97,350,NONE,7.6,8.40,317,21,NORMAL,BELOW
2025100518,KOTX,2025-10-05T18:00Z,937,100,6873,5835,5873,10.2,67,19,NONE,4.2,6.91,20,12,NORMAL,NORMAL
2025100606,KOTX,2025-10-06T06:00Z,936,7,7628,5923,6628,11.1,77,359,NONE,7.1,6.21,355,16,NORMAL,NORMAL
2025100618,KOTX,2025-10-06T18:00Z,939,100,11296,6031,10296,13.8,110,359,NONE,6.4,3.44,10,21,NORMAL,NORMAL
2025100706,KOTX,2025-10-07T06:00Z,937,6,12205,9904,11205,14.1,57,1,NONE,9.5,3.82,286,10,ABOVE,NORMAL
2025100718,KOTX,2025-10-07T18:00Z,935,100,12299,9404,11299,13.0,49,197,NONE,9.2,2.88,210,10,ABOVE,NORMAL
2025100806,KOTX,2025-10-08T06:00Z,927,5,11936,8247,10936,10.7,130,221,NONE,13.0,6.34,237,28,ABOVE,NORMAL
2025100818,KOTX,2025-10-08T18:00Z,926,6,10102,8042,9102,12.1,131,206,NONE,11.9,7.22,210,30,NORMAL,NORMAL
2025100906,KOTX,2025-10-09T06:00Z,925,7,10935,9364,9935,14.6,117,162,NONE,16.4,8.70,173,20,NORMAL,NORMAL
2025100918,KOTX,2025-10-09T18:00Z,930,100,11728,9714,10728,14.6,120,149,NONE,16.8,7.91,155,21,ABOVE,NORMAL
2025101006,KOTX,2025-10-10T06:00Z,929,6,12110,9758,11110,11.7,101,146,NONE,19.8,8.97,176,25,ABOVE,NORMAL
2025101018,KOTX,2025-10-10T18:00Z,926,100,12539,10237,11539,15.0,169,182,NONE,14.8,6.32,190,24,MUCH ABOVE,NORMAL
2025101106,KOTX,2025-10-11T06:00Z,923,6,10149,7831,9149,14.3,171,212,NONE,11.2,6.70,218,32,NORMAL,NORMAL
2025101118,KOTX,2025-10-11T18:00Z,925,8,5811,5444,4811,13.6,122,212,NONE,2.2,5.91,235,14,BELOW,NORMAL
2025101206,KOTX,2025-10-12T06:00Z,923,14,6181,5632,5181,13.8,123,286,NONE,4.4,6.98,288,16,BELOW,NORMAL
2025101218,KOTX,2025-10-12T18:00Z,925,100,5554,4672,4554,12.2,94,246,NONE,1.4,6.05,240,17,BELOW,NORMAL
2025101306,KOTX,2025-10-13T06:00Z,925,7,4659,4314,3659,11.6,55,147,NONE,0.1,6.07,152,10,MUCH BELOW,NORMAL
2025101318,KOTX,2025-10-13T18:00Z,928,9,4100,2908,3100,9.9,78,76,NONE,-1.5,3.65,85,18,MUCH BELOW,NORMAL
2025101406,KOTX,2025-10-14T06:00Z,931,5,4577,2776,3577,9.8,41,66,NONE,-0.5,3.49,24,8,MUCH BELOW,NORMAL
2025101418,KOTX,2025-10-14T18:00Z,933,100,6622,3036,5622,8.4,30,65,NONE,0.8,3.42,90,3,NORMAL,BELOW
2025101506,KOTX,2025-10-15T06:00Z,935,7,8343,5132,7343,8.9,37,79,NONE,2.7,4.48,133,9,NORMAL,BELOW
2025101518,KOTX,2025-10-15T18:00Z,934,8,8259,5852,7259,7.2,28,45,NONE,4.4,4.55,265,9,NORMAL,MUCH BELOW
2025101606,KOTX,2025-10-16T06:00Z,934,7,8455,5833,7455,6.3,17,344,NONE,5.4,3.00,6,10,NORMAL,MUCH BELOW
2025101618,KOTX,2025-10-16T18:00Z,936,100,11886,4816,10886,8.7,27,322,NONE,4.0,1.40,325,13,ABOVE,BELOW
2025101706,KOTX,2025-10-17T06:00Z,932,6,11234,8881,10234,13.0,157,285,NONE,6.5,3.79,306,28,ABOVE,NORMAL
2025101718,KOTX,2025-10-17T18:00Z,928,100,7305,6379,6305,11.1,163,271,NONE,5.6,5.06,275,33,NORMAL,NORMAL
2025101806,KOTX,2025-10-18T06:00Z,934,8,6706,4485,5706,6.1,80,328,NONE,4.4,8.08,333,21,NORMAL,MUCH BELOW
2025101818,KOTX,2025-10-18T18:00Z,937,100,6139,4410,5139,9.9,94,274,NONE,2.4,2.01,285,20,NORMAL,NORMAL
2025101906,KOTX,2025-10-19T06:00Z,928,23,6253,5340,5253,20.1,335,237,WEAK,4.0,2.56,245,34,NORMAL,MUCH ABOVE
2025101918,KOTX,2025-10-19T18:00Z,924,100,6857,5186,5857,11.4,162,255,NONE,1.8,5.36,270,34,NORMAL,NORMAL
2025102006,KOTX,2025-10-20T06:00Z,930,9,6683,5398,5683,10.6,135,283,NONE,5.3,8.80,292,22,NORMAL,NORMAL
2025102018,KOTX,2025-10-20T18:00Z,942,100,6248,2800,5248,10.5,101,294,NONE,2.8,5.40,290,15,NORMAL,NORMAL
2025102106,KOTX,2025-10-21T06:00Z,939,7,9357,5059,8357,14.1,180,263,NONE,4.9,4.34,294,29,NORMAL,NORMAL
2025102118,KOTX,2025-10-21T18:00Z,939,100,10141,5536,9141,9.4,81,267,NONE,4.0,2.62,280,20,NORMAL,NORMAL
2025102206,KOTX,2025-10-22T06:00Z,935,7,11549,6657,10549,7.2,19,187,NONE,8.7,3.59,241,17,ABOVE,BELOW
2025102218,KOTX,2025-10-22T18:00Z,933,100,11697,7924,10697,10.7,58,211,NONE,10.8,5.15,230,22,ABOVE,NORMAL
2025102306,KOTX,2025-10-23T06:00Z,933,7,9774,6301,8774,7.6,70,259,NONE,6.5,4.57,271,22,NORMAL,BELOW
2025102318,KOTX,2025-10-23T18:00Z,937,100,7446,5991,6446,16.1,125,255,NONE,4.8,4.56,270,20,NORMAL,ABOVE
2025102406,KOTX,2025-10-24T06:00Z,934,5,10702,5689,9702,16.6,197,239,NONE,7.0,4.12,253,31,ABOVE,ABOVE
2025102418,KOTX,2025-10-24T18:00Z,928,100,11068,6803,10068,10.3,174,215,NONE,10.8,5.92,220,37,ABOVE,NORMAL
2025102506,KOTX,2025-10-25T06:00Z,922,6,8031,6645,7031,14.5,369,221,WEAK,8.2,7.53,217,55,NORMAL,NORMAL
2025102518,KOTX,2025-10-25T18:00Z,923,7,7236,4996,6236,10.6,107,177,NONE,3.4,5.73,190,30,NORMAL,NORMAL
2025102606,KOTX,2025-10-26T06:00Z,920,6,5259,4520,4259,11.2,198,219,NONE,1.5,6.85,224,28,NORMAL,NORMAL
2025102618,KOTX,2025-10-26T18:00Z,927,100,4654,3386,3654,7.3,96,240,NONE,-0.1,6.68,260,28,BELOW,BELOW
2025102706,KOTX,2025-10-27T06:00Z,927,6,4278,3889,3278,9.5,106,251,NONE,-0.8,6.97,268,21,BELOW,NORMAL
2025102718,KOTX,2025-10-27T18:00Z,937,100,3193,2676,2388,6.8,48,270,NONE,-0.5,8.32,290,19,BELOW,BELOW
2025102806,KOTX,2025-10-28T06:00Z,942,5,5184,4215,4184,7.5,49,267,NONE,0.1,7.52,284,15,NORMAL,BELOW
2025102818,KOTX,2025-10-28T18:00Z,945,6,5184,2507,4184,11.0,86,264,NONE,0.0,3.53,242,17,NORMAL,NORMAL
2025102906,KOTX,2025-10-29T06:00Z,938,5,9275,5873,8275,14.6,223,222,NONE,6.1,3.68,229,32,ABOVE,NORMAL
2025102918,KOTX,2025-10-29T18:00Z,942,10,6130,4986,5130,9.5,99,256,NONE,2.2,5.67,295,22,NORMAL,NORMAL
2025103006,KOTX,2025-10-30T06:00Z,944,8,2392,2392,2388,9.1,73,283,NONE,2.2,3.84,275,29,BELOW,NORMAL
2025103018,KOTX,2025-10-30T18:00Z,944,7,2388,2388,2388,10.1,39,319,NONE,0.4,2.27,330,10,BELOW,NORMAL
2025103106,KOTX,2025-10-31T06:00Z,939,11,9646,4931,8646,8.7,40,328,NONE,4.0,3.13,283,5,ABOVE,NORMAL
2025103118,KOTX,2025-10-31T18:00Z,937,8,2863,2541,2388,9.6,72,280,NONE,4.2,1.27,240,22,BELOW,NORMAL
2025110106,KOTX,2025-11-01T06:00Z,934,6,10092,9590,9092,22.1,365,252,WEAK,6.2,3.93,251,23,ABOVE,MUCH ABOVE
2025110118,KOTX,2025-11-01T18:00Z,926,10,10786,10303,9786,24.9,693,235,MODERATE,9.2,5.17,250,60,ABOVE,MUCH ABOVE
2025110206,KOTX,2025-11-02T06:00Z,930,7,7326,5236,6326,7.3,157,260,NONE,5.3,7.35,268,28,NORMAL,BELOW
2025110218,KOTX,2025-11-02T18:00Z,940,7,5671,3916,4671,6.7,81,268,NONE,1.4,7.79,280,28,NORMAL,BELOW
2025110306,KOTX,2025-11-03T06:00Z,940,10,5367,4099,4367,7.6,102,259,NONE,0.8,5.54,316,8,NORMAL,NORMAL
2025110318,KOTX,2025-11-03T18:00Z,933,100,6631,3559,5631,9.6,126,244,NONE,2.0,7.08,190,7,NORMAL,NORMAL
2025110406,KOTX,2025-11-04T06:00Z,928,8,4652,4195,3652,15.2,223,245,NONE,-0.1,2.79,242,41,NORMAL,ABOVE
2025110418,KOTX,2025-11-04T18:00Z,934,100,4023,3526,3023,11.8,41,260,NONE,-0.5,3.90,280,12,NORMAL,NORMAL
2025110506,KOTX,2025-11-05T06:00Z,933,6,8215,7182,7215,13.8,94,186,NONE,5.8,6.01,210,20,ABOVE,NORMAL
2025110518,KOTX,2025-11-05T18:00Z,924,100,8516,7651,7516,17.9,266,196,WEAK,9.4,8.31,200,34,ABOVE,MUCH ABOVE
2025110606,KOTX,2025-11-06T06:00Z,926,7,7116,6485,6116,14.9,294,228,WEAK,5.8,7.13,235,38,NORMAL,ABOVE
2025110618,KOTX,2025-11-06T18:00Z,932,8,6631,5448,5631,11.1,159,250,NONE,4.0,6.85,261,30,NORMAL,NORMAL
2025110706,KOTX,2025-11-07T06:00Z,925,7,7628,7107,6628,15.6,297,215,WEAK,5.9,5.89,232,36,NORMAL,ABOVE
2025110718,KOTX,2025-11-07T18:00Z,933,7,5125,3911,4125,7.0,76,258,NONE,0.7,5.49,288,31,NORMAL,BELOW
2025110806,KOTX,2025-11-08T06:00Z,937,6,5771,2392,4771,6.8,53,291,NONE,2.2,6.73,279,11,NORMAL,BELOW
2025110818,KOTX,2025-11-08T18:00Z,942,100,2388,2388,2388,8.6,46,304,NONE,0.4,3.71,295,7,NORMAL,NORMAL
2025110906,KOTX,2025-11-09T06:00Z,943,17,11854,4551,10854,13.6,74,280,NONE,4.1,1.34,256,11,MUCH ABOVE,NORMAL
2025110918,KOTX,2025-11-09T18:00Z,944,100,12799,9872,11799,12.2,82,256,NONE,7.6,2.51,265,18,MUCH ABOVE,NORMAL
2025111006,KOTX,2025-11-10T06:00Z,941,7,12815,9101,11815,12.0,139,230,NONE,9.7,3.12,236,35,MUCH ABOVE,NORMAL
2025111018,KOTX,2025-11-10T18:00Z,937,100,11041,9293,10041,16.5,290,251,WEAK,8.4,4.41,250,40,MUCH ABOVE,ABOVE
2025111206,KOTX,2025-11-12T06:00Z,933,7,8898,5330,7898,10.4,91,242,NONE,5.7,5.41,237,32,ABOVE,NORMAL
2025111218,KOTX,2025-11-12T18:00Z,930,100,9654,7471,8654,16.5,175,231,NONE,8.6,6.01,225,31,ABOVE,ABOVE
2025111306,KOTX,2025-11-13T06:00Z,927,7,10052,8304,9052,17.1,190,227,NONE,11.2,6.93,243,32,MUCH ABOVE,ABOVE
2025111318,KOTX,2025-11-13T18:00Z,923,100,9435,8785,8435,19.5,360,221,WEAK,11.8,8.01,215,41,ABOVE,MUCH ABOVE
2025111406,KOTX,2025-11-14T06:00Z,920,17,9390,8777,8390,20.3,372,240,WEAK,7.8,5.33,225,43,ABOVE,MUCH ABOVE
2025111418,KOTX,2025-11-14T18:00Z,924,100,7600,5853,6600,12.8,209,247,NONE,5.8,7.39,255,30,ABOVE,NORMAL
2025111506,KOTX,2025-11-15T06:00Z,927,7,8058,7202,7058,19.3,352,261,WEAK,5.4,5.17,259,39,ABOVE,MUCH ABOVE
2025111518,KOTX,2025-11-15T18:00Z,931,100,9180,8381,8180,16.6,151,262,NONE,4.4,4.26,255,18,ABOVE,MUCH ABOVE
2025111606,KOTX,2025-11-16T06:00Z,927,8,9419,8817,8419,19.6,127,218,NONE,7.0,4.96,213,22,MUCH ABOVE,MUCH ABOVE
2025111618,KOTX,2025-11-16T18:00Z,920,100,10359,8346,9359,16.7,97,189,NONE,9.4,5.03,210,17,MUCH ABOVE,MUCH ABOVE
2025111706,KOTX,2025-11-17T06:00Z,919,6,7740,7240,6740,19.9,67,203,NONE,5.7,5.36,174,6,ABOVE,MUCH ABOVE
2025111718,KOTX,2025-11-17T18:00Z,924,100,7997,7520,6997,17.3,69,214,NONE,5.0,4.67,235,9,ABOVE,MUCH ABOVE
2025111806,KOTX,2025-11-18T06:00Z,927,8,7762,7404,6762,17.5,182,200,NONE,6.4,6.53,199,23,ABOVE,MUCH ABOVE
2025111818,KOTX,2025-11-18T18:00Z,931,7,4488,2794,3488,7.1,83,243,NONE,-0.3,3.53,246,22,NORMAL,NORMAL
2025111906,KOTX,2025-11-19T06:00Z,934,7,4213,3510,3213,10.8,38,265,NONE,-1.5,4.46,285,6,NORMAL,NORMAL
2025111918,KOTX,2025-11-19T18:00Z,935,100,4977,3382,3977,9.2,44,61,NONE,0.2,4.24,80,14,NORMAL,NORMAL
2025112006,KOTX,2025-11-20T06:00Z,929,8,2392,2392,2388,9.2,42,161,NONE,2.2,4.72,192,16,NORMAL,NORMAL
2025112018,KOTX,2025-11-20T18:00Z,931,7,6552,5072,5552,9.8,9,214,NONE,1.7,5.76,252,14,ABOVE,NORMAL
2025112106,KOTX,2025-11-21T06:00Z,936,9,6079,5231,5079,11.7,27,261,NONE,2.2,5.12,291,8,ABOVE,NORMAL
2025112118,KOTX,2025-11-21T18:00Z,938,100,4059,3641,3059,8.8,71,269,NONE,-1.7,0.52,280,22,NORMAL,NORMAL
2025112206,KOTX,2025-11-22T06:00Z,938,7,8622,4282,7622,13.7,130,272,NONE,3.2,4.36,290,20,MUCH ABOVE,ABOVE
2025112218,KOTX,2025-11-22T18:00Z,936,100,2388,2388,2388,13.8,181,248,NONE,3.4,4.82,245,23,NORMAL,ABOVE
2025112306,KOTX,2025-11-23T06:00Z,932,5,7792,6701,6792,16.3,247,250,NONE,5.1,5.90,258,27,ABOVE,MUCH ABOVE
2025112318,KOTX,2025-11-23T18:00Z,931,9,7065,5373,6065,15.4,220,248,NONE,3.1,4.71,252,28,ABOVE,ABOVE
2025112406,KOTX,2025-11-24T06:00Z,930,6,6224,5750,5224,14.3,186,236,NONE,2.8,6.41,247,24,ABOVE,ABOVE
2025112418,KOTX,2025-11-24T18:00Z,935,7,4022,2823,3022,6.5,74,300,NONE,-1.7,7.88,301,20,NORMAL,NORMAL
2025112506,KOTX,2025-11-25T06:00Z,941,7,2392,2392,2388,6.1,35,269,NONE,-2.0,7.70,263,11,NORMAL,BELOW
2025112518,KOTX,2025-11-25T18:00Z,942,100,2388,2388,2388,7.9,58,267,NONE,-2.9,6.10,270,14,NORMAL,NORMAL
2025112606,KOTX,2025-11-26T06:00Z,937,7,2953,2435,2388,13.0,135,247,NONE,-1.6,3.01,253,25,NORMAL,ABOVE
2025112618,KOTX,2025-11-26T18:00Z,940,11,2526,2418,2388,8.9,56,275,NONE,-2.1,2.22,280,24,NORMAL,NORMAL
2025112706,KOTX,2025-11-27T06:00Z,941,7,5305,4347,4305,12.2,74,272,NONE,0.5,3.83,262,20,ABOVE,ABOVE
2025112718,KOTX,2025-11-27T18:00Z,935,10,6966,5399,5966,15.5,117,219,NONE,1.4,5.37,225,18,ABOVE,MUCH ABOVE
2025112806,KOTX,2025-11-28T06:00Z,931,10,4829,4531,3829,13.4,70,249,NONE,0.1,4.22,265,16,ABOVE,ABOVE
2025112818,KOTX,2025-11-28T18:00Z,935,100,3588,2443,2588,5.0,43,15,NONE,-2.3,3.25,5,31,NORMAL,BELOW
2025112906,KOTX,2025-11-29T06:00Z,943,8,2392,2392,2388,6.1,44,333,NONE,-4.0,3.10,353,27,NORMAL,NORMAL
2025112918,KOTX,2025-11-29T18:00Z,941,100,2388,2388,2388,5.7,19,335,NONE,-4.3,2.36,310,8,NORMAL,BELOW
2025113006,KOTX,2025-11-30T06:00Z,935,7,2392,2392,2388,4.2,22,79,NONE,-1.9,5.31,144,13,NORMAL,MUCH BELOW
2025113018,KOTX,2025-11-30T18:00Z,939,100,2388,2388,2388,4.0,22,354,NONE,-3.3,3.94,330,17,NORMAL,MUCH BELOW
2025120106,KOTX,2025-12-01T06:00Z,941,6,2392,2392,2388,9.0,106,339,NONE,-6.9,1.05,329,16,NORMAL,NORMAL
2025120118,KOTX,2025-12-01T18:00Z,939,8,2392,2392,2388,14.4,157,293,NONE,-5.2,-1.71,300,26,NORMAL,ABOVE
2025120206,KOTX,2025-12-02T06:00Z,933,8,2392,2392,2388,10.9,120,290,NONE,-5.5,0.07,310,30,NORMAL,NORMAL
2025120218,KOTX,2025-12-02T18:00Z,934,100,2388,2388,2388,9.2,86,347,NONE,-2.5,3.93,355,19,NORMAL,NORMAL
2025120306,KOTX,2025-12-03T06:00Z,939,6,2392,2392,2388,7.8,46,0,NONE,-4.3,2.83,345,11,NORMAL,NORMAL
2025120318,KOTX,2025-12-03T18:00Z,941,8,2392,2392,2388,8.8,72,318,NONE,-3.4,3.10,327,23,NORMAL,NORMAL
2025120406,KOTX,2025-12-04T06:00Z,939,5,2392,2392,2388,10.4,53,303,NONE,-4.3,2.04,306,10,NORMAL,NORMAL
2025120418,KOTX,2025-12-04T18:00Z,936,100,2388,2388,2388,14.4,179,303,NONE,-2.1,2.08,295,23,NORMAL,ABOVE
2025120506,KOTX,2025-12-05T06:00Z,934,6,2392,2392,2388,11.6,108,316,NONE,1.3,6.06,325,16,NORMAL,ABOVE
2025120518,KOTX,2025-12-05T18:00Z,930,100,2388,2388,2388,12.5,134,272,NONE,-0.5,4.83,255,22,NORMAL,ABOVE
2025120606,KOTX,2025-12-06T06:00Z,920,7,5541,3184,4541,12.3,184,271,NONE,0.8,5.32,282,26,ABOVE,ABOVE
2025120618,KOTX,2025-12-06T18:00Z,925,100,6095,4465,5095,10.8,135,274,NONE,2.0,7.22,295,27,ABOVE,NORMAL
2025120706,KOTX,2025-12-07T06:00Z,931,6,6043,4340,5043,8.5,118,276,NONE,1.6,6.51,286,22,ABOVE,NORMAL
2025120718,KOTX,2025-12-07T18:00Z,933,100,5059,4629,4059,12.8,146,236,NONE,0.2,5.82,230,17,ABOVE,ABOVE
2025120806,KOTX,2025-12-08T06:00Z,933,8,6234,4962,5234,9.1,137,260,NONE,3.8,7.21,280,26,MUCH ABOVE,NORMAL
2025120818,KOTX,2025-12-08T18:00Z,934,100,5251,4721,4251,14.8,266,264,WEAK,0.6,6.19,260,30,ABOVE,MUCH ABOVE
2025120906,KOTX,2025-12-09T06:00Z,922,18,8173,7379,7173,19.0,577,257,MODERATE,6.8,6.06,271,58,MUCH ABOVE,MUCH ABOVE
2025120918,KOTX,2025-12-09T18:00Z,932,100,6125,3940,5125,6.7,146,284,NONE,3.0,7.75,325,32,MUCH ABOVE,NORMAL
2025121006,KOTX,2025-12-10T06:00Z,933,12,4639,4168,3639,16.1,230,257,NONE,-0.4,2.60,248,32,ABOVE,MUCH ABOVE
2025121018,KOTX,2025-12-10T18:00Z,926,9,10157,8611,9157,22.0,598,264,MODERATE,7.2,4.32,275,74,MUCH ABOVE,MUCH ABOVE
2025121106,KOTX,2025-12-11T06:00Z,924,11,9275,8661,8275,20.1,542,259,MODERATE,10.2,7.52,270,48,MUCH ABOVE,MUCH ABOVE
2025121118,KOTX,2025-12-11T18:00Z,931,11,7632,6583,6632,17.1,361,280,WEAK,5.6,6.47,300,39,MUCH ABOVE,MUCH ABOVE
2025121206,KOTX,2025-12-12T06:00Z,936,44,7543,6951,6543,17.4,324,285,WEAK,3.2,4.44,281,32,MUCH ABOVE,MUCH ABOVE
2025121218,KOTX,2025-12-12T18:00Z,935,100,7657,7088,6657,15.1,203,271,NONE,3.6,4.43,275,28,MUCH ABOVE,MUCH ABOVE
2025121306,KOTX,2025-12-13T06:00Z,931,6,8971,6522,7971,16.0,300,288,WEAK,6.4,5.48,298,28,MUCH ABOVE,MUCH ABOVE
2025121318,KOTX,2025-12-13T18:00Z,934,100,11304,6117,10304,9.2,85,257,NONE,5.0,1.52,285,35,MUCH ABOVE,NORMAL
2025121406,KOTX,2025-12-14T06:00Z,931,5,11273,6974,10273,8.5,89,234,NONE,9.8,4.79,237,36,MUCH ABOVE,NORMAL
2025121418,KOTX,2025-12-14T18:00Z,931,6,9537,6575,8537,14.3,302,244,WEAK,8.4,6.03,249,38,MUCH ABOVE,ABOVE
2025121506,KOTX,2025-12-15T06:00Z,933,6,9150,7700,8150,17.6,289,245,WEAK,7.5,6.42,241,37,MUCH ABOVE,MUCH ABOVE
2025121518,KOTX,2025-12-15T18:00Z,929,100,9734,9335,8734,22.4,504,245,MODERATE,6.2,4.25,265,51,MUCH ABOVE,MUCH ABOVE
2025121606,KOTX,2025-12-16T06:00Z,927,5,7769,5583,6769,8.7,194,251,NONE,5.9,7.13,253,52,MUCH ABOVE,NORMAL
2025121618,KOTX,2025-12-16T18:00Z,930,100,5878,5122,4878,10.5,172,250,NONE,2.8,5.66,255,44,ABOVE,NORMAL
2025121706,KOTX,2025-12-17T06:00Z,917,9,7185,6277,6185,14.8,369,232,WEAK,7.6,7.37,233,54,MUCH ABOVE,MUCH ABOVE
2025121718,KOTX,2025-12-17T18:00Z,919,35,3347,2480,2388,4.6,116,265,NONE,-2.3,7.28,280,61,NORMAL,BELOW
2025121806,KOTX,2025-12-18T06:00Z,933,8,3695,2404,2695,5.7,64,263,NONE,-1.5,7.13,287,25,ABOVE,BELOW
2025121818,KOTX,2025-12-18T18:00Z,926,100,3097,2445,2388,11.4,181,250,NONE,-3.5,5.03,220,32,NORMAL,ABOVE
2025121906,KOTX,2025-12-19T06:00Z,908,8,7310,6920,6310,17.5,589,244,MODERATE,5.3,5.37,247,70,MUCH ABOVE,MUCH ABOVE
2025121918,KOTX,2025-12-19T18:00Z,918,21,2613,2388,2388,3.7,43,270,NONE,-1.7,8.37,285,27,NORMAL,MUCH BELOW
2025122006,KOTX,2025-12-20T06:00Z,925,6,2392,2392,2388,5.9,86,249,NONE,-2.3,7.76,257,23,NORMAL,BELOW
2025122018,KOTX,2025-12-20T18:00Z,928,100,2487,2388,2388,6.8,107,243,NONE,-2.1,7.29,265,29,NORMAL,NORMAL
2025122106,KOTX,2025-12-21T06:00Z,927,8,4154,2392,3154,7.1,110,235,NONE,-1.0,6.64,251,29,ABOVE,NORMAL
2025122118,KOTX,2025-12-21T18:00Z,923,11,2388,2388,2388,5.7,63,220,NONE,-0.7,5.65,215,21,NORMAL,BELOW
2025122206,KOTX,2025-12-22T06:00Z,920,8,4921,4671,3921,12.8,176,218,NONE,1.1,5.59,227,31,ABOVE,ABOVE
2025122218,KOTX,2025-12-22T18:00Z,928,100,2824,2538,2388,6.5,56,229,NONE,-3.5,6.08,240,22,NORMAL,NORMAL
2025122306,KOTX,2025-12-23T06:00Z,925,5,5413,4218,4413,8.8,140,219,NONE,1.9,8.64,225,43,ABOVE,NORMAL
2025122318,KOTX,2025-12-23T18:00Z,927,100,4371,3464,3371,7.9,88,223,NONE,-0.1,6.68,220,28,ABOVE,NORMAL
2025122406,KOTX,2025-12-24T06:00Z,924,7,6089,5612,5089,14.7,186,209,NONE,3.1,5.24,203,42,MUCH ABOVE,MUCH ABOVE
2025122418,KOTX,2025-12-24T18:00Z,917,4,8507,7051,7507,15.0,281,189,WEAK,10.0,8.18,190,44,MUCH ABOVE,MUCH ABOVE
2025122506,KOTX,2025-12-25T06:00Z,920,25,7162,5285,6162,7.1,58,232,NONE,2.5,4.63,233,18,MUCH ABOVE,NORMAL
2025122518,KOTX,2025-12-25T18:00Z,921,100,6300,5686,5300,12.9,131,208,NONE,3.2,6.66,220,33,MUCH ABOVE,ABOVE
2025122606,KOTX,2025-12-26T06:00Z,922,10,3346,3003,2388,9.2,129,227,NONE,-0.8,5.55,231,38,ABOVE,NORMAL
2025122618,KOTX,2025-12-26T18:00Z,917,100,3210,2477,2388,10.4,81,252,NONE,-0.7,6.03,270,16,ABOVE,NORMAL
2025122706,KOTX,2025-12-27T06:00Z,916,5,2392,2392,2388,5.4,79,261,NONE,-2.0,8.36,282,27,NORMAL,BELOW
2025122718,KOTX,2025-12-27T18:00Z,932,100,2388,2388,2388,2.2,30,322,NONE,-9.5,6.91,310,38,NORMAL,MUCH BELOW
2025122806,KOTX,2025-12-28T06:00Z,943,5,2392,2392,2388,3.2,52,333,NONE,-9.7,2.36,334,26,NORMAL,MUCH BELOW
2025122818,KOTX,2025-12-28T18:00Z,950,100,2388,2388,2388,5.9,55,338,NONE,-9.5,-1.20,340,21,NORMAL,NORMAL
2025122906,KOTX,2025-12-29T06:00Z,951,5,2392,2392,2388,10.1,113,297,NONE,-6.9,0.13,296,21,NORMAL,NORMAL
2025122918,KOTX,2025-12-29T18:00Z,951,100,2388,2388,2388,11.8,84,304,NONE,-4.1,1.05,275,16,NORMAL,ABOVE
2025123006,KOTX,2025-12-30T06:00Z,949,5,2392,2392,2388,12.8,98,290,NONE,-2.6,-0.06,282,16,NORMAL,ABOVE
2025123018,KOTX,2025-12-30T18:00Z,946,100,2388,2388,2388,9.3,56,282,NONE,0.2,0.45,265,14,NORMAL,NORMAL
2025123106,KOTX,2025-12-31T06:00Z,941,5,2392,2392,2388,10.4,85,253,NONE,2.4,-0.25,237,13,NORMAL,NORMAL
2025123118,KOTX,2025-12-31T18:00Z,939,100,2388,2388,2388,10.1,88,250,NONE,2.0,-0.00,250,27,NORMAL,NORMAL
2026010106,KOTX,2026-01-01T06:00Z,933,10,2392,2392,2388,7.7,28,228,NONE,3.1,0.38,235,15,NORMAL,NORMAL
2026010118,KOTX,2026-01-01T18:00Z,928,100,2388,2388,2388,9.2,62,229,NONE,4.0,2.04,235,14,NORMAL,NORMAL
2026010200,KOTX,2026-01-02T00:00Z,927,100,2388,2388,2388,17.4,199,224,NONE,-0.3,1.94,220,33,NORMAL,MUCH ABOVE
2026010206,KOTX,2026-01-02T06:00Z,926,7,2392,2392,2388,17.4,180,258,NONE,-0.2,1.10,273,24,NORMAL,MUCH ABOVE
2026010218,KOTX,2026-01-02T18:00Z,928,100,2388,2388,2388,15.5,197,263,NONE,0.2,3.16,270,32,NORMAL,MUCH ABOVE
2026010306,KOTX,2026-01-03T06:00Z,927,25,7283,2494,6283,17.5,156,214,NONE,4.1,5.52,212,19,MUCH ABOVE,MUCH ABOVE
2026010318,KOTX,2026-01-03T18:00Z,920,100,7224,6420,6224,14.1,234,198,NONE,6.8,7.90,215,48,MUCH ABOVE,ABOVE
2026010406,KOTX,2026-01-04T06:00Z,913,9,6467,5830,5467,13.7,186,203,NONE,4.9,6.37,209,37,MUCH ABOVE,ABOVE
2026010418,KOTX,2026-01-04T18:00Z,915,100,5768,5332,4768,13.7,237,218,NONE,2.4,5.63,230,43,ABOVE,ABOVE
2026010506,KOTX,2026-01-05T06:00Z,919,6,5154,3890,4154,9.9,148,229,NONE,1.8,7.71,231,33,ABOVE,NORMAL
2026010518,KOTX,2026-01-05T18:00Z,924,100,2709,2491,2388,6.9,70,243,NONE,-0.3,7.50,255,24,NORMAL,NORMAL
2026010606,KOTX,2026-01-06T06:00Z,928,7,2822,2392,2388,6.4,80,249,NONE,-1.8,6.14,238,28,NORMAL,NORMAL
2026010618,KOTX,2026-01-06T18:00Z,926,8,2388,2388,2388,10.3,165,248,NONE,-4.3,3.85,255,22,NORMAL,NORMAL
2026010706,KOTX,2026-01-07T06:00Z,918,11,4288,2824,3288,10.0,176,249,NONE,-0.3,6.29,250,24,ABOVE,NORMAL
2026010718,KOTX,2026-01-07T18:00Z,922,100,2388,2388,2388,5.2,60,254,NONE,-3.3,7.85,280,23,NORMAL,BELOW
2026010806,KOTX,2026-01-08T06:00Z,921,5,2392,2392,2388,7.7,58,252,NONE,-3.7,6.84,247,15,NORMAL,NORMAL
2026010818,KOTX,2026-01-08T18:00Z,929,100,2388,2388,2388,5.4,62,271,NONE,-5.9,6.41,285,19,NORMAL,BELOW
2026010906,KOTX,2026-01-09T06:00Z,936,7,2392,2392,2388,6.7,97,307,NONE,-2.3,7.77,325,25,NORMAL,NORMAL
2026010918,KOTX,2026-01-09T18:00Z,944,100,2388,2388,2388,9.8,107,304,NONE,-2.5,5.80,320,32,NORMAL,NORMAL
2026011006,KOTX,2026-01-10T06:00Z,948,6,2392,2392,2388,8.3,86,285,NONE,-0.4,3.25,294,27,NORMAL,NORMAL
2026011018,KOTX,2026-01-10T18:00Z,948,100,2388,2388,2388,6.9,78,248,NONE,1.6,4.06,260,37,NORMAL,NORMAL
2026011106,KOTX,2026-01-11T06:00Z,945,8,2392,2392,2388,9.0,119,245,NONE,3.1,4.70,252,38,NORMAL,NORMAL
2026011118,KOTX,2026-01-11T18:00Z,944,8,2388,2388,2388,11.8,183,263,NONE,2.0,4.73,275,38,NORMAL,ABOVE
2026011206,KOTX,2026-01-12T06:00Z,942,7,8540,4649,7540,14.9,268,259,WEAK,4.6,4.29,256,37,MUCH ABOVE,MUCH ABOVE
2026011218,KOTX,2026-01-12T18:00Z,940,100,8840,8249,7840,16.1,362,264,WEAK,7.8,6.29,270,43,MUCH ABOVE,MUCH ABOVE
2026011306,KOTX,2026-01-13T06:00Z,940,7,9856,8657,8856,16.7,277,268,WEAK,8.7,6.33,292,30,MUCH ABOVE,MUCH ABOVE
2026011318,KOTX,2026-01-13T18:00Z,944,8,11549,7726,10549,12.4,142,290,NONE,8.5,3.90,301,34,MUCH ABOVE,ABOVE
2026011406,KOTX,2026-01-14T06:00Z,947,6,12159,7108,11159,8.2,35,286,NONE,7.7,2.33,297,16,MUCH ABOVE,NORMAL
2026011418,KOTX,2026-01-14T18:00Z,947,100,2388,2388,2388,5.5,20,250,NONE,8.0,3.14,290,22,NORMAL,BELOW
2026011518,KOTX,2026-01-15T18:00Z,947,100,2388,2388,2388,6.5,69,327,NONE,5.2,3.65,335,35,NORMAL,NORMAL
2026011606,KOTX,2026-01-16T06:00Z,947,7,2392,2392,2388,7.0,95,346,NONE,1.9,3.01,358,25,NORMAL,NORMAL
2026011618,KOTX,2026-01-16T18:00Z,948,100,2388,2388,2388,7.6,79,354,NONE,-0.1,2.97,335,23,NORMAL,NORMAL
2026011706,KOTX,2026-01-17T06:00Z,948,4,2392,2392,2388,8.5,74,4,NONE,0.2,0.51,12,16,NORMAL,NORMAL
2026011718,KOTX,2026-01-17T18:00Z,947,100,2388,2388,2388,9.0,52,329,NONE,-3.3,-3.51,300,16,NORMAL,NORMAL
2026011806,KOTX,2026-01-18T06:00Z,944,5,2392,2392,2388,8.4,55,320,NONE,1.7,0.82,322,15,NORMAL,NORMAL
2026011818,KOTX,2026-01-18T18:00Z,945,100,2388,2388,2388,6.2,48,360,NONE,-4.3,-1.67,10,23,NORMAL,NORMAL
2026011906,KOTX,2026-01-19T06:00Z,946,5,2392,2392,2388,5.5,29,14,NONE,-0.5,2.65,356,27,NORMAL,BELOW
2026011918,KOTX,2026-01-19T18:00Z,947,100,2388,2388,2388,6.0,39,340,NONE,-7.3,-2.08,345,26,NORMAL,BELOW
2026012006,KOTX,2026-01-20T06:00Z,942,5,2392,2392,2388,6.4,65,305,NONE,-9.0,-6.14,315,31,NORMAL,NORMAL
2026012018,KOTX,2026-01-20T18:00Z,944,100,2388,2388,2388,3.8,26,26,NONE,-7.7,-1.95,345,27,NORMAL,MUCH BELOW
2026012106,KOTX,2026-01-21T06:00Z,943,5,2392,2392,2388,4.1,16,314,NONE,-4.1,-0.26,330,25,NORMAL,MUCH BELOW
2026012118,KOTX,2026-01-21T18:00Z,942,100,2388,2388,2388,5.2,41,327,NONE,-10.5,-3.14,335,16,NORMAL,BELOW
2026012206,KOTX,2026-01-22T06:00Z,940,7,2392,2392,2388,5.7,56,322,NONE,-9.7,-2.74,336,18,NORMAL,BELOW
2026012218,KOTX,2026-01-22T18:00Z,939,100,2388,2388,2388,7.3,53,316,NONE,-9.5,-1.71,330,22,NORMAL,NORMAL
2026012306,KOTX,2026-01-23T06:00Z,938,5,2392,2392,2388,6.1,37,338,NONE,-8.6,0.13,316,9,NORMAL,BELOW
2026012318,KOTX,2026-01-23T18:00Z,941,100,2388,2388,2388,3.8,28,14,NONE,-8.7,1.33,0,23,NORMAL,MUCH BELOW
2026012406,KOTX,2026-01-24T06:00Z,942,7,2392,2392,2388,4.1,37,342,NONE,-8.4,2.54,346,28,NORMAL,MUCH BELOW
2026012418,KOTX,2026-01-24T18:00Z,941,100,2388,2388,2388,4.8,60,344,NONE,-7.5,2.39,340,26,NORMAL,BELOW
2026012506,KOTX,2026-01-25T06:00Z,938,7,2392,2392,2388,4.9,49,330,NONE,-6.8,2.98,339,31,NORMAL,BELOW
2026012518,KOTX,2026-01-25T18:00Z,940,6,2388,2388,2388,4.6,11,341,NONE,-8.9,0.13,325,17,NORMAL,MUCH BELOW
2026012606,KOTX,2026-01-26T06:00Z,937,12,2392,2392,2388,3.7,18,271,NONE,-4.7,1.63,285,20,NORMAL,MUCH BELOW
2026012618,KOTX,2026-01-26T18:00Z,939,100,2388,2388,2388,6.6,47,265,NONE,-5.7,0.91,280,9,NORMAL,NORMAL
2026012706,KOTX,2026-01-27T06:00Z,940,8,2392,2392,2388,7.2,61,284,NONE,1.3,6.24,270,23,NORMAL,NORMAL
2026012718,KOTX,2026-01-27T18:00Z,942,9,2388,2388,2388,6.9,32,281,NONE,1.2,5.66,265,15,NORMAL,NORMAL
2026012806,KOTX,2026-01-28T06:00Z,937,50,6962,2392,5962,5.8,51,189,NONE,3.2,5.75,187,22,MUCH ABOVE,BELOW
2026012818,KOTX,2026-01-28T18:00Z,940,7,2392,2392,2388,10.3,87,257,NONE,-2.4,4.86,280,18,NORMAL,NORMAL
2026012906,KOTX,2026-01-29T06:00Z,943,8,4357,2398,3357,12.3,87,259,NONE,-0.7,5.03,298,17,NORMAL,ABOVE
2026012918,KOTX,2026-01-29T18:00Z,943,5,5623,2475,4623,12.5,100,226,NONE,1.0,6.01,222,22,ABOVE,ABOVE
2026013006,KOTX,2026-01-30T06:00Z,942,33,5566,5102,4566,15.5,129,248,NONE,0.9,3.95,250,16,ABOVE,MUCH ABOVE
2026013018,KOTX,2026-01-30T18:00Z,940,100,8366,5773,7366,10.5,119,237,NONE,4.2,5.07,240,31,MUCH ABOVE,NORMAL
2026013106,KOTX,2026-01-31T06:00Z,938,33,7628,6871,6628,13.2,157,267,NONE,5.5,6.88,300,23,MUCH ABOVE,ABOVE
2026013118,KOTX,2026-01-31T18:00Z,941,100,7447,6241,6447,10.7,51,244,NONE,2.2,3.67,265,18,MUCH ABOVE,NORMAL
2026020106,KOTX,2026-02-01T06:00Z,936,13,8809,5507,7809,7.5,46,231,NONE,6.7,6.07,236,28,MUCH ABOVE,NORMAL
2026020118,KOTX,2026-02-01T18:00Z,932,100,2592,2434,2388,9.7,133,213,NONE,5.6,5.82,215,35,NORMAL,NORMAL
2026020206,KOTX,2026-02-02T06:00Z,937,5,6027,4891,5027,10.4,105,265,NONE,1.9,6.31,286,20,ABOVE,NORMAL
2026020218,KOTX,2026-02-02T18:00Z,941,100,5283,4362,4283,9.7,83,245,NONE,0.6,4.25,265,22,ABOVE,NORMAL
2026020306,KOTX,2026-02-03T06:00Z,942,5,7684,6224,6684,13.5,124,287,NONE,0.7,3.68,302,20,MUCH ABOVE,ABOVE
2026020318,KOTX,2026-02-03T18:00Z,947,100,8943,2457,7943,13.4,63,299,NONE,3.6,3.66,310,13,MUCH ABOVE,ABOVE
2026020406,KOTX,2026-02-04T06:00Z,946,5,10594,6984,9594,15.4,95,268,NONE,5.2,3.18,281,20,MUCH ABOVE,MUCH ABOVE
2026020418,KOTX,2026-02-04T18:00Z,947,5,10661,8653,9661,16.4,99,271,NONE,8.4,5.04,265,16,MUCH ABOVE,MUCH ABOVE
2026020506,KOTX,2026-02-05T06:00Z,944,5,11719,9138,10719,10.0,59,231,NONE,10.3,4.82,243,21,MUCH ABOVE,NORMAL
2026020518,KOTX,2026-02-05T18:00Z,942,100,2388,2388,2388,5.8,5,193,NONE,10.8,5.14,285,6,NORMAL,BELOW
2026020606,KOTX,2026-02-06T06:00Z,937,6,2392,2392,2388,7.6,17,136,NONE,10.7,4.76,178,9,NORMAL,NORMAL
2026020618,KOTX,2026-02-06T18:00Z,937,100,2425,2405,2388,9.8,54,219,NONE,2.6,0.89,240,14,NORMAL,NORMAL
2026020706,KOTX,2026-02-07T06:00Z,936,6,3284,2949,2388,10.2,80,253,NONE,2.3,2.86,252,21,NORMAL,NORMAL
2026020718,KOTX,2026-02-07T18:00Z,938,100,2683,2493,2388,11.4,149,239,NONE,1.4,4.05,235,35,NORMAL,ABOVE
2026020806,KOTX,2026-02-08T06:00Z,934,6,6342,5952,5342,12.4,215,233,NONE,3.6,6.21,242,35,ABOVE,ABOVE
2026020818,KOTX,2026-02-08T18:00Z,935,100,6015,3526,5015,7.6,82,252,NONE,2.2,6.83,270,22,ABOVE,NORMAL
2026020906,KOTX,2026-02-09T06:00Z,932,6,4469,3889,3469,10.7,45,243,NONE,-0.8,5.72,127,3,NORMAL,NORMAL
2026020918,KOTX,2026-02-09T18:00Z,937,100,3229,2900,2388,8.5,49,258,NONE,-3.7,5.96,260,11,NORMAL,NORMAL
2026021006,KOTX,2026-02-10T06:00Z,938,7,4646,3550,3646,8.3,54,258,NONE,-0.9,8.07,261,12,NORMAL,NORMAL
2026021018,KOTX,2026-02-10T18:00Z,936,9,4438,2584,3438,7.6,21,196,NONE,-1.1,6.72,240,13,NORMAL,NORMAL
2026021106,KOTX,2026-02-11T06:00Z,932,6,2392,2392,2388,6.1,11,201,NONE,0.3,5.54,236,6,NORMAL,NORMAL
2026021118,KOTX,2026-02-11T18:00Z,935,100,2517,2395,2388,4.5,8,22,NONE,-0.3,5.09,290,9,NORMAL,BELOW
2026021206,KOTX,2026-02-12T06:00Z,937,8,2392,2392,2388,4.5,3,211,NONE,1.8,4.40,26,2,NORMAL,BELOW
2026021218,KOTX,2026-02-12T18:00Z,939,7,2388,2388,2388,6.9,24,245,NONE,0.8,3.70,275,10,NORMAL,NORMAL
2026021306,KOTX,2026-02-13T06:00Z,936,6,2392,2392,2388,7.7,32,245,NONE,-0.8,3.04,276,21,NORMAL,NORMAL
2026021318,KOTX,2026-02-13T18:00Z,934,7,2392,2392,2388,9.2,87,227,NONE,-0.1,5.03,236,27,NORMAL,NORMAL
2026021406,KOTX,2026-02-14T06:00Z,930,5,4521,3599,3521,10.0,104,235,NONE,-0.5,6.37,259,20,NORMAL,NORMAL
2026021418,KOTX,2026-02-14T18:00Z,932,100,2951,2608,2388,7.7,88,246,NONE,-1.7,6.98,250,19,NORMAL,NORMAL
2026021506,KOTX,2026-02-15T06:00Z,931,7,4045,3202,3045,9.9,91,243,NONE,-1.3,5.72,256,24,NORMAL,NORMAL
2026021518,KOTX,2026-02-15T18:00Z,929,100,3017,2485,2388,9.0,64,262,NONE,-2.3,5.13,275,25,NORMAL,NORMAL
2026021606,KOTX,2026-02-16T06:00Z,924,6,3376,2945,2388,10.0,100,236,NONE,-2.2,5.13,241,32,NORMAL,NORMAL
2026021618,KOTX,2026-02-16T18:00Z,913,100,4685,4267,3685,12.1,165,184,NONE,0.6,5.40,195,36,ABOVE,ABOVE
2026021706,KOTX,2026-02-17T06:00Z,908,5,2782,2489,2388,8.9,79,205,NONE,-2.1,5.41,223,22,NORMAL,NORMAL
2026021718,KOTX,2026-02-17T18:00Z,913,100,2472,2388,2388,4.6,40,212,NONE,-3.9,6.66,230,20,NORMAL,BELOW
2026021806,KOTX,2026-02-18T06:00Z,914,7,2392,2392,2388,6.9,19,172,NONE,-2.8,8.10,177,8,NORMAL,NORMAL
2026021818,KOTX,2026-02-18T18:00Z,916,6,2388,2388,2388,5.4,30,261,NONE,-4.1,7.36,265,13,NORMAL,BELOW
2026021906,KOTX,2026-02-19T06:00Z,922,6,2392,2392,2388,5.5,26,229,NONE,-4.9,8.19,217,8,NORMAL,NORMAL
2026021918,KOTX,2026-02-19T18:00Z,923,100,2388,2388,2388,5.6,28,203,NONE,-5.7,7.91,230,10,NORMAL,NORMAL
2026022006,KOTX,2026-02-20T06:00Z,922,8,2392,2392,2388,5.1,38,276,NONE,-7.7,6.25,260,18,NORMAL,BELOW
2026022018,KOTX,2026-02-20T18:00Z,928,8,2388,2388,2388,3.4,34,321,NONE,-10.7,1.89,325,22,NORMAL,MUCH BELOW
2026022106,KOTX,2026-02-21T06:00Z,933,6,2392,2392,2388,5.3,19,243,NONE,-7.6,2.94,249,17,NORMAL,BELOW
2026022118,KOTX,2026-02-21T18:00Z,936,12,2388,2388,2388,6.2,19,182,NONE,-3.3,5.05,215,11,NORMAL,NORMAL
2026022206,KOTX,2026-02-22T06:00Z,937,5,2392,2392,2388,9.0,76,174,NONE,0.5,5.68,191,19,NORMAL,NORMAL
2026022218,KOTX,2026-02-22T18:00Z,936,100,5998,2416,4998,8.5,84,207,NONE,2.6,5.40,210,27,ABOVE,NORMAL
2026022306,KOTX,2026-02-23T06:00Z,934,6,6188,4958,5188,12.3,166,216,NONE,2.3,5.84,203,52,MUCH ABOVE,ABOVE
2026022318,KOTX,2026-02-23T18:00Z,933,100,5542,4376,4542,11.2,225,246,NONE,1.8,7.40,270,42,ABOVE,ABOVE
2026022406,KOTX,2026-02-24T06:00Z,932,5,3018,2539,2388,10.4,174,264,NONE,-2.5,4.48,279,35,NORMAL,ABOVE
2026022418,KOTX,2026-02-24T18:00Z,929,100,2703,2466,2388,9.1,79,265,NONE,-4.5,3.56,240,21,NORMAL,NORMAL
2026022506,KOTX,2026-02-25T06:00Z,925,9,3268,2684,2388,9.1,103,261,NONE,-1.9,5.26,276,27,NORMAL,NORMAL
2026022518,KOTX,2026-02-25T18:00Z,930,100,2388,2388,2388,6.8,70,277,NONE,-4.9,1.84,290,21,NORMAL,NORMAL
2026022606,KOTX,2026-02-26T06:00Z,933,7,4644,2967,3644,8.6,113,272,NONE,-0.2,5.10,292,19,ABOVE,NORMAL
2026022618,KOTX,2026-02-26T18:00Z,937,6,2676,2420,2388,8.7,142,270,NONE,-1.9,2.62,285,29,NORMAL,NORMAL
2026022706,KOTX,2026-02-27T06:00Z,935,6,5784,4083,4784,10.1,162,271,NONE,1.7,5.91,268,17,ABOVE,NORMAL
2026022718,KOTX,2026-02-27T18:00Z,936,100,2701,2483,2388,9.4,164,281,NONE,1.4,5.38,300,36,NORMAL,NORMAL
2026022806,KOTX,2026-02-28T06:00Z,933,7,7067,4092,6067,7.1,107,282,NONE,4.2,7.37,295,20,MUCH ABOVE,NORMAL
2026022818,KOTX,2026-02-28T18:00Z,935,7,4705,2538,3705,6.1,33,293,NONE,-0.4,2.09,286,17,NORMAL,NORMAL
2026030106,KOTX,2026-03-01T06:00Z,933,6,2392,2392,2388,5.9,33,301,NONE,2.1,4.26,276,13,NORMAL,NORMAL
2026030118,KOTX,2026-03-01T18:00Z,935,100,7380,2392,6380,6.0,10,305,NONE,1.2,4.32,270,12,MUCH ABOVE,NORMAL
2026030206,KOTX,2026-03-02T06:00Z,932,6,2392,2392,2388,6.3,11,329,NONE,5.1,5.66,251,3,NORMAL,NORMAL
2026030218,KOTX,2026-03-02T18:00Z,933,6,8074,2530,7074,7.4,30,347,NONE,3.0,4.55,5,24,MUCH ABOVE,NORMAL
2026030306,KOTX,2026-03-03T06:00Z,934,6,8432,4401,7432,6.6,42,260,NONE,6.1,6.65,286,14,MUCH ABOVE,NORMAL
2026030318,KOTX,2026-03-03T18:00Z,933,7,7197,6044,6197,9.5,137,221,NONE,4.2,5.07,215,38,ABOVE,NORMAL
2026030406,KOTX,2026-03-04T06:00Z,930,15,6772,5953,5772,14.0,195,236,NONE,4.6,7.03,232,36,ABOVE,MUCH ABOVE
2026030418,KOTX,2026-03-04T18:00Z,925,100,5740,5320,4740,13.2,109,226,NONE,2.0,5.64,255,14,ABOVE,ABOVE
2026030506,KOTX,2026-03-05T06:00Z,926,8,5817,4928,4817,11.6,92,279,NONE,2.5,6.70,305,15,ABOVE,ABOVE
2026030518,KOTX,2026-03-05T18:00Z,932,6,5361,3893,4361,8.5,71,298,NONE,1.4,8.19,330,20,NORMAL,NORMAL
2026030606,KOTX,2026-03-06T06:00Z,936,6,5755,4332,4755,7.9,57,323,NONE,2.2,8.72,328,13,NORMAL,NORMAL
2026030618,KOTX,2026-03-06T18:00Z,939,6,2684,2490,2388,9.1,67,314,NONE,-0.7,5.17,308,15,NORMAL,NORMAL
2026030706,KOTX,2026-03-07T06:00Z,937,8,6706,5539,5706,16.4,197,293,NONE,3.1,5.04,289,26,ABOVE,MUCH ABOVE
2026030718,KOTX,2026-03-07T18:00Z,935,100,9456,7367,8456,15.8,246,297,NONE,3.4,2.74,310,40,MUCH ABOVE,MUCH ABOVE
2026030806,KOTX,2026-03-08T06:00Z,931,7,9793,6813,8793,12.9,225,264,NONE,8.4,5.52,273,21,MUCH ABOVE,ABOVE
2026030818,KOTX,2026-03-08T18:00Z,924,100,7090,6127,6090,10.5,208,253,NONE,5.0,5.34,280,61,ABOVE,NORMAL
2026030906,KOTX,2026-03-09T06:00Z,923,8,5039,2430,4039,4.1,70,267,NONE,1.2,7.74,261,38,NORMAL,MUCH BELOW
2026030918,KOTX,2026-03-09T18:00Z,928,100,3174,2388,2388,3.1,38,268,NONE,-4.3,9.13,285,26,NORMAL,MUCH BELOW
2026031006,KOTX,2026-03-10T06:00Z,928,6,2392,2392,2388,4.7,53,239,NONE,-3.5,8.69,265,21,NORMAL,MUCH BELOW
2026031018,KOTX,2026-03-10T18:00Z,932,8,2388,2388,2388,4.2,31,256,NONE,-6.3,8.09,255,13,NORMAL,MUCH BELOW
2026031106,KOTX,2026-03-11T06:00Z,936,7,3576,2392,2576,4.8,62,233,NONE,-3.5,8.21,235,29,NORMAL,MUCH BELOW
2026031118,KOTX,2026-03-11T18:00Z,937,6,3065,2496,2388,8.8,147,257,NONE,-2.3,7.84,265,23,NORMAL,NORMAL
2026031206,KOTX,2026-03-12T06:00Z,925,9,5807,4962,4807,11.3,378,250,WEAK,2.2,3.93,266,74,NORMAL,NORMAL
2026031212,KOTX,2026-03-12T12:00Z,926,28,6004,4527,5004,10.2,418,265,WEAK,2.4,6.56,270,89,NORMAL,NORMAL
2026031218,KOTX,2026-03-12T18:00Z,932,8,4191,3379,3191,9.5,283,279,WEAK,-1.9,7.69,285,43,NORMAL,NORMAL
2026031306,KOTX,2026-03-13T06:00Z,933,7,3862,2520,2862,10.3,264,275,WEAK,-2.8,4.83,272,50,NORMAL,NORMAL
2026031318,KOTX,2026-03-13T18:00Z,930,100,2388,2388,2388,12.0,244,274,NONE,-3.9,3.69,280,45,NORMAL,ABOVE
2026031406,KOTX,2026-03-14T06:00Z,926,34,2392,2392,2388,12.5,227,265,NONE,-1.2,4.25,266,39,NORMAL,ABOVE
2026031418,KOTX,2026-03-14T18:00Z,929,100,2388,2388,2388,3.8,40,326,NONE,-5.1,7.77,340,23,NORMAL,MUCH BELOW
2026031506,KOTX,2026-03-15T06:00Z,940,6,2392,2392,2388,3.6,46,323,NONE,-5.2,9.31,315,21,BELOW,MUCH BELOW
2026031518,KOTX,2026-03-15T18:00Z,945,11,2388,2388,2388,5.7,124,315,NONE,-6.3,5.93,300,20,BELOW,BELOW
2026031606,KOTX,2026-03-16T06:00Z,939,9,2740,2392,2388,14.0,270,294,WEAK,-4.1,0.46,290,45,NORMAL,ABOVE
2026031618,KOTX,2026-03-16T18:00Z,937,100,4311,3475,3311,20.6,322,273,WEAK,1.4,2.11,275,23,NORMAL,MUCH ABOVE
2026031706,KOTX,2026-03-17T06:00Z,931,8,10397,6404,9397,15.8,321,272,WEAK,10.2,5.95,271,49,MUCH ABOVE,MUCH ABOVE
2026031718,KOTX,2026-03-17T18:00Z,931,100,10380,8880,9380,18.1,368,264,WEAK,8.8,5.06,270,36,MUCH ABOVE,MUCH ABOVE
2026031806,KOTX,2026-03-18T06:00Z,931,8,9157,8304,8157,20.8,389,254,WEAK,10.0,7.53,242,30,MUCH ABOVE,MUCH ABOVE
2026031818,KOTX,2026-03-18T18:00Z,931,100,8865,8152,7865,20.4,410,257,WEAK,9.0,7.43,255,26,MUCH ABOVE,MUCH ABOVE
2026031906,KOTX,2026-03-19T06:00Z,932,6,10673,9618,9673,17.3,383,253,WEAK,12.8,7.52,258,51,MUCH ABOVE,MUCH ABOVE
2026031918,KOTX,2026-03-19T18:00Z,934,100,10650,8614,9650,18.0,376,247,WEAK,8.8,5.44,250,34,MUCH ABOVE,MUCH ABOVE
2026032006,KOTX,2026-03-20T06:00Z,933,10,10308,9731,9308,22.0,399,245,WEAK,12.1,7.47,255,30,MUCH ABOVE,MUCH ABOVE
2026032018,KOTX,2026-03-20T18:00Z,931,100,10070,9418,9070,19.7,540,245,MODERATE,9.6,6.10,240,55,MUCH ABOVE,MUCH ABOVE
2026032106,KOTX,2026-03-21T06:00Z,930,7,9751,6817,8751,10.4,204,249,NONE,8.6,5.79,240,39,MUCH ABOVE,NORMAL
2026032118,KOTX,2026-03-21T18:00Z,934,100,5008,4056,4008,6.1,46,265,NONE,0.2,7.01,315,17,NORMAL,BELOW
2026032206,KOTX,2026-03-22T06:00Z,936,6,6017,2392,5017,5.1,61,246,NONE,2.8,8.44,252,29,NORMAL,BELOW
2026032218,KOTX,2026-03-22T18:00Z,941,6,3694,2495,2694,4.6,54,265,NONE,-3.0,3.55,282,22,NORMAL,MUCH BELOW
2026032306,KOTX,2026-03-23T06:00Z,936,6,7270,3559,6270,3.4,35,259,NONE,4.3,6.20,264,21,ABOVE,MUCH BELOW
2026032318,KOTX,2026-03-23T18:00Z,934,100,7279,2618,6279,4.4,52,264,NONE,3.4,5.48,260,17,ABOVE,MUCH BELOW
2026032406,KOTX,2026-03-24T06:00Z,930,7,7618,4708,6618,8.6,132,255,NONE,5.9,6.55,241,20,ABOVE,NORMAL
2026032418,KOTX,2026-03-24T18:00Z,927,5,9146,6972,8146,18.4,399,242,WEAK,3.6,2.88,255,50,MUCH ABOVE,MUCH ABOVE
2026032506,KOTX,2026-03-25T06:00Z,927,5,7234,6037,6234,9.4,144,242,NONE,6.3,6.94,258,34,ABOVE,NORMAL
2026032518,KOTX,2026-03-25T18:00Z,931,100,4741,4045,3741,6.0,83,248,NONE,-0.3,6.30,250,37,NORMAL,BELOW
2026032606,KOTX,2026-03-26T06:00Z,932,6,4754,3269,3754,5.6,95,245,NONE,-0.2,7.77,224,40,NORMAL,BELOW
2026032618,KOTX,2026-03-26T18:00Z,945,100,2949,2467,2388,4.1,33,271,NONE,-5.3,6.30,285,21,BELOW,MUCH BELOW
2026032706,KOTX,2026-03-27T06:00Z,947,5,2392,2392,2388,5.2,42,264,NONE,-1.7,5.01,268,21,BELOW,BELOW
2026032718,KOTX,2026-03-27T18:00Z,942,7,5570,2468,4570,4.5,36,246,NONE,0.6,3.83,245,26,NORMAL,MUCH BELOW
2026032806,KOTX,2026-03-28T06:00Z,933,6,9055,4962,8055,4.7,44,250,NONE,5.7,4.85,244,29,MUCH ABOVE,MUCH BELOW
2026032818,KOTX,2026-03-28T18:00Z,932,100,7211,3992,6211,9.7,134,250,NONE,3.2,5.74,260,28,ABOVE,NORMAL
2026032906,KOTX,2026-03-29T06:00Z,931,7,6880,5237,5880,9.0,143,248,NONE,4.9,7.55,251,26,ABOVE,NORMAL
2026032918,KOTX,2026-03-29T18:00Z,930,100,5147,3613,4147,10.9,186,241,NONE,0.8,6.90,245,22,NORMAL,NORMAL
2026033006,KOTX,2026-03-30T06:00Z,928,5,4921,4220,3921,8.4,155,243,NONE,0.6,7.48,247,30,NORMAL,NORMAL
2026033018,KOTX,2026-03-30T18:00Z,935,100,3459,2388,2459,2.0,14,325,NONE,-4.9,6.43,300,18,BELOW,MUCH BELOW
2026033106,KOTX,2026-03-31T06:00Z,933,5,2392,2392,2388,3.1,15,277,NONE,-1.1,6.01,244,8,BELOW,MUCH BELOW
2026033118,KOTX,2026-03-31T18:00Z,928,100,3548,2390,2548,3.7,19,247,NONE,-1.3,4.21,255,11,BELOW,MUCH BELOW
2026040106,KOTX,2026-04-01T06:00Z,923,7,5174,3895,4174,10.7,63,222,NONE,1.5,5.80,240,16,NORMAL,NORMAL
2026040118,KOTX,2026-04-01T18:00Z,920,17,4755,4196,3755,13.3,141,208,NONE,0.2,4.35,205,25,NORMAL,ABOVE
2026040206,KOTX,2026-04-02T06:00Z,914,33,5584,4826,4584,13.1,45,182,NONE,2.3,5.90,265,7,NORMAL,ABOVE
2026040218,KOTX,2026-04-02T18:00Z,922,100,3617,3156,2617,9.4,85,258,NONE,-1.3,6.58,280,27,BELOW,NORMAL
2026040306,KOTX,2026-04-03T06:00Z,933,5,6125,4699,5125,9.6,74,307,NONE,3.1,8.40,300,13,NORMAL,NORMAL
2026040318,KOTX,2026-04-03T18:00Z,942,100,4739,3031,3739,8.8,67,254,NONE,-1.1,4.34,270,8,NORMAL,NORMAL
2026040406,KOTX,2026-04-04T06:00Z,943,5,5896,4705,4896,9.9,49,285,NONE,2.0,5.51,261,14,NORMAL,NORMAL
2026040418,KOTX,2026-04-04T18:00Z,943,100,6592,5043,5592,9.8,57,285,NONE,3.0,4.84,290,16,NORMAL,NORMAL
2026040506,KOTX,2026-04-05T06:00Z,940,8,9199,5679,8199,8.9,45,280,NONE,7.0,5.54,262,16,ABOVE,NORMAL
2026040518,KOTX,2026-04-05T18:00Z,939,100,9978,5483,8978,8.9,23,265,NONE,8.0,5.50,260,10,MUCH ABOVE,NORMAL
2026040606,KOTX,2026-04-06T06:00Z,934,6,10203,5911,9203,6.8,13,251,NONE,12.1,7.61,217,6,MUCH ABOVE,NORMAL
2026040618,KOTX,2026-04-06T18:00Z,933,7,9814,6841,8814,10.1,37,250,NONE,11.0,7.38,280,9,MUCH ABOVE,NORMAL
2026040706,KOTX,2026-04-07T06:00Z,927,6,9701,8134,8701,13.7,196,247,NONE,12.7,8.50,252,30,MUCH ABOVE,ABOVE
2026040718,KOTX,2026-04-07T18:00Z,927,100,6432,4966,5432,8.0,73,298,NONE,4.0,4.58,255,27,NORMAL,NORMAL
2026040806,KOTX,2026-04-08T06:00Z,931,7,6880,4396,5880,5.5,61,318,NONE,5.7,9.06,320,19,NORMAL,BELOW
2026040818,KOTX,2026-04-08T18:00Z,933,100,6327,3150,5327,6.3,41,279,NONE,3.2,6.81,275,19,NORMAL,BELOW
2026040906,KOTX,2026-04-09T06:00Z,931,6,7431,4712,6431,5.5,39,320,NONE,6.1,7.14,333,22,ABOVE,BELOW
2026040918,KOTX,2026-04-09T18:00Z,934,9,7128,4270,6128,5.5,16,336,NONE,5.4,7.96,315,13,ABOVE,BELOW
2026041006,KOTX,2026-04-10T06:00Z,931,10,9429,5789,8429,5.3,11,29,NONE,8.6,6.11,256,5,MUCH ABOVE,MUCH BELOW
2026041018,KOTX,2026-04-10T18:00Z,928,5,9862,6233,8862,8.0,22,221,NONE,9.2,6.01,230,15,MUCH ABOVE,NORMAL
2026041106,KOTX,2026-04-11T06:00Z,921,6,9426,7787,8426,13.5,65,150,NONE,12.0,8.32,115,13,MUCH ABOVE,ABOVE
2026041118,KOTX,2026-04-11T18:00Z,921,100,7735,7339,6735,18.5,145,212,NONE,5.6,5.56,220,18,ABOVE,MUCH ABOVE
2026041206,KOTX,2026-04-12T06:00Z,921,5,7723,7043,6723,14.2,93,232,NONE,7.8,7.60,226,14,ABOVE,ABOVE
2026041218,KOTX,2026-04-12T18:00Z,920,100,7442,6724,6442,14.2,17,145,NONE,6.8,7.50,205,6,ABOVE,ABOVE
2026041306,KOTX,2026-04-13T06:00Z,921,7,7861,7353,6861,15.7,26,275,NONE,7.8,7.53,45,10,ABOVE,MUCH ABOVE
2026041318,KOTX,2026-04-13T18:00Z,926,100,7001,6745,6001,14.7,68,253,NONE,3.8,5.99,300,17,NORMAL,MUCH ABOVE
2026041406,KOTX,2026-04-14T06:00Z,928,10,7297,5722,6297,10.4,109,226,NONE,5.5,7.07,199,9,NORMAL,NORMAL
2026041418,KOTX,2026-04-14T18:00Z,929,100,4165,3452,3165,10.2,126,240,NONE,-1.3,4.19,245,22,BELOW,NORMAL
2026041506,KOTX,2026-04-15T06:00Z,925,6,5105,3946,4105,10.3,177,235,NONE,0.6,6.40,229,21,NORMAL,NORMAL
2026041518,KOTX,2026-04-15T18:00Z,919,10,4622,3623,3622,10.4,138,235,NONE,0.4,6.35,225,24,BELOW,NORMAL
2026041606,KOTX,2026-04-16T06:00Z,924,7,2392,2392,2388,5.7,44,285,NONE,-1.0,9.01,275,15,BELOW,BELOW
2026041618,KOTX,2026-04-16T18:00Z,931,13,3845,2516,2845,4.4,30,321,NONE,-3.5,6.93,305,19,BELOW,MUCH BELOW
2026041706,KOTX,2026-04-17T06:00Z,934,7,5177,3525,4177,5.7,36,269,NONE,0.8,8.89,325,13,NORMAL,BELOW
2026041718,KOTX,2026-04-17T18:00Z,938,100,3828,2555,2828,5.8,22,330,NONE,-2.3,6.63,350,12,BELOW,BELOW
2026041806,KOTX,2026-04-18T06:00Z,937,7,5853,3998,4853,6.3,17,248,NONE,1.7,3.85,334,9,NORMAL,BELOW
2026041818,KOTX,2026-04-18T18:00Z,936,8,5846,3903,4846,6.7,27,192,NONE,2.5,4.28,229,17,NORMAL,BELOW
2026041906,KOTX,2026-04-19T06:00Z,932,6,8858,5812,7858,8.8,31,258,NONE,7.6,6.52,264,11,ABOVE,NORMAL
2026041918,KOTX,2026-04-19T18:00Z,932,100,10013,7942,9013,10.4,34,168,NONE,9.2,5.89,205,6,MUCH ABOVE,NORMAL
2026042006,KOTX,2026-04-20T06:00Z,928,9,10617,8035,9617,10.8,24,252,NONE,13.1,7.26,311,9,MUCH ABOVE,NORMAL
2026042018,KOTX,2026-04-20T18:00Z,927,100,10487,8202,9487,11.5,40,200,NONE,13.4,7.63,200,11,MUCH ABOVE,NORMAL
2026042106,KOTX,2026-04-21T06:00Z,924,6,11093,8521,10093,10.7,46,226,NONE,17.0,8.75,202,10,MUCH ABOVE,NORMAL
2026042118,KOTX,2026-04-21T18:00Z,922,12,11657,8832,10657,12.2,75,158,NONE,13.3,5.33,151,10,MUCH ABOVE,NORMAL
2026042206,KOTX,2026-04-22T06:00Z,919,8,11093,8609,10093,16.7,93,200,NONE,12.7,5.94,207,6,MUCH ABOVE,MUCH ABOVE
2026042218,KOTX,2026-04-22T18:00Z,920,100,7501,7132,6501,19.6,60,277,NONE,4.2,4.16,345,3,NORMAL,MUCH ABOVE
2026042306,KOTX,2026-04-23T06:00Z,926,6,8022,5164,7022,5.0,62,330,NONE,8.5,8.25,335,28,NORMAL,MUCH BELOW
2026042318,KOTX,2026-04-23T18:00Z,930,100,5300,3282,4300,3.1,57,328,NONE,1.4,8.86,325,27,BELOW,MUCH BELOW
2026042406,KOTX,2026-04-24T06:00Z,932,9,5023,3241,4023,5.7,56,2,NONE,0.4,8.70,1,23,BELOW,MUCH BELOW
2026042418,KOTX,2026-04-24T18:00Z,933,8,4429,2665,3429,5.2,19,339,NONE,-1.3,9.10,320,11,BELOW,MUCH BELOW
2026042506,KOTX,2026-04-25T06:00Z,930,6,5876,3397,4876,5.8,20,309,NONE,2.9,9.01,359,13,NORMAL,MUCH BELOW
2026042518,KOTX,2026-04-25T18:00Z,928,8,4639,3627,3639,6.3,18,186,NONE,-0.3,7.35,175,8,BELOW,BELOW
2026042606,KOTX,2026-04-26T06:00Z,925,6,5955,4124,4955,7.5,18,12,NONE,3.6,8.72,39,12,NORMAL,BELOW
2026042618,KOTX,2026-04-26T18:00Z,923,100,5624,4248,4624,7.1,23,264,NONE,2.8,8.82,305,9,BELOW,BELOW
2026042706,KOTX,2026-04-27T06:00Z,927,19,6648,4590,5648,7.6,11,44,NONE,4.2,8.23,302,11,NORMAL,BELOW
2026042718,KOTX,2026-04-27T18:00Z,929,8,6673,4511,5673,8.8,34,268,NONE,2.4,7.19,270,17,NORMAL,NORMAL
2026042806,KOTX,2026-04-28T06:00Z,929,6,7165,5834,6165,10.4,62,250,NONE,7.2,9.28,263,13,NORMAL,NORMAL
2026042818,KOTX,2026-04-28T18:00Z,934,100,7180,5353,6180,11.0,49,250,NONE,2.4,6.14,260,7,NORMAL,NORMAL
2026042906,KOTX,2026-04-29T06:00Z,935,6,7526,6476,6526,13.2,25,353,NONE,6.0,7.79,204,4,NORMAL,NORMAL
2026042918,KOTX,2026-04-29T18:00Z,939,100,7475,6308,6475,11.5,21,21,NONE,5.2,7.28,25,2,NORMAL,NORMAL
2026043006,KOTX,2026-04-30T06:00Z,937,8,8609,6792,7609,9.7,34,49,NONE,9.5,8.86,41,12,ABOVE,NORMAL
2026043018,KOTX,2026-04-30T18:00Z,938,100,8351,6576,7351,8.2,34,86,NONE,8.6,8.89,85,8,NORMAL,NORMAL
2026050106,KOTX,2026-05-01T06:00Z,934,7,10554,7233,9554,6.6,17,155,NONE,11.7,7.20,224,6,ABOVE,BELOW
2026050118,KOTX,2026-05-01T18:00Z,934,9,8928,7234,7928,7.2,30,198,NONE,11.0,6.08,230,14,ABOVE,BELOW
2026050206,KOTX,2026-05-02T06:00Z,932,6,10200,8207,9200,11.0,46,262,NONE,14.1,8.77,268,10,ABOVE,NORMAL
2026050218,KOTX,2026-05-02T18:00Z,933,100,10458,8202,9458,12.8,33,310,NONE,13.0,7.78,295,8,ABOVE,NORMAL
2026050306,KOTX,2026-05-03T06:00Z,930,8,10571,8830,9571,13.1,55,335,NONE,15.8,9.18,339,5,ABOVE,NORMAL
2026050318,KOTX,2026-05-03T18:00Z,930,100,11491,7001,10491,5.9,28,345,NONE,12.8,6.14,335,11,MUCH ABOVE,MUCH BELOW
2026050406,KOTX,2026-05-04T06:00Z,925,10,10988,9473,9988,12.2,68,336,NONE,18.0,9.54,359,11,ABOVE,NORMAL
2026050418,KOTX,2026-05-04T18:00Z,926,100,11256,8179,10256,11.6,71,0,NONE,13.2,6.38,350,17,ABOVE,NORMAL
2026050506,KOTX,2026-05-05T06:00Z,926,11,10558,9325,9558,14.6,94,10,NONE,15.0,8.48,352,19,ABOVE,ABOVE
2026050518,KOTX,2026-05-05T18:00Z,930,8,9587,8303,8587,12.1,94,4,NONE,9.2,6.64,345,23,ABOVE,NORMAL
2026050606,KOTX,2026-05-06T06:00Z,928,6,10755,9580,9755,14.7,100,313,NONE,14.3,7.99,321,21,ABOVE,ABOVE
2026050618,KOTX,2026-05-06T18:00Z,930,100,10939,9385,9939,15.6,90,259,NONE,13.0,6.72,270,13,ABOVE,ABOVE
2026050706,KOTX,2026-05-07T06:00Z,926,8,11079,8867,10079,12.4,141,281,NONE,16.2,8.33,271,26,ABOVE,NORMAL
2026050718,KOTX,2026-05-07T18:00Z,931,100,9902,8425,8902,13.3,30,318,NONE,9.0,5.99,10,12,ABOVE,NORMAL
2026050806,KOTX,2026-05-08T06:00Z,929,6,10745,9160,9745,13.0,39,268,NONE,14.7,8.37,14,8,ABOVE,NORMAL
2026050818,KOTX,2026-05-08T18:00Z,931,100,10705,8169,9705,13.2,86,239,NONE,7.6,4.42,185,12,ABOVE,NORMAL
2026050906,KOTX,2026-05-09T06:00Z,930,5,9728,7489,8728,9.6,88,290,NONE,12.3,8.33,265,10,NORMAL,NORMAL
2026050918,KOTX,2026-05-09T18:00Z,936,10,8410,6492,7410,9.2,11,285,NONE,6.8,4.40,5,13,NORMAL,NORMAL
2026051006,KOTX,2026-05-10T06:00Z,933,7,12136,7386,11136,8.6,23,237,NONE,11.3,4.50,257,7,MUCH ABOVE,BELOW
2026051018,KOTX,2026-05-10T18:00Z,931,100,11229,8753,10229,11.4,120,238,NONE,14.2,7.11,230,27,ABOVE,NORMAL
2026051106,KOTX,2026-05-11T06:00Z,930,6,10302,8173,9302,9.6,130,253,NONE,11.6,6.99,257,23,ABOVE,NORMAL
2026051118,KOTX,2026-05-11T18:00Z,937,100,9513,6499,8513,8.3,41,281,NONE,7.4,5.28,295,18,NORMAL,BELOW
2026051206,KOTX,2026-05-12T06:00Z,934,6,11749,7906,10749,8.9,21,300,NONE,12.7,5.78,248,8,ABOVE,BELOW
2026051218,KOTX,2026-05-12T18:00Z,934,11,12897,6712,11897,8.7,32,227,NONE,13.4,4.10,250,17,MUCH ABOVE,BELOW
2026051300,KOTX,2026-05-13T00:00Z,928,100,12630,11066,11630,11.9,86,209,NONE,17.6,6.76,210,16,MUCH ABOVE,NORMAL
2026051306,KOTX,2026-05-13T06:00Z,924,8,13304,11619,12304,17.7,154,185,NONE,22.6,8.27,187,22,MUCH ABOVE,ABOVE
2026051318,KOTX,2026-05-13T18:00Z,924,100,9684,8970,8684,19.6,315,218,WEAK,8.2,5.38,185,32,NORMAL,MUCH ABOVE
2026051406,KOTX,2026-05-14T06:00Z,929,6,7822,6526,6822,12.7,212,273,NONE,6.3,6.40,305,39,NORMAL,NORMAL
2026051418,KOTX,2026-05-14T18:00Z,933,7,6797,5805,5797,10.3,121,256,NONE,4.2,6.14,265,25,BELOW,NORMAL
2026051506,KOTX,2026-05-15T06:00Z,930,17,7080,5270,6080,8.8,123,254,NONE,4.7,7.62,244,31,NORMAL,BELOW
2026051518,KOTX,2026-05-15T18:00Z,933,100,5730,4902,4730,10.0,80,218,NONE,1.8,8.94,230,19,MUCH BELOW,NORMAL
2026051606,KOTX,2026-05-16T06:00Z,930,6,6089,5005,5089,10.1,113,239,NONE,3.5,8.27,237,24,BELOW,NORMAL
2026051618,KOTX,2026-05-16T18:00Z,930,100,4690,3835,3690,9.0,73,244,NONE,-0.3,7.11,255,11,MUCH BELOW,BELOW
2026051706,KOTX,2026-05-17T06:00Z,931,7,5732,4657,4732,9.6,39,306,NONE,1.5,7.71,342,14,MUCH BELOW,BELOW
2026051718,KOTX,2026-05-17T18:00Z,935,100,5903,4200,4903,8.8,66,34,NONE,2.6,7.62,35,23,MUCH BELOW,BELOW
2026051806,KOTX,2026-05-18T06:00Z,935,6,7349,6100,6349,12.0,50,302,NONE,5.6,7.79,327,20,NORMAL,NORMAL
2026051818,KOTX,2026-05-18T18:00Z,937,100,6528,5777,5528,11.6,16,352,NONE,3.4,6.93,5,12,BELOW,NORMAL
2026051906,KOTX,2026-05-19T06:00Z,935,7,7927,6741,6927,13.3,52,271,NONE,7.7,8.58,282,8,NORMAL,NORMAL
2026051918,KOTX,2026-05-19T18:00Z,936,100,7492,6155,6492,12.0,58,258,NONE,4.6,5.98,250,10,NORMAL,NORMAL
2026052006,KOTX,2026-05-20T06:00Z,933,6,8396,7505,7396,14.2,75,272,NONE,9.8,8.99,328,10,NORMAL,NORMAL
2026052018,KOTX,2026-05-20T18:00Z,935,100,7954,6920,6954,13.9,91,327,NONE,6.0,6.85,285,8,NORMAL,NORMAL
2026052106,KOTX,2026-05-21T06:00Z,934,7,8622,6823,7622,10.2,97,14,NONE,10.0,9.10,347,21,NORMAL,BELOW
2026052118,KOTX,2026-05-21T18:00Z,937,100,7612,5880,6612,9.1,45,16,NONE,7.0,7.39,5,15,NORMAL,BELOW
2026052206,KOTX,2026-05-22T06:00Z,931,7,9144,7607,8144,13.8,75,340,NONE,11.2,8.73,358,19,NORMAL,NORMAL
2026052218,KOTX,2026-05-22T18:00Z,930,11,9097,7603,8097,13.6,55,281,NONE,11.2,8.68,280,11,NORMAL,NORMAL
2026052306,KOTX,2026-05-23T06:00Z,927,7,9875,8578,8875,14.2,37,266,NONE,14.5,9.39,328,5,NORMAL,NORMAL
2026052318,KOTX,2026-05-23T18:00Z,927,100,9996,8715,8996,15.9,109,228,NONE,14.0,8.84,230,16,NORMAL,NORMAL
2026052406,KOTX,2026-05-24T06:00Z,925,7,11696,9134,10696,12.4,107,243,NONE,16.3,7.72,255,21,ABOVE,NORMAL
2026052418,KOTX,2026-05-24T18:00Z,929,100,10561,7914,9561,14.2,164,251,NONE,10.4,6.18,255,25,NORMAL,NORMAL
2026052506,KOTX,2026-05-25T06:00Z,926,6,11265,8836,10265,15.3,166,233,NONE,15.7,8.03,241,38,ABOVE,NORMAL
2026052518,KOTX,2026-05-25T18:00Z,924,7,11419,8355,10419,12.8,148,209,NONE,12.6,6.00,210,29,ABOVE,NORMAL
2026052606,KOTX,2026-05-26T06:00Z,921,8,9423,9003,8423,21.2,181,181,NONE,10.6,7.00,111,20,NORMAL,MUCH ABOVE
2026052618,KOTX,2026-05-26T18:00Z,926,37,9239,8672,8239,22.7,212,162,NONE,5.2,2.54,180,27,NORMAL,MUCH ABOVE
2026052706,KOTX,2026-05-27T06:00Z,925,9,11588,11434,10588,28.6,125,65,NONE,12.2,5.87,54,14,ABOVE,MUCH ABOVE
2026052718,KOTX,2026-05-27T18:00Z,927,100,13277,11198,12277,25.8,79,104,NONE,11.6,4.37,115,12,MUCH ABOVE,MUCH ABOVE
2026052806,KOTX,2026-05-28T06:00Z,925,7,13425,11362,12425,24.8,38,117,NONE,17.3,5.32,158,9,MUCH ABOVE,MUCH ABOVE
2026052818,KOTX,2026-05-28T18:00Z,924,100,13170,11084,12170,23.8,84,91,NONE,18.0,6.36,90,15,MUCH ABOVE,MUCH ABOVE
2026052900,KOTX,2026-05-29T00:00Z,919,9,13476,11428,12476,21.0,36,116,NONE,22.2,7.65,185,5,MUCH ABOVE,MUCH ABOVE
2026052906,KOTX,2026-05-29T06:00Z,919,6,12756,10977,11756,22.0,225,184,NONE,20.2,10.13,201,30,MUCH ABOVE,MUCH ABOVE
2026052918,KOTX,2026-05-29T18:00Z,926,100,11243,8311,10243,16.1,179,195,NONE,11.0,5.02,190,27,ABOVE,NORMAL
2026053006,KOTX,2026-05-30T06:00Z,928,5,10161,9386,9161,21.7,173,221,NONE,10.7,6.54,227,13,NORMAL,MUCH ABOVE
2026053018,KOTX,2026-05-30T18:00Z,935,100,9043,8307,8043,16.9,85,202,NONE,5.4,4.28,205,9,NORMAL,NORMAL
2026053106,KOTX,2026-05-31T06:00Z,935,8,8678,7489,7678,12.6,23,292,NONE,8.6,7.32,12,12,NORMAL,NORMAL
2026053118,KOTX,2026-05-31T18:00Z,936,100,8294,7208,7294,13.3,42,301,NONE,7.6,7.47,315,19,NORMAL,NORMAL
2026060106,KOTX,2026-06-01T06:00Z,935,12,8990,8138,7990,15.5,70,355,NONE,11.1,9.00,326,15,NORMAL,NORMAL
2026060118,KOTX,2026-06-01T18:00Z,936,7,8747,7400,7747,18.2,65,1,NONE,7.5,6.82,313,7,NORMAL,ABOVE
2026060206,KOTX,2026-06-02T06:00Z,936,7,9373,8217,8373,20.3,85,44,NONE,7.7,6.04,339,7,NORMAL,ABOVE
2026060218,KOTX,2026-06-02T18:00Z,936,100,9611,8237,8611,20.3,55,22,NONE,8.0,5.40,280,4,NORMAL,ABOVE
2026060306,KOTX,2026-06-03T06:00Z,934,8,12585,9381,11585,20.0,21,351,NONE,12.1,5.97,274,11,ABOVE,ABOVE
2026060318,KOTX,2026-06-03T18:00Z,933,100,10546,9598,9546,17.4,56,277,NONE,12.2,7.30,300,16,NORMAL,NORMAL
2026060406,KOTX,2026-06-04T06:00Z,931,5,9810,9285,8810,20.9,188,238,NONE,11.9,7.94,236,22,NORMAL,MUCH ABOVE
2026060418,KOTX,2026-06-04T18:00Z,934,7,7986,7030,6986,10.4,86,238,NONE,7.7,5.23,251,18,NORMAL,BELOW
2026060506,KOTX,2026-06-05T06:00Z,930,7,10335,7818,9335,11.2,116,233,NONE,11.5,6.82,237,14,NORMAL,BELOW
2026060518,KOTX,2026-06-05T18:00Z,928,100,8780,5927,7780,11.4,166,227,NONE,6.0,4.91,215,23,NORMAL,BELOW
2026060606,KOTX,2026-06-06T06:00Z,925,7,9357,7412,8357,9.8,136,230,NONE,9.9,7.04,222,27,NORMAL,BELOW
2026060618,KOTX,2026-06-06T18:00Z,923,9,6250,5572,5250,9.7,116,218,NONE,4.6,7.11,206,27,MUCH BELOW,BELOW
2026060706,KOTX,2026-06-07T06:00Z,926,7,6890,5744,5890,10.0,66,246,NONE,5.6,8.26,224,15,MUCH BELOW,BELOW
2026060718,KOTX,2026-06-07T18:00Z,929,100,6262,5496,5262,11.8,64,262,NONE,1.6,6.69,260,15,MUCH BELOW,BELOW
2026060806,KOTX,2026-06-08T06:00Z,928,7,7844,6544,6844,9.1,53,235,NONE,8.1,7.03,284,18,BELOW,MUCH BELOW
2026060818,KOTX,2026-06-08T18:00Z,925,9,8736,5765,7736,12.1,76,197,NONE,8.4,7.18,200,21,NORMAL,NORMAL
2026060906,KOTX,2026-06-09T06:00Z,922,7,7900,7518,6900,19.6,191,202,NONE,8.1,7.07,175,25,BELOW,ABOVE
2026060918,KOTX,2026-06-09T18:00Z,924,100,7792,7455,6792,19.2,253,237,WEAK,5.4,5.57,255,18,BELOW,ABOVE
2026061006,KOTX,2026-06-10T06:00Z,928,6,7592,6501,6592,12.4,158,259,NONE,6.9,7.25,247,16,BELOW,NORMAL
2026061018,KOTX,2026-06-10T18:00Z,931,7,6568,6097,5568,14.1,98,310,NONE,5.0,7.96,307,18,MUCH BELOW,NORMAL
2026061106,KOTX,2026-06-11T06:00Z,935,7,8615,7743,7615,13.9,88,280,NONE,10.1,9.16,319,11,NORMAL,NORMAL
2026061118,KOTX,2026-06-11T18:00Z,936,100,8125,7154,7125,11.9,72,250,NONE,7.6,5.42,265,15,BELOW,NORMAL
2026061206,KOTX,2026-06-12T06:00Z,931,6,10758,8223,9758,10.5,84,277,NONE,13.3,7.47,295,9,NORMAL,BELOW
2026061218,KOTX,2026-06-12T18:00Z,932,9,9123,8073,8123,12.3,79,297,NONE,8.8,6.78,320,15,NORMAL,NORMAL
2026061306,KOTX,2026-06-13T06:00Z,936,6,10203,8330,9203,13.5,80,21,NONE,11.7,7.51,37,13,NORMAL,NORMAL
2026061318,KOTX,2026-06-13T18:00Z,940,9,9544,8429,8544,13.7,70,38,NONE,9.6,6.91,30,14,NORMAL,NORMAL
2026061406,KOTX,2026-06-14T06:00Z,939,6,10676,9260,9676,15.6,142,32,NONE,14.1,8.38,19,25,NORMAL,NORMAL
2026061418,KOTX,2026-06-14T18:00Z,939,100,12859,7496,11859,11.4,68,35,NONE,11.8,5.90,60,13,MUCH ABOVE,BELOW
2026061506,KOTX,2026-06-15T06:00Z,936,7,13566,10302,12566,16.3,91,12,NONE,18.4,8.51,24,21,MUCH ABOVE,NORMAL
2026061518,KOTX,2026-06-15T18:00Z,936,7,14380,11060,13380,21.1,128,292,NONE,17.6,7.03,315,10,MUCH ABOVE,ABOVE
2026061606,KOTX,2026-06-16T06:00Z,930,6,14104,11172,13104,24.8,348,272,WEAK,21.5,8.61,271,24,MUCH ABOVE,MUCH ABOVE
2026061618,KOTX,2026-06-16T18:00Z,927,8,14140,11113,13140,18.1,332,268,WEAK,16.4,5.42,272,29,MUCH ABOVE,NORMAL
2026061706,KOTX,2026-06-17T06:00Z,926,7,12474,9075,11474,9.1,104,310,NONE,17.5,8.67,277,10,ABOVE,MUCH BELOW
2026061718,KOTX,2026-06-17T18:00Z,930,100,9653,8056,8653,13.7,62,301,NONE,12.2,8.50,285,7,NORMAL,NORMAL
2026061806,KOTX,2026-06-18T06:00Z,929,7,10600,9206,9600,14.1,73,295,NONE,16.2,9.28,292,11,NORMAL,NORMAL
2026061818,KOTX,2026-06-18T18:00Z,932,8,10063,8401,9063,11.5,77,316,NONE,13.0,8.36,260,13,NORMAL,BELOW
2026061906,KOTX,2026-06-19T06:00Z,931,7,11083,8868,10083,9.7,50,344,NONE,17.1,9.33,338,12,NORMAL,MUCH BELOW
2026061918,KOTX,2026-06-19T18:00Z,930,100,13494,8940,12494,13.1,51,295,NONE,16.2,7.86,35,12,MUCH ABOVE,NORMAL
2026062006,KOTX,2026-06-20T06:00Z,925,7,13678,10149,12678,15.7,95,252,NONE,19.5,8.30,282,15,MUCH ABOVE,NORMAL
2026062018,KOTX,2026-06-20T18:00Z,925,9,12275,8651,11275,14.1,123,248,NONE,13.8,5.34,270,23,ABOVE,NORMAL
2026062106,KOTX,2026-06-21T06:00Z,927,6,11060,9423,10060,11.8,55,304,NONE,16.3,8.45,257,16,NORMAL,BELOW
2026062118,KOTX,2026-06-21T18:00Z,931,100,10232,8463,9232,12.2,61,289,NONE,12.4,7.67,285,26,NORMAL,BELOW
2026062206,KOTX,2026-06-22T06:00Z,930,8,10807,9238,9807,12.4,53,325,NONE,16.9,9.46,335,10,NORMAL,BELOW
2026062218,KOTX,2026-06-22T18:00Z,934,100,10325,8472,9325,11.6,99,308,NONE,12.4,7.65,280,26,NORMAL,BELOW
2026062306,KOTX,2026-06-23T06:00Z,934,7,11168,9221,10168,11.7,30,15,NONE,17.4,9.37,22,8,NORMAL,BELOW
2026062318,KOTX,2026-06-23T18:00Z,936,100,10896,9383,9896,12.8,30,67,NONE,16.2,9.46,70,9,NORMAL,BELOW
2026062406,KOTX,2026-06-24T06:00Z,933,6,12146,10515,11146,13.7,38,53,NONE,18.7,9.26,144,4,NORMAL,NORMAL
2026062418,KOTX,2026-06-24T18:00Z,932,7,11863,9503,10863,14.2,46,39,NONE,17.6,8.42,45,13,NORMAL,NORMAL
2026062506,KOTX,2026-06-25T06:00Z,927,6,11988,10540,10988,17.3,78,269,NONE,20.3,9.26,239,3,NORMAL,NORMAL
2026062518,KOTX,2026-06-25T18:00Z,927,100,11376,9557,10376,15.8,132,238,NONE,15.8,8.07,250,18,NORMAL,NORMAL
2026062606,KOTX,2026-06-26T06:00Z,923,6,10469,8995,9469,17.9,235,227,NONE,15.0,8.48,210,27,NORMAL,NORMAL
2026062618,KOTX,2026-06-26T18:00Z,924,8,10325,10045,9325,22.3,212,218,NONE,7.0,3.91,230,22,NORMAL,ABOVE
2026062706,KOTX,2026-06-27T06:00Z,923,6,9619,8698,8619,18.5,144,199,NONE,10.3,6.82,214,14,NORMAL,NORMAL
2026062718,KOTX,2026-06-27T18:00Z,924,8,8007,6988,7007,13.8,63,202,NONE,6.2,6.84,125,6,MUCH BELOW,NORMAL
2026062806,KOTX,2026-06-28T06:00Z,926,7,8986,7832,7986,16.1,36,321,NONE,9.4,7.16,27,4,BELOW,NORMAL
2026062818,KOTX,2026-06-28T18:00Z,927,100,9707,8888,8707,19.3,130,323,NONE,9.8,6.51,320,17,NORMAL,NORMAL
2026062906,KOTX,2026-06-29T06:00Z,923,14,10381,9995,9381,26.3,278,356,WEAK,11.1,6.42,4,27,NORMAL,MUCH ABOVE
2026062918,KOTX,2026-06-29T18:00Z,927,100,11631,10691,10631,23.1,89,344,NONE,8.6,3.37,350,8,NORMAL,MUCH ABOVE
2026063006,KOTX,2026-06-30T06:00Z,929,6,11581,11163,10581,26.0,119,232,NONE,13.0,6.38,217,7,NORMAL,MUCH ABOVE
2026063018,KOTX,2026-06-30T18:00Z,930,100,10769,10445,9769,22.3,138,218,NONE,7.0,3.79,210,16,NORMAL,ABOVE
2026070106,KOTX,2026-07-01T06:00Z,928,7,11073,8277,10073,15.3,38,201,NONE,10.6,5.78,241,5,NORMAL,NORMAL
2026070118,KOTX,2026-07-01T18:00Z,931,100,9154,8365,8154,13.6,63,215,NONE,8.4,6.78,205,7,BELOW,NORMAL
2026070206,KOTX,2026-07-02T06:00Z,929,6,10440,8719,9440,14.2,81,236,NONE,12.9,7.61,234,11,NORMAL,NORMAL
2026070218,KOTX,2026-07-02T18:00Z,932,100,11975,8426,10975,15.2,79,240,NONE,8.4,4.81,240,12,NORMAL,NORMAL
2026070306,KOTX,2026-07-03T06:00Z,931,6,10866,9774,9866,19.8,173,257,NONE,14.1,7.69,248,28,NORMAL,NORMAL
2026070318,KOTX,2026-07-03T18:00Z,933,100,10571,9982,9571,18.0,149,239,NONE,12.4,7.27,225,21,NORMAL,NORMAL
2026070406,KOTX,2026-07-04T06:00Z,931,6,13471,8389,12471,12.2,92,240,NONE,17.1,6.87,226,16,NORMAL,BELOW
2026070418,KOTX,2026-07-04T18:00Z,933,100,12494,7499,11494,11.3,137,238,NONE,12.6,4.84,240,22,NORMAL,BELOW
2026070506,KOTX,2026-07-05T06:00Z,931,9,13379,8502,12379,7.5,89,253,NONE,18.1,7.35,241,23,NORMAL,MUCH BELOW
2026070518,KOTX,2026-07-05T18:00Z,933,100,12880,7317,11880,7.7,60,256,NONE,14.0,5.74,265,22,NORMAL,MUCH BELOW
2026070606,KOTX,2026-07-06T06:00Z,932,6,14800,8840,13800,8.1,28,359,NONE,16.7,5.57,263,7,ABOVE,MUCH BELOW
2026070618,KOTX,2026-07-06T18:00Z,933,6,14479,7711,13479,6.4,13,48,NONE,16.0,5.19,250,8,ABOVE,MUCH BELOW
2026070706,KOTX,2026-07-07T06:00Z,930,6,13458,10172,12458,13.5,42,199,NONE,20.5,9.20,207,5,NORMAL,NORMAL
2026070718,KOTX,2026-07-07T18:00Z,933,100,13597,10276,12597,11.6,35,221,NONE,17.0,7.77,280,12,NORMAL,BELOW
2026070806,KOTX,2026-07-08T06:00Z,929,5,13527,10885,12527,19.5,176,241,NONE,22.4,8.64,240,19,NORMAL,NORMAL
2026070818,KOTX,2026-07-08T18:00Z,932,100,13626,9163,12626,11.5,133,235,NONE,17.0,6.54,225,35,NORMAL,BELOW
2026070906,KOTX,2026-07-09T06:00Z,930,7,13911,10040,12911,14.5,127,261,NONE,19.2,7.50,242,11,NORMAL,NORMAL
2026070918,KOTX,2026-07-09T18:00Z,933,100,13711,11077,12711,17.8,154,259,NONE,13.4,4.59,255,15,NORMAL,NORMAL
2026071006,KOTX,2026-07-10T06:00Z,928,6,13373,11307,12373,18.7,161,255,NONE,19.4,8.91,296,11,NORMAL,NORMAL
2026071018,KOTX,2026-07-10T18:00Z,928,100,13040,8813,12040,15.5,133,226,NONE,15.8,5.92,230,25,NORMAL,NORMAL
2026071106,KOTX,2026-07-11T06:00Z,925,6,14029,12399,13029,15.7,243,220,NONE,21.4,7.32,246,38,NORMAL,NORMAL
2026071118,KOTX,2026-07-11T18:00Z,930,15,13222,10487,12222,16.4,246,219,NONE,14.6,5.69,215,37,NORMAL,NORMAL
2026071206,KOTX,2026-07-12T06:00Z,930,6,14557,12948,13557,19.6,361,214,WEAK,18.6,5.71,209,34,ABOVE,NORMAL
2026071218,KOTX,2026-07-12T18:00Z,934,100,13674,9759,12674,17.5,334,222,WEAK,11.8,4.10,220,30,NORMAL,NORMAL
2026071306,KOTX,2026-07-13T06:00Z,933,7,13330,11399,12330,14.0,173,231,NONE,16.3,5.79,240,32,NORMAL,NORMAL
2026071318,KOTX,2026-07-13T18:00Z,934,7,13177,9887,12177,14.5,141,226,NONE,16.8,6.54,240,31,NORMAL,NORMAL
2026071406,KOTX,2026-07-14T06:00Z,932,6,14386,12137,13386,18.2,168,228,NONE,22.5,8.04,225,26,ABOVE,NORMAL
2026071418,KOTX,2026-07-14T18:00Z,935,100,13361,12627,12361,25.6,140,172,NONE,21.4,8.66,165,13,NORMAL,MUCH ABOVE
2026071506,KOTX,2026-07-15T06:00Z,935,5,14262,12511,13262,27.5,36,69,NONE,19.2,7.21,343,9,NORMAL,MUCH ABOVE
2026071518,KOTX,2026-07-15T18:00Z,935,100,13435,10981,12435,20.9,39,304,NONE,19.0,7.22,275,20,NORMAL,ABOVE
2026071606,KOTX,2026-07-16T06:00Z,931,10,14281,12197,13281,25.0,52,84,NONE,23.8,9.45,67,3,NORMAL,MUCH ABOVE
2026071618,KOTX,2026-07-16T18:00Z,930,6,14583,13360,13583,25.7,131,183,NONE,22.0,6.67,197,24,ABOVE,MUCH ABOVE
2026071700,KOTX,2026-07-17T00:00Z,926,100,14788,14009,13788,30.3,254,189,WEAK,24.8,8.06,200,25,ABOVE,MUCH ABOVE
2026071706,KOTX,2026-07-17T06:00Z,926,5,15180,14719,14180,32.8,198,185,NONE,25.6,7.85,165,17,ABOVE,MUCH ABOVE
2026071718,KOTX,2026-07-17T18:00Z,931,100,15254,13435,14254,27.5,198,197,NONE,16.0,3.05,200,25,ABOVE,MUCH ABOVE
2026071806,KOTX,2026-07-18T06:00Z,930,6,14390,12284,13390,19.3,196,209,NONE,22.2,7.23,197,25,NORMAL,NORMAL
2026071818,KOTX,2026-07-18T18:00Z,933,100,14498,10444,13498,15.9,214,219,NONE,17.0,6.02,220,31,ABOVE,NORMAL
2026071906,KOTX,2026-07-19T06:00Z,931,6,14678,11267,13678,19.1,228,246,NONE,17.8,5.59,247,28,ABOVE,NORMAL
2026071918,KOTX,2026-07-19T18:00Z,933,10,14193,10776,13193,16.2,110,244,NONE,12.1,2.85,253,19,NORMAL,NORMAL
2026072006,KOTX,2026-07-20T06:00Z,931,7,15043,9824,14043,14.3,63,263,NONE,20.8,7.77,272,8,ABOVE,NORMAL
2026072018,KOTX,2026-07-20T18:00Z,934,100,15094,11048,14094,17.7,30,246,NONE,19.8,6.74,275,4,ABOVE,NORMAL
2026072106,KOTX,2026-07-21T06:00Z,933,5,13993,12253,12993,26.0,126,240,NONE,20.8,6.87,250,3,NORMAL,MUCH ABOVE
2026072118,KOTX,2026-07-21T18:00Z,933,11,14037,13697,13037,29.0,141,258,NONE,20.4,7.06,275,10,NORMAL,MUCH ABOVE
2026072206,KOTX,2026-07-22T06:00Z,931,7,15476,11582,14476,24.6,28,297,NONE,24.1,8.18,39,5,MUCH ABOVE,MUCH ABOVE
2026072218,KOTX,2026-07-22T18:00Z,932,6,15476,12010,14476,22.1,24,353,NONE,23.4,8.42,68,2,MUCH ABOVE,ABOVE
2026072306,KOTX,2026-07-23T06:00Z,929,5,15463,13566,14463,24.1,61,266,NONE,19.6,4.59,81,5,MUCH ABOVE,MUCH ABOVE
2026072318,KOTX,2026-07-23T18:00Z,930,7,14777,14201,13777,30.8,275,232,WEAK,23.0,7.72,235,18,ABOVE,MUCH ABOVE
2026072406,KOTX,2026-07-24T06:00Z,928,6,15522,11384,14522,21.6,252,229,WEAK,23.8,7.85,232,28,MUCH ABOVE,ABOVE
2026072418,KOTX,2026-07-24T18:00Z,931,100,14495,11948,13495,21.3,174,228,NONE,16.8,3.66,255,24,NORMAL,ABOVE
2026072518,KOTX,2026-07-25T18:00Z,928,100,13631,12418,12631,19.1,175,211,NONE,19.4,6.98,180,26,NORMAL,NORMAL
2026072606,KOTX,2026-07-26T06:00Z,929,7,14226,11751,13226,19.3,309,233,WEAK,17.2,5.46,232,43,NORMAL,NORMAL
2026072618,KOTX,2026-07-26T18:00Z,934,100,13657,9138,12657,14.3,123,218,NONE,11.2,3.48,230,22,NORMAL,NORMAL
2026072706,KOTX,2026-07-27T06:00Z,931,5,13176,10347,12176,15.9,183,238,NONE,17.7,6.52,248,35,NORMAL,NORMAL
2026072718,KOTX,2026-07-27T18:00Z,934,100,12584,9532,11584,17.9,199,232,NONE,13.4,5.59,245,24,NORMAL,NORMAL
2026072806,KOTX,2026-07-28T06:00Z,931,6,13228,12055,12228,18.6,206,229,NONE,19.5,7.24,236,27,NORMAL,NORMAL
2026072818,KOTX,2026-07-28T18:00Z,931,100,13072,11574,12072,22.5,252,222,WEAK,16.0,5.91,210,31,NORMAL,ABOVE
2026072906,KOTX,2026-07-29T06:00Z,929,7,14308,9465,13308,14.6,130,244,NONE,17.8,5.91,234,25,NORMAL,NORMAL
2026072918,KOTX,2026-07-29T18:00Z,932,7,14144,8389,13144,12.9,98,235,NONE,13.0,3.48,224,27,NORMAL,BELOW
2026073006,KOTX,2026-07-30T06:00Z,929,6,14718,9116,13718,12.1,80,223,NONE,18.5,6.00,224,19,ABOVE,BELOW
2026073018,KOTX,2026-07-30T18:00Z,933,13,14793,11045,13793,18.3,161,219,NONE,15.7,5.74,219,31,ABOVE,NORMAL
2026073106,KOTX,2026-07-31T06:00Z,933,8,15440,11242,14440,18.3,163,246,NONE,19.7,6.04,245,17,MUCH ABOVE,NORMAL
2026073118,KOTX,2026-07-31T18:00Z,937,7,15407,12114,14407,17.7,88,222,NONE,18.7,4.95,254,14,MUCH ABOVE,NORMAL
2026080106,KOTX,2026-08-01T06:00Z,931,5,15046,13774,14046,21.2,178,216,NONE,24.4,7.34,217,18,ABOVE,ABOVE
2026080718,KOTX,2026-08-07T18:00Z,933,7,15610,10369,14610,11.4,69,216,NONE,21.9,7.04,215,15,MUCH ABOVE,BELOW
2026080806,KOTX,2026-08-08T06:00Z,931,6,15154,11790,14154,17.4,140,262,NONE,24.2,7.99,290,9,ABOVE,NORMAL
2026080818,KOTX,2026-08-08T18:00Z,933,8,14478,10916,13478,17.7,131,243,NONE,19.4,6.40,264,11,ABOVE,NORMAL
2026080906,KOTX,2026-08-09T06:00Z,931,8,14790,10261,13790,17.4,97,274,NONE,20.9,7.57,283,4,ABOVE,NORMAL
2026080918,KOTX,2026-08-09T18:00Z,932,100,13950,10450,12950,14.8,100,235,NONE,18.2,7.01,200,15,NORMAL,NORMAL
2026081006,KOTX,2026-08-10T06:00Z,929,7,13780,10609,12780,16.8,70,241,NONE,20.3,7.47,252,11,NORMAL,NORMAL
2026081018,KOTX,2026-08-10T18:00Z,932,100,13479,11097,12479,21.6,156,225,NONE,16.2,6.78,230,16,NORMAL,ABOVE
2026081106,KOTX,2026-08-11T06:00Z,931,64,14058,11096,13058,16.0,107,261,NONE,19.7,7.36,285,11,NORMAL,NORMAL
2026081118,KOTX,2026-08-11T18:00Z,933,100,13421,10834,12421,20.9,175,234,NONE,15.2,5.67,215,17,NORMAL,ABOVE
2026081206,KOTX,2026-08-12T06:00Z,929,9,13396,11806,12396,21.5,101,250,NONE,19.7,7.92,54,1,NORMAL,ABOVE
2026081218,KOTX,2026-08-12T18:00Z,930,7,11979,10929,10979,22.7,82,229,NONE,16.6,7.77,280,3,NORMAL,ABOVE
2026081306,KOTX,2026-08-13T06:00Z,927,6,11936,11245,10936,25.2,87,122,NONE,17.6,8.07,163,12,NORMAL,MUCH ABOVE
2026081318,KOTX,2026-08-13T18:00Z,928,7,11696,10523,10696,21.2,61,269,NONE,12.2,5.99,273,11,BELOW,ABOVE
2026081406,KOTX,2026-08-14T06:00Z,929,5,12215,10496,11215,20.7,42,20,NONE,15.0,6.08,257,5,NORMAL,ABOVE
2026081418,KOTX,2026-08-14T18:00Z,931,100,11799,10169,10799,21.8,58,298,NONE,12.0,4.98,285,21,NORMAL,ABOVE
2026081506,KOTX,2026-08-15T06:00Z,932,9,11900,10369,10900,21.7,45,296,NONE,17.8,8.46,240,7,NORMAL,ABOVE
2026081518,KOTX,2026-08-15T18:00Z,936,100,12347,10489,11347,24.3,63,232,NONE,17.2,7.66,220,7,NORMAL,MUCH ABOVE
2026081606,KOTX,2026-08-16T06:00Z,935,7,12533,11968,11533,24.7,85,209,NONE,19.2,8.86,213,10,NORMAL,MUCH ABOVE
2026081618,KOTX,2026-08-16T18:00Z,937,100,12612,11288,11612,24.4,63,217,NONE,17.6,8.02,260,10,NORMAL,MUCH ABOVE
2026081706,KOTX,2026-08-17T06:00Z,934,6,13424,11535,12424,23.4,45,239,NONE,20.7,9.01,182,7,NORMAL,ABOVE
2026081718,KOTX,2026-08-17T18:00Z,935,100,13178,10683,12178,24.1,74,270,NONE,19.4,8.74,260,9,NORMAL,MUCH ABOVE
2026081806,KOTX,2026-08-18T06:00Z,931,7,13225,10960,12225,19.2,94,258,NONE,22.1,9.34,217,10,NORMAL,NORMAL
2026081818,KOTX,2026-08-18T18:00Z,933,100,13111,11799,12111,25.1,156,262,NONE,19.4,8.45,255,11,NORMAL,MUCH ABOVE
2026081906,KOTX,2026-08-19T06:00Z,931,6,15164,12064,14164,23.6,96,283,NONE,21.8,8.90,354,6,MUCH ABOVE,ABOVE
2026081918,KOTX,2026-08-19T18:00Z,933,100,14795,12288,13795,23.5,111,234,NONE,19.0,7.59,220,10,ABOVE,ABOVE
2026082006,KOTX,2026-08-20T06:00Z,930,6,14865,11780,13865,13.3,59,240,NONE,21.1,6.62,250,10,ABOVE,NORMAL
2026082018,KOTX,2026-08-20T18:00Z,932,7,14672,10191,13672,13.6,94,247,NONE,20.1,6.22,235,16,ABOVE,NORMAL
2026082106,KOTX,2026-08-21T06:00Z,931,6,15535,11803,14535,12.8,67,250,NONE,24.3,7.68,243,16,MUCH ABOVE,BELOW
2026082118,KOTX,2026-08-21T18:00Z,934,100,15324,13089,14324,18.4,86,251,NONE,23.2,7.13,315,12,MUCH ABOVE,NORMAL
2026082206,KOTX,2026-08-22T06:00Z,930,4,15171,13027,14171,20.1,78,194,NONE,28.3,9.15,204,7,MUCH ABOVE,ABOVE
2026082218,KOTX,2026-08-22T18:00Z,930,100,14344,12809,13344,23.6,108,219,NONE,24.0,8.72,265,13,ABOVE,MUCH ABOVE
2026082300,KOTX,2026-08-23T00:00Z,929,6,13822,12825,12822,25.2,196,185,NONE,23.4,8.72,180,21,NORMAL,MUCH ABOVE
2026082306,KOTX,2026-08-23T06:00Z,928,13,13717,12644,12717,23.0,187,206,NONE,21.6,8.41,158,16,NORMAL,ABOVE
2026082318,KOTX,2026-08-23T18:00Z,933,100,11229,9614,10229,17.0,186,224,NONE,9.6,4.38,230,24,NORMAL,NORMAL
2026082406,KOTX,2026-08-24T06:00Z,933,6,13215,10667,12215,18.3,82,276,NONE,15.7,7.34,327,6,NORMAL,NORMAL
2026082418,KOTX,2026-08-24T18:00Z,936,100,13590,9941,12590,17.0,14,296,NONE,14.8,5.59,30,3,NORMAL,NORMAL
2026082506,KOTX,2026-08-25T06:00Z,933,6,14295,10663,13295,14.3,25,109,NONE,19.9,6.85,179,8,ABOVE,NORMAL
2026082518,KOTX,2026-08-25T18:00Z,934,100,13714,10765,12714,15.2,41,220,NONE,20.8,7.69,210,8,NORMAL,NORMAL
2026082606,KOTX,2026-08-26T06:00Z,931,6,13970,13203,12970,19.1,113,209,NONE,24.2,8.96,231,17,ABOVE,NORMAL
2026082618,KOTX,2026-08-26T18:00Z,932,100,14055,12939,13055,22.2,200,173,NONE,21.0,6.54,175,24,ABOVE,ABOVE
2026082706,KOTX,2026-08-27T06:00Z,930,5,14170,11508,13170,16.4,201,224,NONE,21.3,6.69,227,34,ABOVE,NORMAL
2026082718,KOTX,2026-08-27T18:00Z,931,100,13415,11287,12415,19.6,197,214,NONE,16.2,5.67,210,26,NORMAL,ABOVE
2026082806,KOTX,2026-08-28T06:00Z,930,9,12992,9469,11992,16.1,216,241,NONE,16.4,6.87,233,27,NORMAL,NORMAL
2026082818,KOTX,2026-08-28T18:00Z,932,100,12422,8587,11422,14.4,145,235,NONE,11.6,5.38,225,19,NORMAL,NORMAL
2026082906,KOTX,2026-08-29T06:00Z,928,5,12372,9076,11372,11.6,88,229,NONE,15.7,7.08,246,21,NORMAL,BELOW
2026082918,KOTX,2026-08-29T18:00Z,929,19,9341,7490,8341,16.1,210,202,NONE,8.3,5.72,206,21,BELOW,NORMAL
2026083006,KOTX,2026-08-30T06:00Z,931,6,8632,7654,7632,15.9,131,285,NONE,8.1,7.45,272,12,MUCH BELOW,NORMAL
2026083018,KOTX,2026-08-30T18:00Z,934,100,8980,7129,7980,13.8,101,271,NONE,7.2,6.18,260,14,BELOW,NORMAL
2026083106,KOTX,2026-08-31T06:00Z,932,5,12323,9286,11323,18.4,90,299,NONE,11.6,5.02,308,12,NORMAL,NORMAL
2026083118,KOTX,2026-08-31T18:00Z,932,100,12444,9496,11444,16.1,38,241,NONE,12.0,4.50,230,3,NORMAL,NORMAL
2026090106,KOTX,2026-09-01T06:00Z,926,5,13422,9706,12422,14.4,50,215,NONE,19.0,7.49,245,12,NORMAL,NORMAL
2026090118,KOTX,2026-09-01T18:00Z,924,7,13142,10685,12142,15.8,99,172,NONE,20.6,7.57,190,15,NORMAL,NORMAL
2026090206,KOTX,2026-09-02T06:00Z,923,5,12234,10093,11234,17.4,134,189,NONE,17.9,7.63,218,19,NORMAL,NORMAL
2026090218,KOTX,2026-09-02T18:00Z,926,7,10326,9590,9326,20.8,170,189,NONE,10.6,6.03,190,18,NORMAL,ABOVE
2026090306,KOTX,2026-09-03T06:00Z,925,5,9639,9008,8639,20.9,278,197,WEAK,8.3,5.70,182,34,BELOW,ABOVE
2026090318,KOTX,2026-09-03T18:00Z,928,100,7396,6382,6396,10.0,105,210,NONE,5.2,5.07,205,21,MUCH BELOW,MUCH BELOW
2026090406,KOTX,2026-09-04T06:00Z,926,7,7881,7152,6881,16.9,54,142,NONE,8.8,8.23,30,8,MUCH BELOW,NORMAL
2026090418,KOTX,2026-09-04T18:00Z,931,100,7348,6821,6348,14.7,41,215,NONE,5.6,6.48,190,6,MUCH BELOW,NORMAL
2026090506,KOTX,2026-09-05T06:00Z,932,7,8527,7410,7527,13.8,14,129,NONE,8.8,7.90,208,3,BELOW,NORMAL
2026090518,KOTX,2026-09-05T18:00Z,934,7,8724,7849,7724,15.4,56,173,NONE,8.8,7.64,155,10,BELOW,NORMAL
2026090606,KOTX,2026-09-06T06:00Z,933,8,9941,7995,8941,14.4,81,195,NONE,11.3,7.38,205,19,NORMAL,NORMAL
2026090618,KOTX,2026-09-06T18:00Z,930,100,10569,9210,9569,18.3,52,111,NONE,11.6,6.64,140,7,NORMAL,ABOVE
2026090706,KOTX,2026-09-07T06:00Z,930,7,9413,8638,8413,20.4,33,203,NONE,9.0,6.52,222,6,BELOW,ABOVE
2026090718,KOTX,2026-09-07T18:00Z,933,100,8687,8247,7687,19.6,127,299,NONE,7.6,6.19,330,11,BELOW,ABOVE
2026090806,KOTX,2026-09-08T06:00Z,936,8,8780,8237,7780,20.4,124,271,NONE,9.2,7.31,255,21,BELOW,ABOVE
2026090818,KOTX,2026-09-08T18:00Z,940,100,10185,9564,9185,19.6,51,339,NONE,8.4,5.38,5,14,NORMAL,ABOVE
2026090906,KOTX,2026-09-09T06:00Z,940,9,11194,9635,10194,15.6,36,268,NONE,12.5,6.82,339,17,NORMAL,NORMAL
2026090918,KOTX,2026-09-09T18:00Z,941,100,13099,9031,12099,18.9,100,293,NONE,12.0,4.75,315,18,NORMAL,ABOVE
2026091006,KOTX,2026-09-10T06:00Z,934,8,14685,12734,13685,21.0,211,261,NONE,16.2,5.23,281,15,ABOVE,ABOVE
2026091018,KOTX,2026-09-10T18:00Z,929,100,13035,10841,12035,22.0,299,252,WEAK,14.8,6.45,265,29,NORMAL,MUCH ABOVE
2026091106,KOTX,2026-09-11T06:00Z,925,7,10997,9415,9997,14.3,67,287,NONE,14.9,8.30,211,6,NORMAL,NORMAL
2026091118,KOTX,2026-09-11T18:00Z,930,100,9319,7641,8319,11.5,27,252,NONE,10.4,7.88,250,5,NORMAL,BELOW
2026091206,KOTX,2026-09-12T06:00Z,929,7,10633,7927,9633,10.8,6,207,NONE,12.5,7.11,130,10,NORMAL,BELOW
2026091218,KOTX,2026-09-12T18:00Z,930,100,11206,7163,10206,12.9,43,258,NONE,12.2,6.52,190,8,NORMAL,NORMAL
2026091306,KOTX,2026-09-13T06:00Z,924,7,11919,10300,10919,18.0,138,120,NONE,14.8,6.06,151,17,NORMAL,ABOVE
2026091318,KOTX,2026-09-13T18:00Z,929,100,7258,6955,6258,15.6,139,202,NONE,4.6,5.72,200,19,MUCH BELOW,NORMAL
2026091406,KOTX,2026-09-14T06:00Z,931,10,7326,6561,6326,14.8,43,286,NONE,3.9,3.92,323,8,MUCH BELOW,NORMAL
2026091418,KOTX,2026-09-14T18:00Z,935,100,9126,8059,8126,16.5,97,306,NONE,4.8,4.65,340,16,NORMAL,NORMAL
2026091506,KOTX,2026-09-15T06:00Z,934,6,9577,8001,8577,17.1,51,217,NONE,9.1,6.47,325,2,NORMAL,NORMAL
2026091518,KOTX,2026-09-15T18:00Z,933,100,9416,7723,8416,18.0,72,192,NONE,9.0,6.66,200,11,NORMAL,ABOVE
2026091606,KOTX,2026-09-16T06:00Z,933,100,9080,8244,8080,19.8,13,64,NONE,9.6,7.17,220,8,NORMAL,ABOVE
2026091618,KOTX,2026-09-16T18:00Z,937,100,11225,9234,10225,15.0,64,66,NONE,10.2,5.28,225,4,NORMAL,NORMAL
2026091706,KOTX,2026-09-17T06:00Z,935,8,13281,10312,12281,13.0,15,13,NONE,14.7,5.00,243,13,NORMAL,NORMAL
2026091718,KOTX,2026-09-17T18:00Z,934,9,13091,10399,12091,14.3,15,31,NONE,16.2,5.97,220,6,NORMAL,NORMAL
2026091806,KOTX,2026-09-18T06:00Z,933,6,12549,9435,11549,14.9,26,229,NONE,16.6,6.54,272,7,NORMAL,NORMAL
2026091818,KOTX,2026-09-18T18:00Z,936,100,11743,10089,10743,16.2,9,138,NONE,13.4,6.09,255,7,NORMAL,NORMAL
2026091906,KOTX,2026-09-19T06:00Z,935,7,12142,10156,11142,16.9,49,2,NONE,16.2,7.06,23,5,NORMAL,NORMAL
2026091918,KOTX,2026-09-19T18:00Z,936,6,12425,8711,11425,13.6,11,27,NONE,14.6,6.35,330,4,NORMAL,NORMAL
2026092006,KOTX,2026-09-20T06:00Z,934,5,13419,9002,12419,15.9,30,268,NONE,16.0,7.01,243,5,ABOVE,NORMAL
2026092018,KOTX,2026-09-20T18:00Z,936,100,13384,9393,12384,15.8,3,193,NONE,14.4,5.96,275,11,ABOVE,NORMAL
2026092106,KOTX,2026-09-21T06:00Z,933,6,13402,9463,12402,15.0,29,168,NONE,17.7,6.04,240,4,ABOVE,NORMAL
2026092118,KOTX,2026-09-21T18:00Z,932,100,13206,9925,12206,16.9,71,196,NONE,16.2,5.69,235,11,ABOVE,NORMAL
2026092206,KOTX,2026-09-22T06:00Z,928,6,12513,10617,11513,17.6,102,225,NONE,19.2,8.97,242,14,NORMAL,ABOVE
2026092218,KOTX,2026-09-22T18:00Z,930,100,12078,10466,11078,16.9,121,228,NONE,15.2,7.06,220,22,NORMAL,NORMAL
2026092306,KOTX,2026-09-23T06:00Z,930,6,12131,8174,11131,9.7,80,233,NONE,14.2,6.22,234,17,NORMAL,BELOW
2026092318,KOTX,2026-09-23T18:00Z,935,7,10932,8773,9932,15.4,143,225,NONE,9.6,5.16,230,26,NORMAL,NORMAL
2026092406,KOTX,2026-09-24T06:00Z,933,10,11496,8526,10496,16.0,151,227,NONE,11.9,5.76,223,23,NORMAL,NORMAL
2026092418,KOTX,2026-09-24T18:00Z,932,7,12756,10390,11756,18.8,193,209,NONE,13.4,5.72,209,29,NORMAL,ABOVE
2026092506,KOTX,2026-09-25T06:00Z,924,6,12907,11341,11907,22.4,271,194,WEAK,18.6,6.68,193,38,NORMAL,MUCH ABOVE
2026092518,KOTX,2026-09-25T18:00Z,928,100,7704,7251,6704,20.4,389,203,WEAK,5.8,5.06,225,37,BELOW,MUCH ABOVE
2026092606,KOTX,2026-09-26T06:00Z,931,7,7943,6243,6943,12.5,202,240,NONE,5.7,6.29,250,18,BELOW,NORMAL
2026092618,KOTX,2026-09-26T18:00Z,936,100,6681,4632,5681,9.3,39,247,NONE,2.6,6.28,295,3,MUCH BELOW,BELOW
2026092706,KOTX,2026-09-27T06:00Z,936,7,7362,6336,6362,9.8,9,353,NONE,6.3,5.72,296,10,BELOW,BELOW
2026092718,KOTX,2026-09-27T18:00Z,935,100,9621,5504,8621,8.1,4,124,NONE,5.2,3.76,230,4,NORMAL,MUCH BELOW
2026092806,KOTX,2026-09-28T06:00Z,931,7,9823,6103,8823,8.6,27,297,NONE,8.7,5.89,274,15,NORMAL,BELOW
2026092818,KOTX,2026-09-28T18:00Z,933,10,8888,6623,7888,11.5,65,278,NONE,7.4,3.95,265,18,NORMAL,NORMAL
2026092906,KOTX,2026-09-29T06:00Z,929,7,12477,7765,11477,18.4,253,271,WEAK,10.7,6.63,266,29,NORMAL,ABOVE
2026092918,KOTX,2026-09-29T18:00Z,929,100,11246,10725,10246,25.8,462,262,WEAK,9.6,4.79,260,35,NORMAL,MUCH ABOVE
2026093006,KOTX,2026-09-30T06:00Z,927,7,11837,10585,10837,25.8,459,262,WEAK,11.9,5.19,265,26,NORMAL,MUCH ABOVE
2026093018,KOTX,2026-09-30T18:00Z,933,10,9967,7615,8967,16.5,162,285,NONE,7.5,4.96,284,20,NORMAL,NORMAL
2026100106,KOTX,2026-10-01T06:00Z,934,7,10968,7039,9968,13.0,134,291,NONE,9.3,5.25,287,14,NORMAL,NORMAL
2026100118,KOTX,2026-10-01T18:00Z,937,6,10292,7008,9292,17.3,168,279,NONE,9.3,5.83,257,14,NORMAL,ABOVE
2026100206,KOTX,2026-10-02T06:00Z,934,6,12391,11186,11391,20.3,152,255,NONE,11.6,4.74,257,24,NORMAL,MUCH ABOVE
2026100218,KOTX,2026-10-02T18:00Z,934,7,12031,8934,11031,17.0,158,260,NONE,11.2,5.00,269,24,NORMAL,ABOVE
2026100306,KOTX,2026-10-03T06:00Z,935,6,12986,9303,11986,15.8,92,300,NONE,13.7,5.76,273,15,ABOVE,NORMAL
2026100318,KOTX,2026-10-03T18:00Z,938,100,13730,8924,12730,17.3,26,255,NONE,12.2,4.12,265,4,ABOVE,ABOVE
2026100418,KOTX,2026-10-04T18:00Z,936,100,14883,10972,13883,16.2,81,216,NONE,16.0,5.53,225,23,MUCH ABOVE,NORMAL
